timestamp,hour,day_of_week,month,is_weekend,ambient_temp,production_units,renewable_share,energy_kwh,lag_1h,lag_24h,rolling_mean_24h
2025-01-01 00:00:00,0,2,1,0,7.94,136.2,25.0,2058.38,2058.38,2058.38,2058.38
2025-01-01 01:00:00,1,2,1,0,10.78,120.9,25.0,2020.43,2058.38,2058.38,2058.38
2025-01-01 02:00:00,2,2,1,0,7.13,111.4,25.0,1926.24,2020.43,2058.38,2039.4050000000002
2025-01-01 03:00:00,3,2,1,0,8.77,122.8,25.0,1907.09,1926.24,2058.38,2001.6833333333334
2025-01-01 04:00:00,4,2,1,0,10.83,140.2,25.0,1990.72,1907.09,2058.38,1978.035
2025-01-01 05:00:00,5,2,1,0,10.15,119.8,25.0,1917.95,1990.72,2058.38,1980.5720000000001
2025-01-01 06:00:00,6,2,1,0,13.06,141.9,25.0,2092.61,1917.95,2058.38,1970.135
2025-01-01 07:00:00,7,2,1,0,16.08,146.0,32.8,2086.18,2092.61,2058.38,1987.6314285714286
2025-01-01 08:00:00,8,2,1,0,19.1,328.6,40.2,4344.13,2086.18,2058.38,1999.95
2025-01-01 09:00:00,9,2,1,0,22.2,287.8,46.8,4229.84,4344.13,2058.38,2260.4144444444446
2025-01-01 10:00:00,10,2,1,0,25.2,289.8,52.4,4175.24,4229.84,2058.38,2457.357
2025-01-01 11:00:00,11,2,1,0,29.72,352.7,56.5,4441.24,4175.24,2058.38,2613.5281818181816
2025-01-01 12:00:00,12,2,1,0,34.56,304.9,59.1,4455.35,4441.24,2058.38,2765.8375
2025-01-01 13:00:00,13,2,1,0,32.7,294.8,60.0,4337.29,4455.35,2058.38,2895.8
2025-01-01 14:00:00,14,2,1,0,30.49,287.1,59.1,4189.21,4337.29,2058.38,2998.7635714285716
2025-01-01 15:00:00,15,2,1,0,30.9,301.7,56.5,4371.06,4189.21,2058.38,3078.1266666666666
2025-01-01 16:00:00,16,2,1,0,28.7,302.5,52.4,4292.79,4371.06,2058.38,3158.935
2025-01-01 17:00:00,17,2,1,0,27.47,274.2,46.8,3548.65,4292.79,2058.38,3225.6323529411766
2025-01-01 18:00:00,18,2,1,0,26.87,210.4,40.2,3308.14,3548.65,2058.38,3243.577777777778
2025-01-01 19:00:00,19,2,1,0,21.85,268.3,32.8,3422.5,3308.14,2058.38,3246.9757894736845
2025-01-01 20:00:00,20,2,1,0,17.74,279.0,25.0,3526.67,3422.5,2058.38,3255.752
2025-01-01 21:00:00,21,2,1,0,15.23,215.1,25.0,3180.29,3526.67,2058.38,3268.6528571428576
2025-01-01 22:00:00,22,2,1,0,15.25,268.4,25.0,3449.95,3180.29,2058.38,3264.6363636363635
2025-01-01 23:00:00,23,2,1,0,12.06,143.1,25.0,2040.98,3449.95,2058.38,3272.6934782608696
2025-01-02 00:00:00,0,3,1,0,11.85,163.3,25.0,2161.99,2040.98,2058.38,3221.372083333333
2025-01-02 01:00:00,1,3,1,0,4.48,144.6,25.0,2112.74,2161.99,2020.43,3225.6891666666666
2025-01-02 02:00:00,2,3,1,0,5.87,111.8,25.0,1998.07,2112.74,1926.24,3229.535416666667
2025-01-02 03:00:00,3,3,1,0,8.08,145.6,25.0,2095.75,1998.07,1907.09,3232.528333333333
2025-01-02 04:00:00,4,3,1,0,8.42,138.7,25.0,2087.03,2095.75,1990.72,3240.3891666666664
2025-01-02 05:00:00,5,3,1,0,10.3,115.4,25.0,1942.3,2087.03,1917.95,3244.402083333333
2025-01-02 06:00:00,6,3,1,0,14.75,175.1,25.0,2243.82,1942.3,2092.61,3245.4166666666665
2025-01-02 07:00:00,7,3,1,0,16.1,171.0,32.8,2199.31,2243.82,2086.18,3251.7170833333334
2025-01-02 08:00:00,8,3,1,0,22.06,351.4,40.2,4396.04,2199.31,4344.13,3256.4308333333333
2025-01-02 09:00:00,9,3,1,0,22.05,351.7,46.8,4374.47,4396.04,4229.84,3258.59375
2025-01-02 10:00:00,10,3,1,0,27.91,298.2,52.4,4243.35,4374.47,4175.24,3264.6200000000003
2025-01-02 11:00:00,11,3,1,0,28.49,348.9,56.5,4448.78,4243.35,4441.24,3267.4579166666667
2025-01-02 12:00:00,12,3,1,0,29.8,313.4,59.1,4335.06,4448.78,4455.35,3267.7720833333333
2025-01-02 13:00:00,13,3,1,0,31.35,307.0,60.0,4369.9,4335.06,4337.29,3262.76
2025-01-02 14:00:00,14,3,1,0,30.59,321.5,59.1,4456.23,4369.9,4189.21,3264.1187499999996
2025-01-02 15:00:00,15,3,1,0,28.71,357.7,56.5,4495.86,4456.23,4371.06,3275.2445833333336
2025-01-02 16:00:00,16,3,1,0,30.55,302.8,52.4,4301.75,4495.86,4292.79,3280.4445833333334
2025-01-02 17:00:00,17,3,1,0,28.2,250.2,46.8,3456.73,4301.75,3548.65,3280.817916666667
2025-01-02 18:00:00,18,3,1,0,26.51,221.6,40.2,3303.69,3456.73,3308.14,3276.987916666667
2025-01-02 19:00:00,19,3,1,0,24.82,229.4,32.8,3336.98,3303.69,3422.5,3276.8025000000002
2025-01-02 20:00:00,20,3,1,0,18.8,229.0,25.0,3349.32,3336.98,3526.67,3273.2391666666667
2025-01-02 21:00:00,21,3,1,0,17.77,260.6,25.0,3505.59,3349.32,3180.29,3265.849583333333
2025-01-02 22:00:00,22,3,1,0,13.26,217.2,25.0,3283.79,3505.59,3449.95,3279.40375
2025-01-02 23:00:00,23,3,1,0,11.66,123.1,25.0,1971.36,3283.79,2040.98,3272.4804166666668
2025-01-03 00:00:00,0,4,1,0,9.62,157.4,25.0,2108.18,1971.36,2161.99,3269.5795833333336
2025-01-03 01:00:00,1,4,1,0,6.82,125.9,25.0,2025.96,2108.18,2112.74,3267.3375
2025-01-03 02:00:00,2,4,1,0,8.93,158.4,25.0,2120.95,2025.96,1998.07,3263.7216666666664
2025-01-03 03:00:00,3,4,1,0,7.23,119.6,25.0,1966.49,2120.95,2095.75,3268.8416666666667
2025-01-03 04:00:00,4,4,1,0,9.07,174.7,25.0,2215.39,1966.49,2087.03,3263.4558333333334
2025-01-03 05:00:00,5,4,1,0,11.86,156.2,25.0,2178.78,2215.39,1942.3,3268.804166666667
2025-01-03 06:00:00,6,4,1,0,13.51,147.1,25.0,2076.02,2178.78,2243.82,3278.6575
2025-01-03 07:00:00,7,4,1,0,17.28,172.8,32.8,2218.24,2076.02,2199.31,3271.665833333333
2025-01-03 08:00:00,8,4,1,0,21.95,307.1,40.2,4180.84,2218.24,4396.04,3272.4545833333336
2025-01-03 09:00:00,9,4,1,0,23.48,351.8,46.8,4405.11,4180.84,4374.47,3263.487916666667
2025-01-03 10:00:00,10,4,1,0,26.34,331.4,52.4,4392.22,4405.11,4243.35,3264.7645833333336
2025-01-03 11:00:00,11,4,1,0,28.92,280.7,56.5,4176.1,4392.22,4448.78,3270.9675
2025-01-03 12:00:00,12,4,1,0,30.65,280.4,59.1,4183.36,4176.1,4335.06,3259.605833333333
2025-01-03 13:00:00,13,4,1,0,29.8,335.4,60.0,4461.16,4183.36,4369.9,3253.285
2025-01-03 14:00:00,14,4,1,0,30.87,337.0,59.1,4406.15,4461.16,4456.23,3257.0875
2025-01-03 15:00:00,15,4,1,0,33.04,339.7,56.5,4524.96,4406.15,4495.86,3255.000833333333
2025-01-03 16:00:00,16,4,1,0,29.09,332.6,52.4,4414.91,4524.96,4301.75,3256.213333333333
2025-01-03 17:00:00,17,4,1,0,27.15,239.4,46.8,3346.59,4414.91,3456.73,3260.9283333333333
2025-01-03 18:00:00,18,4,1,0,27.32,287.8,40.2,3559.54,3346.59,3303.69,3256.3391666666666
2025-01-03 19:00:00,19,4,1,0,23.13,260.5,32.8,3472.08,3559.54,3336.98,3266.999583333333
2025-01-03 20:00:00,20,4,1,0,17.89,256.2,25.0,3388.62,3472.08,3349.32,3272.62875
2025-01-03 21:00:00,21,4,1,0,15.29,267.8,25.0,3456.14,3388.62,3505.59,3274.26625
2025-01-03 22:00:00,22,4,1,0,13.81,285.2,25.0,3534.01,3456.14,3283.79,3272.2058333333334
2025-01-03 23:00:00,23,4,1,0,10.24,177.7,25.0,2133.36,3534.01,1971.36,3282.6316666666667
2025-01-04 00:00:00,0,5,1,1,8.22,54.0,7.5,945.49,2133.36,2108.18,3289.3816666666667
2025-01-04 01:00:00,1,5,1,1,8.67,42.3,7.5,941.17,945.49,2025.96,3240.93625
2025-01-04 02:00:00,2,5,1,1,8.35,42.8,7.5,889.45,941.17,2120.95,3195.736666666667
2025-01-04 03:00:00,3,5,1,1,8.5,59.6,7.5,938.25,889.45,1966.49,3144.424166666667
2025-01-04 04:00:00,4,5,1,1,10.92,55.1,7.5,1020.54,938.25,2215.39,3101.5808333333334
2025-01-04 05:00:00,5,5,1,1,9.45,48.1,7.5,903.78,1020.54,2178.78,3051.7954166666664
2025-01-04 06:00:00,6,5,1,1,14.46,52.4,7.5,973.8,903.78,2076.02,2998.6704166666664
2025-01-04 07:00:00,7,5,1,1,17.67,56.5,9.8,1151.39,973.8,2218.24,2952.744583333333
2025-01-04 08:00:00,8,5,1,1,22.0,51.9,12.1,1005.01,1151.39,4180.84,2908.2924999999996
2025-01-04 09:00:00,9,5,1,1,22.63,51.8,14.0,994.31,1005.01,4405.11,2775.96625
2025-01-04 10:00:00,10,5,1,1,26.25,35.0,15.7,898.23,994.31,4392.22,2633.849583333333
2025-01-04 11:00:00,11,5,1,1,31.96,21.4,17.0,903.87,898.23,4176.1,2488.266666666667
2025-01-04 12:00:00,12,5,1,1,29.77,31.5,17.7,990.23,903.87,4183.36,2351.92375
2025-01-04 13:00:00,13,5,1,1,30.88,21.5,18.0,1017.78,990.23,4461.16,2218.8766666666666
2025-01-04 14:00:00,14,5,1,1,34.34,25.1,17.7,1050.43,1017.78,4406.15,2075.4024999999997
2025-01-04 15:00:00,15,5,1,1,30.5,28.6,17.0,998.67,1050.43,4524.96,1935.5808333333332
2025-01-04 16:00:00,16,5,1,1,33.98,22.1,15.7,1109.57,998.67,4414.91,1788.6520833333334
2025-01-04 17:00:00,17,5,1,1,25.45,45.5,14.0,970.54,1109.57,3346.59,1650.9295833333335
2025-01-04 18:00:00,18,5,1,1,25.33,51.8,12.1,908.96,970.54,3559.54,1551.9275
2025-01-04 19:00:00,19,5,1,1,23.86,23.1,9.8,890.08,908.96,3472.08,1441.4866666666667
2025-01-04 20:00:00,20,5,1,1,19.5,36.4,7.5,887.06,890.08,3388.62,1333.9033333333334
2025-01-04 21:00:00,21,5,1,1,19.54,30.0,7.5,895.46,887.06,3456.14,1229.6716666666669
2025-01-04 22:00:00,22,5,1,1,14.57,46.4,7.5,1013.86,895.46,3534.01,1122.9766666666667
2025-01-04 23:00:00,23,5,1,1,9.24,44.5,7.5,910.39,1013.86,2133.36,1017.9704166666667
2025-01-05 00:00:00,0,6,1,1,9.25,34.2,7.5,977.55,910.39,945.49,967.0133333333333
2025-01-05 01:00:00,1,6,1,1,3.55,23.9,7.5,807.97,977.55,941.17,968.3491666666667
2025-01-05 02:00:00,2,6,1,1,5.01,26.9,7.5,807.02,807.97,889.45,962.7991666666667
2025-01-05 03:00:00,3,6,1,1,7.75,44.6,7.5,938.69,807.02,938.25,959.3645833333334
2025-01-05 04:00:00,4,6,1,1,9.7,35.0,7.5,1001.8,938.69,1020.54,959.3829166666666
2025-01-05 05:00:00,5,6,1,1,10.04,54.3,7.5,990.18,1001.8,903.78,958.6020833333333
2025-01-05 06:00:00,6,6,1,1,13.7,22.8,7.5,852.67,990.18,973.8,962.2020833333332
2025-01-05 07:00:00,7,6,1,1,17.06,43.4,9.8,958.03,852.67,1151.39,957.1549999999999
2025-01-05 08:00:00,8,6,1,1,19.08,35.5,12.1,993.21,958.03,1005.01,949.0983333333334
2025-01-05 09:00:00,9,6,1,1,22.88,41.8,14.0,948.61,993.21,994.31,948.6066666666667
2025-01-05 10:00:00,10,6,1,1,25.27,58.4,15.7,1017.51,948.61,898.23,946.7025
2025-01-05 11:00:00,11,6,1,1,27.6,32.8,17.0,990.74,1017.51,903.87,951.6725
2025-01-05 12:00:00,12,6,1,1,31.82,24.7,17.7,1063.29,990.74,990.23,955.2920833333334
2025-01-05 13:00:00,13,6,1,1,32.81,55.1,18.0,1159.5,1063.29,1017.78,958.33625
2025-01-05 14:00:00,14,6,1,1,32.83,31.3,17.7,1009.01,1159.5,1050.43,964.24125
2025-01-05 15:00:00,15,6,1,1,31.56,52.3,17.0,1103.19,1009.01,998.67,962.5154166666666
2025-01-05 16:00:00,16,6,1,1,29.39,34.9,15.7,1045.03,1103.19,1109.57,966.8704166666666
2025-01-05 17:00:00,17,6,1,1,28.16,57.2,14.0,1104.98,1045.03,970.54,964.1812500000001
2025-01-05 18:00:00,18,6,1,1,25.39,50.0,12.1,990.09,1104.98,908.96,969.7829166666667
2025-01-05 19:00:00,19,6,1,1,25.06,56.1,9.8,996.49,990.09,890.08,973.1633333333334
2025-01-05 20:00:00,20,6,1,1,19.64,32.8,7.5,926.28,996.49,887.06,977.5970833333332
2025-01-05 21:00:00,21,6,1,1,17.38,20.4,7.5,834.99,926.28,895.46,979.2312499999999
2025-01-05 22:00:00,22,6,1,1,16.87,58.0,7.5,1031.63,834.99,1013.86,976.7116666666666
2025-01-05 23:00:00,23,6,1,1,10.01,37.9,7.5,852.73,1031.63,910.39,977.4520833333332
2025-01-06 00:00:00,0,0,1,0,10.76,157.1,25.0,2153.31,852.73,977.55,975.0495833333333
2025-01-06 01:00:00,1,0,1,0,8.39,165.3,25.0,2114.06,2153.31,807.97,1024.0395833333334
2025-01-06 02:00:00,2,0,1,0,4.86,114.0,25.0,2039.38,2114.06,807.02,1078.4599999999998
2025-01-06 03:00:00,3,0,1,0,7.17,172.1,25.0,2166.07,2039.38,938.69,1129.8083333333332
2025-01-06 04:00:00,4,0,1,0,10.53,120.0,25.0,2043.54,2166.07,1001.8,1180.9491666666665
2025-01-06 05:00:00,5,0,1,0,11.88,117.1,25.0,1948.49,2043.54,990.18,1224.355
2025-01-06 06:00:00,6,0,1,0,14.84,115.1,25.0,2003.02,1948.49,852.67,1264.2845833333333
2025-01-06 07:00:00,7,0,1,0,14.72,115.7,32.8,1902.7,2003.02,958.03,1312.2158333333334
2025-01-06 08:00:00,8,0,1,0,19.0,345.0,40.2,4425.1,1902.7,993.21,1351.5770833333333
2025-01-06 09:00:00,9,0,1,0,23.57,286.7,46.8,4208.58,4425.1,948.61,1494.5725
2025-01-06 10:00:00,10,0,1,0,25.55,313.9,52.4,4273.4,4208.58,1017.51,1630.4045833333332
2025-01-06 11:00:00,11,0,1,0,28.97,317.5,56.5,4311.5,4273.4,990.74,1766.0666666666666
2025-01-06 12:00:00,12,0,1,0,31.13,339.7,59.1,4475.96,4311.5,1063.29,1904.4316666666666
2025-01-06 13:00:00,13,0,1,0,32.63,310.0,60.0,4367.98,4475.96,1159.5,2046.62625
2025-01-06 14:00:00,14,0,1,0,32.1,297.9,59.1,4374.91,4367.98,1009.01,2180.3129166666663
2025-01-06 15:00:00,15,0,1,0,31.74,359.4,56.5,4523.15,4374.91,1103.19,2320.5587499999997
2025-01-06 16:00:00,16,0,1,0,33.81,357.5,52.4,4606.26,4523.15,1045.03,2463.0570833333336
2025-01-06 17:00:00,17,0,1,0,31.72,265.7,46.8,3530.65,4606.26,1104.98,2611.441666666667
2025-01-06 18:00:00,18,0,1,0,25.83,256.7,40.2,3469.37,3530.65,990.09,2712.51125
2025-01-06 19:00:00,19,0,1,0,21.85,259.6,32.8,3376.35,3469.37,996.49,2815.8145833333333
2025-01-06 20:00:00,20,0,1,0,21.55,247.1,25.0,3274.31,3376.35,926.28,2914.9754166666667
2025-01-06 21:00:00,21,0,1,0,17.41,216.2,25.0,3322.86,3274.31,834.99,3012.81
2025-01-06 22:00:00,22,0,1,0,14.86,234.8,25.0,3352.57,3322.86,1031.63,3116.47125
2025-01-06 23:00:00,23,0,1,0,9.53,121.4,25.0,2070.07,3352.57,852.73,3213.1770833333335
2025-01-07 00:00:00,0,1,1,0,9.5,175.3,25.0,2179.81,2070.07,2153.31,3263.8995833333333
2025-01-07 01:00:00,1,1,1,0,5.84,166.7,25.0,2220.93,2179.81,2114.06,3265.00375
2025-01-07 02:00:00,2,1,1,0,8.41,177.9,25.0,2214.94,2220.93,2039.38,3269.4566666666665
2025-01-07 03:00:00,3,1,1,0,6.02,142.8,25.0,2042.1,2214.94,2166.07,3276.771666666666
2025-01-07 04:00:00,4,1,1,0,10.0,113.9,25.0,1973.0,2042.1,2043.54,3271.6062500000003
2025-01-07 05:00:00,5,1,1,0,11.52,180.0,25.0,2212.44,1973.0,1948.49,3268.6670833333337
2025-01-07 06:00:00,6,1,1,0,13.53,163.8,25.0,2076.99,2212.44,2003.02,3279.6650000000004
2025-01-07 07:00:00,7,1,1,0,17.07,119.0,32.8,2001.91,2076.99,1902.7,3282.747083333333
2025-01-07 08:00:00,8,1,1,0,21.59,298.3,40.2,4255.67,2001.91,4425.1,3286.880833333333
2025-01-07 09:00:00,9,1,1,0,23.6,308.7,46.8,4192.0,4255.67,4208.58,3279.8212499999995
2025-01-07 10:00:00,10,1,1,0,26.17,321.6,52.4,4383.88,4192.0,4273.4,3279.1304166666664
2025-01-07 11:00:00,11,1,1,0,31.58,348.2,56.5,4591.23,4383.88,4311.5,3283.73375
2025-01-07 12:00:00,12,1,1,0,28.86,350.1,59.1,4458.7,4591.23,4475.96,3295.3891666666664
2025-01-07 13:00:00,13,1,1,0,32.56,282.3,60.0,4341.2,4458.7,4367.98,3294.67
2025-01-07 14:00:00,14,1,1,0,31.35,336.3,59.1,4447.73,4341.2,4374.91,3293.5541666666663
2025-01-07 15:00:00,15,1,1,0,33.18,281.2,56.5,4207.3,4447.73,4523.15,3296.588333333333
2025-01-07 16:00:00,16,1,1,0,31.72,311.4,52.4,4368.86,4207.3,4606.26,3283.427916666667
2025-01-07 17:00:00,17,1,1,0,30.74,237.9,46.8,3445.3,4368.86,3530.65,3273.5362499999997
2025-01-07 18:00:00,18,1,1,0,27.47,241.7,40.2,3412.73,3445.3,3469.37,3269.9799999999996
2025-01-07 19:00:00,19,1,1,0,20.55,286.0,32.8,3500.95,3412.73,3376.35,3267.6200000000003
2025-01-07 20:00:00,20,1,1,0,19.99,246.7,25.0,3372.52,3500.95,3274.31,3272.8116666666665
2025-01-07 21:00:00,21,1,1,0,14.94,236.3,25.0,3344.88,3372.52,3322.86,3276.90375
2025-01-07 22:00:00,22,1,1,0,12.35,216.1,25.0,3259.81,3344.88,3352.57,3277.8212499999995
2025-01-07 23:00:00,23,1,1,0,11.42,134.2,25.0,2079.33,3259.81,2070.07,3273.9562499999997
2025-01-08 00:00:00,0,2,1,0,8.94,156.7,25.0,2100.57,2079.33,2179.81,3274.342083333333
2025-01-08 01:00:00,1,2,1,0,7.61,112.9,25.0,1919.59,2100.57,2220.93,3271.0404166666667
2025-01-08 02:00:00,2,2,1,0,5.85,122.4,25.0,1982.87,1919.59,2214.94,3258.4845833333334
2025-01-08 03:00:00,3,2,1,0,11.36,135.5,25.0,2042.88,1982.87,2042.1,3248.815
2025-01-08 04:00:00,4,2,1,0,10.38,112.8,25.0,2009.07,2042.88,1973.0,3248.8475
2025-01-08 05:00:00,5,2,1,0,11.35,115.7,25.0,1956.2,2009.07,2212.44,3250.3504166666667
2025-01-08 06:00:00,6,2,1,0,12.9,166.4,25.0,2184.93,1956.2,2076.99,3239.67375
2025-01-08 07:00:00,7,2,1,0,16.48,124.7,32.8,1896.5,2184.93,2001.91,3244.17125
2025-01-08 08:00:00,8,2,1,0,19.06,329.5,40.2,4206.1,1896.5,4255.67,3239.7791666666667
2025-01-08 09:00:00,9,2,1,0,23.97,339.8,46.8,4358.04,4206.1,4192.0,3237.7137500000003
2025-01-08 10:00:00,10,2,1,0,24.54,320.9,52.4,4285.68,4358.04,4383.88,3244.6320833333334
2025-01-08 11:00:00,11,2,1,0,26.08,315.8,56.5,4299.33,4285.68,4591.23,3240.5404166666667
2025-01-08 12:00:00,12,2,1,0,30.11,301.5,59.1,4306.51,4299.33,4458.7,3228.377916666667
2025-01-08 13:00:00,13,2,1,0,30.62,305.8,60.0,4285.22,4306.51,4341.2,3222.036666666667
2025-01-08 14:00:00,14,2,1,0,32.33,289.6,59.1,4344.08,4285.22,4447.73,3219.7041666666664
2025-01-08 15:00:00,15,2,1,0,31.58,334.3,56.5,4526.27,4344.08,4207.3,3215.3854166666665
2025-01-08 16:00:00,16,2,1,0,33.95,287.0,52.4,4368.05,4526.27,4368.86,3228.6758333333332
2025-01-08 17:00:00,17,2,1,0,26.93,269.6,46.8,3485.58,4368.05,3445.3,3228.6420833333336
2025-01-08 18:00:00,18,2,1,0,28.09,232.7,40.2,3315.82,3485.58,3412.73,3230.320416666667
2025-01-08 19:00:00,19,2,1,0,21.01,255.7,32.8,3413.65,3315.82,3500.95,3226.2825
2025-01-08 20:00:00,20,2,1,0,19.31,218.1,25.0,3217.57,3413.65,3372.52,3222.645
2025-01-08 21:00:00,21,2,1,0,16.01,222.9,25.0,3224.77,3217.57,3344.88,3216.18875
2025-01-08 22:00:00,22,2,1,0,10.25,223.9,25.0,3298.31,3224.77,3259.81,3211.1841666666664
2025-01-08 23:00:00,23,2,1,0,11.16,178.8,25.0,2164.87,3298.31,2079.33,3212.788333333334
2025-01-09 00:00:00,0,3,1,0,9.96,177.9,25.0,2214.59,2164.87,2100.57,3216.3525000000004
2025-01-09 01:00:00,1,3,1,0,9.16,128.1,25.0,1969.01,2214.59,1919.59,3221.103333333333
2025-01-09 02:00:00,2,3,1,0,11.06,175.1,25.0,2264.5,1969.01,1982.87,3223.1625000000004
2025-01-09 03:00:00,3,3,1,0,7.41,129.6,25.0,2044.55,2264.5,2042.88,3234.8970833333333
2025-01-09 04:00:00,4,3,1,0,10.03,132.7,25.0,1907.16,2044.55,2009.07,3234.9666666666667
2025-01-09 05:00:00,5,3,1,0,11.9,127.0,25.0,1968.19,1907.16,1956.2,3230.720416666667
2025-01-09 06:00:00,6,3,1,0,12.29,130.2,25.0,2033.22,1968.19,2184.93,3231.22
2025-01-09 07:00:00,7,3,1,0,15.92,143.7,32.8,2074.52,2033.22,1896.5,3224.8987500000003
2025-01-09 08:00:00,8,3,1,0,19.1,306.9,40.2,4253.34,2074.52,4206.1,3232.3162500000003
2025-01-09 09:00:00,9,3,1,0,23.9,334.5,46.8,4388.85,4253.34,4358.04,3234.2845833333336
2025-01-09 10:00:00,10,3,1,0,23.34,317.7,52.4,4213.69,4388.85,4285.68,3235.568333333333
2025-01-09 11:00:00,11,3,1,0,29.04,354.4,56.5,4462.95,4213.69,4299.33,3232.56875
2025-01-09 12:00:00,12,3,1,0,31.12,355.1,59.1,4601.4,4462.95,4306.51,3239.3862499999996
2025-01-09 13:00:00,13,3,1,0,32.1,347.3,60.0,4499.94,4601.4,4285.22,3251.6733333333336
2025-01-09 14:00:00,14,3,1,0,31.52,296.1,59.1,4299.14,4499.94,4344.08,3260.6200000000003
2025-01-09 15:00:00,15,3,1,0,32.03,345.2,56.5,4602.29,4299.14,4526.27,3258.7475
2025-01-09 16:00:00,16,3,1,0,29.99,308.7,52.4,4376.29,4602.29,4368.05,3261.9149999999995
2025-01-09 17:00:00,17,3,1,0,25.43,275.3,46.8,3443.39,4376.29,3485.58,3262.2583333333337
2025-01-09 18:00:00,18,3,1,0,27.58,247.0,40.2,3381.89,3443.39,3315.82,3260.500416666667
2025-01-09 19:00:00,19,3,1,0,23.6,250.2,32.8,3357.77,3381.89,3413.65,3263.2533333333336
2025-01-09 20:00:00,20,3,1,0,21.34,240.7,25.0,3335.81,3357.77,3217.57,3260.9249999999997
2025-01-09 21:00:00,21,3,1,0,14.68,259.9,25.0,3456.04,3335.81,3224.77,3265.851666666667
2025-01-09 22:00:00,22,3,1,0,14.76,221.1,25.0,3313.27,3456.04,3298.31,3275.487916666667
2025-01-09 23:00:00,23,3,1,0,11.79,147.3,25.0,2097.47,3313.27,2164.87,3276.11125
2025-01-10 00:00:00,0,4,1,0,7.97,120.6,25.0,1947.98,2097.47,2214.59,3273.302916666667
2025-01-10 01:00:00,1,4,1,0,8.52,162.1,25.0,2120.8,1947.98,1969.01,3262.1941666666667
2025-01-10 02:00:00,2,4,1,0,7.48,163.4,25.0,2184.53,2120.8,2264.5,3268.5187499999997
2025-01-10 03:00:00,3,4,1,0,8.0,167.5,25.0,2118.81,2184.53,2044.55,3265.186666666667
2025-01-10 04:00:00,4,4,1,0,8.97,165.8,25.0,2131.61,2118.81,1907.16,3268.2808333333337
2025-01-10 05:00:00,5,4,1,0,12.82,160.6,25.0,2197.52,2131.61,1968.19,3277.632916666667
2025-01-10 06:00:00,6,4,1,0,11.55,158.6,25.0,2141.63,2197.52,2033.22,3287.1883333333335
2025-01-10 07:00:00,7,4,1,0,14.23,134.2,32.8,2103.68,2141.63,2074.52,3291.705416666666
2025-01-10 08:00:00,8,4,1,0,20.27,317.0,40.2,4376.21,2103.68,4253.34,3292.9204166666664
2025-01-10 09:00:00,9,4,1,0,23.27,328.9,46.8,4335.34,4376.21,4388.85,3298.0399999999995
2025-01-10 10:00:00,10,4,1,0,26.33,335.7,52.4,4390.33,4335.34,4213.69,3295.810416666667
2025-01-10 11:00:00,11,4,1,0,31.31,292.2,56.5,4355.27,4390.33,4462.95,3303.1704166666664
2025-01-10 12:00:00,12,4,1,0,30.67,313.9,59.1,4370.27,4355.27,4601.4,3298.68375
2025-01-10 13:00:00,13,4,1,0,30.11,354.0,60.0,4502.43,4370.27,4499.94,3289.0533333333333
2025-01-10 14:00:00,14,4,1,0,35.81,358.8,59.1,4652.31,4502.43,4299.14,3289.157083333333
2025-01-10 15:00:00,15,4,1,0,31.35,311.9,56.5,4351.26,4652.31,4602.29,3303.8725
2025-01-10 16:00:00,16,4,1,0,31.67,344.2,52.4,4394.51,4351.26,4376.29,3293.4129166666667
2025-01-10 17:00:00,17,4,1,0,26.55,283.6,46.8,3482.06,4394.51,3443.39,3294.172083333333
2025-01-10 18:00:00,18,4,1,0,23.75,269.0,40.2,3427.27,3482.06,3381.89,3295.7833333333333
2025-01-10 19:00:00,19,4,1,0,22.74,246.2,32.8,3340.07,3427.27,3357.77,3297.674166666666
2025-01-10 20:00:00,20,4,1,0,21.21,249.9,25.0,3359.23,3340.07,3335.81,3296.936666666667
2025-01-10 21:00:00,21,4,1,0,19.67,239.0,25.0,3375.66,3359.23,3456.04,3297.9125000000004
2025-01-10 22:00:00,22,4,1,0,12.47,211.0,25.0,3242.03,3375.66,3313.27,3294.5633333333335
2025-01-10 23:00:00,23,4,1,0,11.11,177.3,25.0,2150.25,3242.03,2097.47,3291.595
2025-01-11 00:00:00,0,5,1,1,9.61,23.4,7.5,859.29,2150.25,1947.98,3293.7941666666666
2025-01-11 01:00:00,1,5,1,1,8.43,43.8,7.5,928.61,859.29,2120.8,3248.432083333333
2025-01-11 02:00:00,2,5,1,1,7.83,28.4,7.5,878.08,928.61,2184.53,3198.7574999999997
2025-01-11 03:00:00,3,5,1,1,8.36,27.6,7.5,843.73,878.08,2118.81,3144.322083333333
2025-01-11 04:00:00,4,5,1,1,11.69,42.6,7.5,805.39,843.73,2131.61,3091.19375
2025-01-11 05:00:00,5,5,1,1,13.38,37.6,7.5,812.89,805.39,2197.52,3035.9345833333336
2025-01-11 06:00:00,6,5,1,1,14.43,26.2,7.5,851.33,812.89,2141.63,2978.241666666667
2025-01-11 07:00:00,7,5,1,1,14.78,57.8,9.8,948.01,851.33,2103.68,2924.4791666666665
2025-01-11 08:00:00,8,5,1,1,19.46,45.8,12.1,933.96,948.01,4376.21,2876.32625
2025-01-11 09:00:00,9,5,1,1,24.51,26.2,14.0,929.32,933.96,4335.34,2732.8991666666666
2025-01-11 10:00:00,10,5,1,1,24.94,21.1,15.7,827.52,929.32,4390.33,2590.981666666667
2025-01-11 11:00:00,11,5,1,1,27.7,46.9,17.0,1029.92,827.52,4355.27,2442.53125
2025-01-11 12:00:00,12,5,1,1,29.87,46.1,17.7,1033.7,1029.92,4370.27,2303.975
2025-01-11 13:00:00,13,5,1,1,32.66,29.7,18.0,1051.99,1033.7,4502.43,2164.95125
2025-01-11 14:00:00,14,5,1,1,34.47,53.2,17.7,1108.53,1051.99,4652.31,2021.1829166666666
2025-01-11 15:00:00,15,5,1,1,32.48,28.2,17.0,1009.08,1108.53,4351.26,1873.5254166666666
2025-01-11 16:00:00,16,5,1,1,27.89,20.5,15.7,990.56,1009.08,4394.51,1734.2679166666667
2025-01-11 17:00:00,17,5,1,1,27.7,55.7,14.0,1088.71,990.56,3482.06,1592.4366666666665
2025-01-11 18:00:00,18,5,1,1,27.97,30.4,12.1,871.27,1088.71,3427.27,1492.7137500000001
2025-01-11 19:00:00,19,5,1,1,21.19,30.7,9.8,958.91,871.27,3340.07,1386.21375
2025-01-11 20:00:00,20,5,1,1,17.37,42.1,7.5,898.59,958.91,3359.23,1286.99875
2025-01-11 21:00:00,21,5,1,1,16.08,57.9,7.5,1001.33,898.59,3375.66,1184.4720833333333
2025-01-11 22:00:00,22,5,1,1,15.46,54.7,7.5,969.81,1001.33,3242.03,1085.5416666666667
2025-01-11 23:00:00,23,5,1,1,10.97,52.0,7.5,958.22,969.81,2150.25,990.8658333333333
2025-01-12 00:00:00,0,6,1,1,12.84,30.7,7.5,910.29,958.22,859.29,941.1979166666666
2025-01-12 01:00:00,1,6,1,1,8.67,30.3,7.5,870.12,910.29,928.61,943.3229166666666
2025-01-12 02:00:00,2,6,1,1,6.07,59.4,7.5,993.37,870.12,878.08,940.8858333333334
2025-01-12 03:00:00,3,6,1,1,8.7,30.9,7.5,836.56,993.37,843.73,945.6895833333333
2025-01-12 04:00:00,4,6,1,1,12.62,31.0,7.5,913.15,836.56,805.39,945.3908333333334
2025-01-12 05:00:00,5,6,1,1,11.9,53.2,7.5,1009.54,913.15,812.89,949.8808333333333
2025-01-12 06:00:00,6,6,1,1,12.49,44.0,7.5,953.44,1009.54,851.33,958.0745833333334
2025-01-12 07:00:00,7,6,1,1,14.13,56.6,9.8,920.61,953.44,948.01,962.3291666666665
2025-01-12 08:00:00,8,6,1,1,19.48,40.8,12.1,927.01,920.61,933.96,961.1875
2025-01-12 09:00:00,9,6,1,1,22.19,44.1,14.0,867.58,927.01,929.32,960.8979166666668
2025-01-12 10:00:00,10,6,1,1,28.01,31.5,15.7,915.53,867.58,827.52,958.3254166666667
2025-01-12 11:00:00,11,6,1,1,27.06,31.9,17.0,1057.92,915.53,1029.92,961.9925
2025-01-12 12:00:00,12,6,1,1,30.54,46.5,17.7,1065.77,1057.92,1033.7,963.1591666666667
2025-01-12 13:00:00,13,6,1,1,30.73,28.6,18.0,998.46,1065.77,1051.99,964.4954166666666
2025-01-12 14:00:00,14,6,1,1,29.47,39.9,17.7,1057.45,998.46,1108.53,962.265
2025-01-12 15:00:00,15,6,1,1,31.54,50.8,17.0,1171.76,1057.45,1009.08,960.1366666666667
2025-01-12 16:00:00,16,6,1,1,28.06,47.5,15.7,998.82,1171.76,990.56,966.915
2025-01-12 17:00:00,17,6,1,1,29.43,52.8,14.0,1105.28,998.82,1088.71,967.2591666666666
2025-01-12 18:00:00,18,6,1,1,23.36,30.9,12.1,932.05,1105.28,871.27,967.9495833333334
2025-01-12 19:00:00,19,6,1,1,22.99,23.7,9.8,881.05,932.05,958.91,970.4820833333333
2025-01-12 20:00:00,20,6,1,1,21.6,27.4,7.5,872.72,881.05,898.59,967.2379166666666
2025-01-12 21:00:00,21,6,1,1,17.73,49.3,7.5,999.13,872.72,1001.33,966.16
2025-01-12 22:00:00,22,6,1,1,13.32,47.7,7.5,972.91,999.13,969.81,966.0683333333335
2025-01-12 23:00:00,23,6,1,1,12.16,39.6,7.5,922.94,972.91,958.22,966.1975000000001
2025-01-13 00:00:00,0,0,1,0,10.84,122.6,25.0,1998.46,922.94,910.29,964.7275
2025-01-13 01:00:00,1,0,1,0,6.79,112.4,25.0,2000.82,1998.46,870.12,1010.0679166666667
2025-01-13 02:00:00,2,0,1,0,9.69,174.7,25.0,2186.67,2000.82,993.37,1057.1804166666666
2025-01-13 03:00:00,3,0,1,0,9.82,169.1,25.0,2145.83,2186.67,836.56,1106.9012500000001
2025-01-13 04:00:00,4,0,1,0,7.5,112.6,25.0,1976.79,2145.83,913.15,1161.4541666666667
2025-01-13 05:00:00,5,0,1,0,11.85,118.4,25.0,1954.93,1976.79,1009.54,1205.7725
2025-01-13 06:00:00,6,0,1,0,13.61,133.8,25.0,2040.88,1954.93,953.44,1245.16375
2025-01-13 07:00:00,7,0,1,0,19.06,132.1,32.8,2037.11,2040.88,920.61,1290.47375
2025-01-13 08:00:00,8,0,1,0,21.3,305.5,40.2,4226.44,2037.11,927.01,1336.9945833333334
2025-01-13 09:00:00,9,0,1,0,23.23,329.3,46.8,4351.97,4226.44,867.58,1474.470833333333
2025-01-13 10:00:00,10,0,1,0,27.83,355.1,52.4,4440.55,4351.97,915.53,1619.6537499999997
2025-01-13 11:00:00,11,0,1,0,31.93,312.2,56.5,4365.46,4440.55,1057.92,1766.5295833333332
2025-01-13 12:00:00,12,0,1,0,27.87,349.9,59.1,4372.91,4365.46,1065.77,1904.34375
2025-01-13 13:00:00,13,0,1,0,30.96,339.0,60.0,4453.64,4372.91,998.46,2042.14125
2025-01-13 14:00:00,14,0,1,0,30.49,308.4,59.1,4294.15,4453.64,1057.45,2186.1070833333333
2025-01-13 15:00:00,15,0,1,0,31.54,298.7,56.5,4334.06,4294.15,1171.76,2320.969583333333
2025-01-13 16:00:00,16,0,1,0,28.79,310.7,52.4,4350.51,4334.06,998.82,2452.7320833333333
2025-01-13 17:00:00,17,0,1,0,29.96,286.0,46.8,3601.27,4350.51,1105.28,2592.3858333333333
2025-01-13 18:00:00,18,0,1,0,29.46,285.6,40.2,3570.49,3601.27,932.05,2696.3854166666665
2025-01-13 19:00:00,19,0,1,0,23.36,223.4,32.8,3287.74,3570.49,881.05,2806.320416666667
2025-01-13 20:00:00,20,0,1,0,17.65,258.6,25.0,3402.88,3287.74,872.72,2906.599166666667
2025-01-13 21:00:00,21,0,1,0,15.96,224.1,25.0,3243.47,3402.88,999.13,3012.0224999999996
2025-01-13 22:00:00,22,0,1,0,13.26,272.4,25.0,3444.23,3243.47,972.91,3105.5366666666664
2025-01-13 23:00:00,23,0,1,0,13.65,177.8,25.0,2176.5,3444.23,922.94,3208.5083333333337
2025-01-14 00:00:00,0,1,1,0,10.12,158.7,25.0,2112.6,2176.5,1998.46,3260.7400000000002
2025-01-14 01:00:00,1,1,1,0,8.71,125.7,25.0,1935.89,2112.6,2000.82,3265.495833333333
2025-01-14 02:00:00,2,1,1,0,6.74,151.5,25.0,2109.53,1935.89,2186.67,3262.7904166666667
2025-01-14 03:00:00,3,1,1,0,7.49,171.4,25.0,2160.36,2109.53,2145.83,3259.57625
2025-01-14 04:00:00,4,1,1,0,10.42,172.2,25.0,2229.57,2160.36,1976.79,3260.181666666667
2025-01-14 05:00:00,5,1,1,0,11.25,148.6,25.0,2055.0,2229.57,1954.93,3270.7141666666666
2025-01-14 06:00:00,6,1,1,0,15.33,136.1,25.0,2000.75,2055.0,2040.88,3274.8837500000004
2025-01-14 07:00:00,7,1,1,0,16.12,144.7,32.8,2086.37,2000.75,2037.11,3273.2116666666666
2025-01-14 08:00:00,8,1,1,0,14.78,348.1,40.2,4336.41,2086.37,4226.44,3275.2641666666664
2025-01-14 09:00:00,9,1,1,0,22.37,327.4,46.8,4343.88,4336.41,4351.97,3279.84625
2025-01-14 10:00:00,10,1,1,0,23.54,334.2,52.4,4343.73,4343.88,4440.55,3279.5091666666667
2025-01-14 11:00:00,11,1,1,0,29.37,350.3,56.5,4530.48,4343.73,4365.46,3275.4750000000004
2025-01-14 12:00:00,12,1,1,0,31.0,348.0,59.1,4533.57,4530.48,4372.91,3282.3508333333334
2025-01-14 13:00:00,13,1,1,0,33.19,347.0,60.0,4589.31,4533.57,4453.64,3289.045
2025-01-14 14:00:00,14,1,1,0,31.03,329.5,59.1,4452.95,4589.31,4294.15,3294.6979166666665
2025-01-14 15:00:00,15,1,1,0,31.34,350.5,56.5,4523.31,4452.95,4334.06,3301.3145833333333
2025-01-14 16:00:00,16,1,1,0,29.36,306.8,52.4,4337.39,4523.31,4350.51,3309.2000000000003
2025-01-14 17:00:00,17,1,1,0,28.53,275.4,46.8,3602.5,4337.39,3601.27,3308.653333333333
2025-01-14 18:00:00,18,1,1,0,27.23,210.5,40.2,3207.8,3602.5,3570.49,3308.7045833333336
2025-01-14 19:00:00,19,1,1,0,21.07,288.5,32.8,3546.66,3207.8,3287.74,3293.5925
2025-01-14 20:00:00,20,1,1,0,22.24,260.7,25.0,3417.15,3546.66,3402.88,3304.380833333333
2025-01-14 21:00:00,21,1,1,0,17.27,218.6,25.0,3318.31,3417.15,3243.47,3304.9754166666667
2025-01-14 22:00:00,22,1,1,0,15.81,287.0,25.0,3442.68,3318.31,3444.23,3308.09375
2025-01-14 23:00:00,23,1,1,0,10.85,175.2,25.0,2201.05,3442.68,2176.5,3308.0291666666667
2025-01-15 00:00:00,0,2,1,0,9.06,131.1,25.0,2032.32,2201.05,2112.6,3309.0520833333335
2025-01-15 01:00:00,1,2,1,0,10.2,150.8,25.0,2030.71,2032.32,1935.89,3305.7070833333332
2025-01-15 02:00:00,2,2,1,0,8.55,113.2,25.0,1932.91,2030.71,2109.53,3309.657916666667
2025-01-15 03:00:00,3,2,1,0,10.76,111.7,25.0,1947.98,1932.91,2160.36,3302.29875
2025-01-15 04:00:00,4,2,1,0,7.06,157.8,25.0,2107.86,1947.98,2229.57,3293.4495833333335
2025-01-15 05:00:00,5,2,1,0,9.34,179.8,25.0,2110.69,2107.86,2055.0,3288.3783333333336
2025-01-15 06:00:00,6,2,1,0,14.97,121.5,25.0,2032.35,2110.69,2000.75,3290.69875
2025-01-15 07:00:00,7,2,1,0,17.26,125.5,32.8,1977.74,2032.35,2086.37,3292.0154166666666
2025-01-15 08:00:00,8,2,1,0,19.67,332.4,40.2,4264.16,1977.74,4336.41,3287.4891666666667
2025-01-15 09:00:00,9,2,1,0,25.88,355.5,46.8,4389.27,4264.16,4343.88,3284.4787499999998
2025-01-15 10:00:00,10,2,1,0,27.35,311.8,52.4,4288.62,4389.27,4343.73,3286.3699999999994
2025-01-15 11:00:00,11,2,1,0,26.61,298.4,56.5,4298.62,4288.62,4530.48,3284.07375
2025-01-15 12:00:00,12,2,1,0,31.15,349.1,59.1,4506.97,4298.62,4533.57,3274.4129166666667
2025-01-15 13:00:00,13,2,1,0,32.11,294.8,60.0,4339.65,4506.97,4589.31,3273.304583333333
2025-01-15 14:00:00,14,2,1,0,32.69,341.7,59.1,4534.92,4339.65,4452.95,3262.902083333333
2025-01-15 15:00:00,15,2,1,0,31.89,330.1,56.5,4481.02,4534.92,4523.31,3266.3174999999997
2025-01-15 16:00:00,16,2,1,0,28.85,343.7,52.4,4443.94,4481.02,4337.39,3264.5554166666666
2025-01-15 17:00:00,17,2,1,0,27.47,220.0,46.8,3396.37,4443.94,3602.5,3268.9950000000003
2025-01-15 18:00:00,18,2,1,0,24.89,226.0,40.2,3291.11,3396.37,3207.8,3260.40625
2025-01-15 19:00:00,19,2,1,0,24.37,256.6,32.8,3368.95,3291.11,3546.66,3263.8775
2025-01-15 20:00:00,20,2,1,0,19.58,234.8,25.0,3308.01,3368.95,3417.15,3256.472916666666
2025-01-15 21:00:00,21,2,1,0,16.22,215.8,25.0,3127.75,3308.01,3318.31,3251.925416666667
2025-01-15 22:00:00,22,2,1,0,15.54,258.0,25.0,3347.99,3127.75,3442.68,3243.985416666667
2025-01-15 23:00:00,23,2,1,0,10.06,170.2,25.0,2171.05,3347.99,2201.05,3240.0399999999995
2025-01-16 00:00:00,0,3,1,0,13.21,126.9,25.0,2007.77,2171.05,2032.32,3238.7899999999995
2025-01-16 01:00:00,1,3,1,0,8.08,159.2,25.0,2132.47,2007.77,2030.71,3237.7670833333336
2025-01-16 02:00:00,2,3,1,0,6.69,132.9,25.0,2032.93,2132.47,1932.91,3242.0070833333334
2025-01-16 03:00:00,3,3,1,0,6.91,134.5,25.0,2025.02,2032.93,1947.98,3246.1745833333334
2025-01-16 04:00:00,4,3,1,0,11.09,149.7,25.0,2123.41,2025.02,2107.86,3249.384583333333
2025-01-16 05:00:00,5,3,1,0,13.61,124.0,25.0,2039.25,2123.41,2110.69,3250.0325
2025-01-16 06:00:00,6,3,1,0,16.72,112.2,25.0,1968.91,2039.25,2032.35,3247.0558333333333
2025-01-16 07:00:00,7,3,1,0,18.24,171.0,32.8,2204.66,1968.91,1977.74,3244.4125000000004
2025-01-16 08:00:00,8,3,1,0,20.17,307.2,40.2,4262.75,2204.66,4264.16,3253.8675
2025-01-16 09:00:00,9,3,1,0,26.22,345.4,46.8,4374.18,4262.75,4389.27,3253.80875
2025-01-16 10:00:00,10,3,1,0,25.45,322.1,52.4,4312.05,4374.18,4288.62,3253.1800000000003
2025-01-16 11:00:00,11,3,1,0,27.51,284.8,56.5,4176.52,4312.05,4298.62,3254.15625
2025-01-16 12:00:00,12,3,1,0,28.84,349.7,59.1,4445.21,4176.52,4506.97,3249.06875
2025-01-16 13:00:00,13,3,1,0,31.55,343.2,60.0,4589.25,4445.21,4339.65,3246.4954166666666
2025-01-16 14:00:00,14,3,1,0,30.6,324.4,59.1,4438.33,4589.25,4534.92,3256.8954166666667
2025-01-16 15:00:00,15,3,1,0,31.65,359.7,56.5,4562.75,4438.33,4481.02,3252.870833333334
2025-01-16 16:00:00,16,3,1,0,29.64,296.0,52.4,4288.48,4562.75,4443.94,3256.2762500000003
2025-01-16 17:00:00,17,3,1,0,28.1,212.5,46.8,3222.82,4288.48,3396.37,3249.79875
2025-01-16 18:00:00,18,3,1,0,27.4,279.5,40.2,3579.23,3222.82,3291.11,3242.5675000000006
2025-01-16 19:00:00,19,3,1,0,21.27,244.0,32.8,3278.25,3579.23,3368.95,3254.5725
2025-01-16 20:00:00,20,3,1,0,17.66,289.0,25.0,3605.12,3278.25,3308.01,3250.7933333333335
2025-01-16 21:00:00,21,3,1,0,18.51,268.0,25.0,3433.55,3605.12,3127.75,3263.1729166666664
2025-01-16 22:00:00,22,3,1,0,11.55,282.1,25.0,3462.84,3433.55,3347.99,3275.914583333333
2025-01-16 23:00:00,23,3,1,0,13.73,151.5,25.0,2164.07,3462.84,2171.05,3280.7000000000003
2025-01-17 00:00:00,0,4,1,0,10.21,161.3,25.0,2108.56,2164.07,2007.77,3280.409166666667
2025-01-17 01:00:00,1,4,1,0,7.58,173.6,25.0,2155.98,2108.56,2132.47,3284.60875
2025-01-17 02:00:00,2,4,1,0,8.49,178.0,25.0,2189.67,2155.98,2032.93,3285.588333333333
2025-01-17 03:00:00,3,4,1,0,9.22,144.5,25.0,2058.67,2189.67,2025.02,3292.119166666667
2025-01-17 04:00:00,4,4,1,0,6.26,141.2,25.0,2073.44,2058.67,2123.41,3293.52125
2025-01-17 05:00:00,5,4,1,0,10.97,151.5,25.0,2051.74,2073.44,2039.25,3291.4391666666666
2025-01-17 06:00:00,6,4,1,0,15.21,177.9,25.0,2146.2,2051.74,1968.91,3291.9595833333333
2025-01-17 07:00:00,7,4,1,0,16.19,132.8,32.8,2046.49,2146.2,2204.66,3299.3466666666664
2025-01-17 08:00:00,8,4,1,0,17.67,357.6,40.2,4399.37,2046.49,4262.75,3292.7562500000004
2025-01-17 09:00:00,9,4,1,0,23.22,285.9,46.8,4081.41,4399.37,4374.18,3298.44875
2025-01-17 10:00:00,10,4,1,0,25.61,307.0,52.4,4303.77,4081.41,4312.05,3286.25
2025-01-17 11:00:00,11,4,1,0,30.74,299.9,56.5,4351.92,4303.77,4176.52,3285.905
2025-01-17 12:00:00,12,4,1,0,31.66,293.4,59.1,4360.53,4351.92,4445.21,3293.2133333333336
2025-01-17 13:00:00,13,4,1,0,32.16,318.0,60.0,4427.39,4360.53,4589.25,3289.685
2025-01-17 14:00:00,14,4,1,0,31.55,326.8,59.1,4447.65,4427.39,4438.33,3282.9408333333336
2025-01-17 15:00:00,15,4,1,0,31.48,289.0,56.5,4283.86,4447.65,4562.75,3283.3291666666664
2025-01-17 16:00:00,16,4,1,0,30.2,322.5,52.4,4343.23,4283.86,4288.48,3271.70875
2025-01-17 17:00:00,17,4,1,0,28.6,284.7,46.8,3491.64,4343.23,3222.82,3273.99
2025-01-17 18:00:00,18,4,1,0,26.21,213.3,40.2,3287.56,3491.64,3579.23,3285.1908333333326
2025-01-17 19:00:00,19,4,1,0,24.6,279.4,32.8,3359.17,3287.56,3278.25,3273.0379166666667
2025-01-17 20:00:00,20,4,1,0,18.69,249.1,25.0,3381.56,3359.17,3605.12,3276.4095833333336
2025-01-17 21:00:00,21,4,1,0,18.56,212.4,25.0,3177.12,3381.56,3433.55,3267.0945833333335
2025-01-17 22:00:00,22,4,1,0,14.41,226.1,25.0,3246.88,3177.12,3462.84,3256.41
2025-01-17 23:00:00,23,4,1,0,11.23,141.1,25.0,2072.22,3246.88,2164.07,3247.411666666667
2025-01-18 00:00:00,0,5,1,1,9.56,47.7,7.5,1034.63,2072.22,2108.56,3243.5845833333333
2025-01-18 01:00:00,1,5,1,1,8.71,44.7,7.5,980.39,1034.63,2155.98,3198.8374999999996
2025-01-18 02:00:00,2,5,1,1,8.3,21.2,7.5,864.03,980.39,2189.67,3149.8545833333333
2025-01-18 03:00:00,3,5,1,1,9.37,47.1,7.5,890.59,864.03,2058.67,3094.619583333333
2025-01-18 04:00:00,4,5,1,1,8.45,35.8,7.5,912.42,890.59,2073.44,3045.9495833333335
2025-01-18 05:00:00,5,5,1,1,11.42,46.3,7.5,953.99,912.42,2051.74,2997.57375
2025-01-18 06:00:00,6,5,1,1,14.51,54.8,7.5,1036.14,953.99,2146.2,2951.834166666666
2025-01-18 07:00:00,7,5,1,1,16.53,49.5,9.8,994.83,1036.14,2046.49,2905.581666666667
2025-01-18 08:00:00,8,5,1,1,21.57,33.1,12.1,914.56,994.83,4399.37,2861.7624999999994
2025-01-18 09:00:00,9,5,1,1,22.66,50.5,14.0,1016.97,914.56,4081.41,2716.5620833333332
2025-01-18 10:00:00,10,5,1,1,26.18,52.7,15.7,956.47,1016.97,4303.77,2588.8770833333333
2025-01-18 11:00:00,11,5,1,1,26.84,20.2,17.0,826.41,956.47,4351.92,2449.40625
2025-01-18 12:00:00,12,5,1,1,29.06,35.8,17.7,1060.45,826.41,4360.53,2302.5099999999998
2025-01-18 13:00:00,13,5,1,1,30.63,37.9,18.0,967.25,1060.45,4427.39,2165.0066666666667
2025-01-18 14:00:00,14,5,1,1,32.25,29.1,17.7,990.82,967.25,4447.65,2020.8341666666668
2025-01-18 15:00:00,15,5,1,1,30.56,46.7,17.0,1160.19,990.82,4283.86,1876.7995833333334
2025-01-18 16:00:00,16,5,1,1,30.48,35.2,15.7,1064.26,1160.19,4343.23,1746.6466666666668
2025-01-18 17:00:00,17,5,1,1,26.4,39.2,14.0,881.21,1064.26,3491.64,1610.0229166666666
2025-01-18 18:00:00,18,5,1,1,29.49,43.2,12.1,1058.89,881.21,3287.56,1501.2549999999999
2025-01-18 19:00:00,19,5,1,1,24.0,50.6,9.8,993.87,1058.89,3359.17,1408.39375
2025-01-18 20:00:00,20,5,1,1,19.62,58.2,7.5,1002.08,993.87,3381.56,1309.8395833333334
2025-01-18 21:00:00,21,5,1,1,15.76,57.1,7.5,967.48,1002.08,3177.12,1210.6945833333334
2025-01-18 22:00:00,22,5,1,1,12.69,39.4,7.5,868.76,967.48,3246.88,1118.62625
2025-01-18 23:00:00,23,5,1,1,11.78,32.3,7.5,948.55,868.76,2072.22,1019.5379166666667
2025-01-19 00:00:00,0,6,1,1,11.88,32.5,7.5,921.31,948.55,1034.63,972.7183333333332
2025-01-19 01:00:00,1,6,1,1,6.94,30.9,7.5,870.53,921.31,980.39,967.9966666666668
2025-01-19 02:00:00,2,6,1,1,6.55,27.2,7.5,891.53,870.53,864.03,963.4191666666666
2025-01-19 03:00:00,3,6,1,1,7.51,41.0,7.5,933.42,891.53,890.59,964.565
2025-01-19 04:00:00,4,6,1,1,11.7,42.7,7.5,922.05,933.42,912.42,966.3495833333333
2025-01-19 05:00:00,5,6,1,1,11.7,42.0,7.5,903.51,922.05,953.99,966.7508333333334
2025-01-19 06:00:00,6,6,1,1,15.81,58.1,7.5,1001.09,903.51,1036.14,964.6475
2025-01-19 07:00:00,7,6,1,1,15.84,55.4,9.8,943.77,1001.09,994.83,963.1870833333334
2025-01-19 08:00:00,8,6,1,1,21.72,44.4,12.1,918.53,943.77,914.56,961.0595833333333
2025-01-19 09:00:00,9,6,1,1,21.24,56.0,14.0,944.82,918.53,1016.97,961.225
2025-01-19 10:00:00,10,6,1,1,27.2,51.2,15.7,990.3,944.82,956.47,958.21875
2025-01-19 11:00:00,11,6,1,1,27.48,36.9,17.0,978.71,990.3,826.41,959.6283333333332
2025-01-19 12:00:00,12,6,1,1,33.73,45.0,17.7,1053.4,978.71,1060.45,965.9741666666665
2025-01-19 13:00:00,13,6,1,1,32.54,26.7,18.0,1037.11,1053.4,967.25,965.6804166666667
2025-01-19 14:00:00,14,6,1,1,33.84,28.7,17.7,1122.26,1037.11,990.82,968.5912500000001
2025-01-19 15:00:00,15,6,1,1,30.75,41.9,17.0,982.24,1122.26,1160.19,974.0679166666665
2025-01-19 16:00:00,16,6,1,1,30.86,43.8,15.7,1053.02,982.24,1064.26,966.6533333333333
2025-01-19 17:00:00,17,6,1,1,27.28,25.5,14.0,992.73,1053.02,881.21,966.1850000000001
2025-01-19 18:00:00,18,6,1,1,27.46,37.1,12.1,1016.33,992.73,1058.89,970.8316666666666
2025-01-19 19:00:00,19,6,1,1,23.96,59.7,9.8,1063.15,1016.33,993.87,969.0583333333333
2025-01-19 20:00:00,20,6,1,1,18.35,31.0,7.5,848.86,1063.15,1002.08,971.945
2025-01-19 21:00:00,21,6,1,1,16.95,34.2,7.5,858.51,848.86,967.48,965.5608333333333
2025-01-19 22:00:00,22,6,1,1,13.07,22.7,7.5,881.04,858.51,868.76,961.0204166666666
2025-01-19 23:00:00,23,6,1,1,12.01,41.6,7.5,958.79,881.04,948.55,961.5320833333334
2025-01-20 00:00:00,0,0,1,0,7.85,147.3,25.0,2030.66,958.79,921.31,961.9587500000001
2025-01-20 01:00:00,1,0,1,0,10.92,156.9,25.0,2141.34,2030.66,870.53,1008.1816666666667
2025-01-20 02:00:00,2,0,1,0,8.14,142.6,25.0,2037.5,2141.34,891.53,1061.1320833333334
2025-01-20 03:00:00,3,0,1,0,9.22,177.0,25.0,2157.7,2037.5,933.42,1108.8808333333334
2025-01-20 04:00:00,4,0,1,0,8.24,124.1,25.0,2001.51,2157.7,922.05,1159.8925000000002
2025-01-20 05:00:00,5,0,1,0,10.41,141.5,25.0,2119.82,2001.51,903.51,1204.8700000000001
2025-01-20 06:00:00,6,0,1,0,13.2,156.5,25.0,2057.95,2119.82,1001.09,1255.5495833333332
2025-01-20 07:00:00,7,0,1,0,18.71,120.7,32.8,1991.32,2057.95,943.77,1299.5854166666666
2025-01-20 08:00:00,8,0,1,0,18.88,321.7,40.2,4285.31,1991.32,918.53,1343.2333333333333
2025-01-20 09:00:00,9,0,1,0,23.31,340.4,46.8,4339.54,4285.31,944.82,1483.5158333333331
2025-01-20 10:00:00,10,0,1,0,24.39,342.6,52.4,4321.59,4339.54,990.3,1624.9624999999999
2025-01-20 11:00:00,11,0,1,0,25.73,308.8,56.5,4280.3,4321.59,978.71,1763.76625
2025-01-20 12:00:00,12,0,1,0,33.63,311.8,59.1,4359.83,4280.3,1053.4,1901.3324999999998
2025-01-20 13:00:00,13,0,1,0,31.58,321.3,60.0,4447.77,4359.83,1037.11,2039.1004166666664
2025-01-20 14:00:00,14,0,1,0,31.42,359.4,59.1,4572.9,4447.77,1122.26,2181.2112500000003
2025-01-20 15:00:00,15,0,1,0,31.71,354.4,56.5,4534.1,4572.9,982.24,2324.9879166666665
2025-01-20 16:00:00,16,0,1,0,31.24,310.4,52.4,4389.9,4534.1,1053.02,2472.982083333334
2025-01-20 17:00:00,17,0,1,0,28.22,234.4,46.8,3349.43,4389.9,992.73,2612.0187499999997
2025-01-20 18:00:00,18,0,1,0,24.45,223.9,40.2,3334.65,3349.43,1016.33,2710.2145833333334
2025-01-20 19:00:00,19,0,1,0,24.73,288.0,32.8,3545.97,3334.65,1063.15,2806.81125
2025-01-20 20:00:00,20,0,1,0,23.7,220.6,25.0,3241.58,3545.97,848.86,2910.262083333333
2025-01-20 21:00:00,21,0,1,0,16.91,271.2,25.0,3388.27,3241.58,858.51,3009.9587500000002
2025-01-20 22:00:00,22,0,1,0,13.44,241.9,25.0,3291.34,3388.27,881.04,3115.365416666667
2025-01-20 23:00:00,23,0,1,0,11.6,114.8,25.0,1986.37,3291.34,958.79,3215.794583333334
2025-01-21 00:00:00,0,1,1,0,6.9,177.6,25.0,2172.21,1986.37,2030.66,3258.6104166666664
2025-01-21 01:00:00,1,1,1,0,7.0,145.4,25.0,2072.55,2172.21,2141.34,3264.508333333333
2025-01-21 02:00:00,2,1,1,0,8.81,154.9,25.0,2057.15,2072.55,2037.5,3261.6420833333336
2025-01-21 03:00:00,3,1,1,0,8.09,155.5,25.0,2184.44,2057.15,2157.7,3262.460833333333
2025-01-21 04:00:00,4,1,1,0,8.76,114.1,25.0,1941.38,2184.44,2001.51,3263.5750000000003
2025-01-21 05:00:00,5,1,1,0,10.59,118.5,25.0,1963.08,1941.38,2119.82,3261.0695833333334
2025-01-21 06:00:00,6,1,1,0,14.02,158.5,25.0,2095.72,1963.08,2057.95,3254.5387499999997
2025-01-21 07:00:00,7,1,1,0,17.55,179.8,32.8,2263.1,2095.72,1991.32,3256.1124999999997
2025-01-21 08:00:00,8,1,1,0,20.75,304.5,40.2,4312.89,2263.1,4285.31,3267.4366666666665
2025-01-21 09:00:00,9,1,1,0,21.06,314.1,46.8,4236.21,4312.89,4339.54,3268.585833333333
2025-01-21 10:00:00,10,1,1,0,27.81,309.4,52.4,4282.96,4236.21,4321.59,3264.2804166666665
2025-01-21 11:00:00,11,1,1,0,27.62,338.7,56.5,4288.39,4282.96,4280.3,3262.6708333333336
2025-01-21 12:00:00,12,1,1,0,31.69,281.5,59.1,4225.16,4288.39,4359.83,3263.007916666667
2025-01-21 13:00:00,13,1,1,0,29.37,291.0,60.0,4263.44,4225.16,4447.77,3257.396666666667
2025-01-21 14:00:00,14,1,1,0,30.51,281.0,59.1,4236.25,4263.44,4572.9,3249.71625
2025-01-21 15:00:00,15,1,1,0,33.39,323.8,56.5,4445.19,4236.25,4534.1,3235.689166666667
2025-01-21 16:00:00,16,1,1,0,28.6,287.8,52.4,4227.66,4445.19,4389.9,3231.984583333333
2025-01-21 17:00:00,17,1,1,0,28.23,236.0,46.8,3466.59,4227.66,3349.43,3225.224583333333
2025-01-21 18:00:00,18,1,1,0,24.69,240.1,40.2,3239.01,3466.59,3334.65,3230.1062499999994
2025-01-21 19:00:00,19,1,1,0,22.1,272.8,32.8,3500.24,3239.01,3545.97,3226.12125
2025-01-21 20:00:00,20,1,1,0,17.6,265.1,25.0,3405.69,3500.24,3241.58,3224.215833333333
2025-01-21 21:00:00,21,1,1,0,20.13,277.3,25.0,3443.17,3405.69,3388.27,3231.0537499999996
2025-01-21 22:00:00,22,1,1,0,14.41,262.7,25.0,3451.22,3443.17,3291.34,3233.3412499999995
2025-01-21 23:00:00,23,1,1,0,11.56,153.0,25.0,2073.8,3451.22,1986.37,3240.0029166666664
2025-01-22 00:00:00,0,2,1,0,9.74,120.5,25.0,2061.84,2073.8,2172.21,3243.6458333333335
2025-01-22 01:00:00,1,2,1,0,7.86,157.6,25.0,2133.65,2061.84,2072.55,3239.047083333333
2025-01-22 02:00:00,2,2,1,0,6.8,115.0,25.0,2021.8,2133.65,2057.15,3241.5929166666665
2025-01-22 03:00:00,3,2,1,0,10.21,130.8,25.0,1993.72,2021.8,2184.44,3240.1200000000003
2025-01-22 04:00:00,4,2,1,0,8.93,156.3,25.0,2100.7,1993.72,1941.38,3232.1733333333336
2025-01-22 05:00:00,5,2,1,0,13.29,116.9,25.0,2002.93,2100.7,1963.08,3238.811666666667
2025-01-22 06:00:00,6,2,1,0,14.91,128.6,25.0,2073.9,2002.93,2095.72,3240.4720833333336
2025-01-22 07:00:00,7,2,1,0,16.41,136.7,32.8,2034.71,2073.9,2263.1,3239.562916666667
2025-01-22 08:00:00,8,2,1,0,20.96,329.2,40.2,4358.87,2034.71,4312.89,3230.0466666666666
2025-01-22 09:00:00,9,2,1,0,22.14,322.4,46.8,4319.76,4358.87,4236.21,3231.9624999999996
2025-01-22 10:00:00,10,2,1,0,28.18,358.4,52.4,4570.98,4319.76,4282.96,3235.4437500000004
2025-01-22 11:00:00,11,2,1,0,29.29,339.8,56.5,4487.75,4570.98,4288.39,3247.4445833333334
2025-01-22 12:00:00,12,2,1,0,31.23,290.2,59.1,4276.37,4487.75,4225.16,3255.75125
2025-01-22 13:00:00,13,2,1,0,30.02,298.0,60.0,4205.03,4276.37,4263.44,3257.8849999999998
2025-01-22 14:00:00,14,2,1,0,32.87,315.2,59.1,4416.67,4205.03,4236.25,3255.4512499999996
2025-01-22 15:00:00,15,2,1,0,31.26,299.3,56.5,4308.18,4416.67,4445.19,3262.96875
2025-01-22 16:00:00,16,2,1,0,28.38,351.0,52.4,4506.38,4308.18,4227.66,3257.26
2025-01-22 17:00:00,17,2,1,0,28.23,275.3,46.8,3551.79,4506.38,3466.59,3268.8733333333334
2025-01-22 18:00:00,18,2,1,0,27.82,270.4,40.2,3506.8,3551.79,3239.01,3272.4233333333336
2025-01-22 19:00:00,19,2,1,0,24.1,268.3,32.8,3490.87,3506.8,3500.24,3283.5812499999997
2025-01-22 20:00:00,20,2,1,0,20.49,224.2,25.0,3270.1,3490.87,3405.69,3283.1908333333336
2025-01-22 21:00:00,21,2,1,0,17.49,285.0,25.0,3470.45,3270.1,3443.17,3277.54125
2025-01-22 22:00:00,22,2,1,0,14.05,275.4,25.0,3396.27,3470.45,3451.22,3278.677916666667
2025-01-22 23:00:00,23,2,1,0,11.98,168.8,25.0,2244.63,3396.27,2073.8,3276.388333333334
2025-01-23 00:00:00,0,3,1,0,6.76,151.3,25.0,2104.96,2244.63,2061.84,3283.50625
2025-01-23 01:00:00,1,3,1,0,9.54,149.6,25.0,2111.85,2104.96,2133.65,3285.302916666667
2025-01-23 02:00:00,2,3,1,0,7.07,154.5,25.0,2135.17,2111.85,2021.8,3284.3945833333332
2025-01-23 03:00:00,3,3,1,0,8.1,142.3,25.0,2028.9,2135.17,1993.72,3289.1183333333333
2025-01-23 04:00:00,4,3,1,0,10.0,166.0,25.0,2094.2,2028.9,2100.7,3290.584166666666
2025-01-23 05:00:00,5,3,1,0,9.72,161.3,25.0,2159.4,2094.2,2002.93,3290.313333333333
2025-01-23 06:00:00,6,3,1,0,14.42,134.9,25.0,2104.4,2159.4,2073.9,3296.8329166666667
2025-01-23 07:00:00,7,3,1,0,15.72,110.4,32.8,1974.96,2104.4,2034.71,3298.1037499999998
2025-01-23 08:00:00,8,3,1,0,17.83,356.6,40.2,4358.27,1974.96,4358.87,3295.6141666666667
2025-01-23 09:00:00,9,3,1,0,24.19,291.9,46.8,4148.69,4358.27,4319.76,3295.589166666667
2025-01-23 10:00:00,10,3,1,0,24.77,359.7,52.4,4339.39,4148.69,4570.98,3288.46125
2025-01-23 11:00:00,11,3,1,0,28.82,337.8,56.5,4465.08,4339.39,4487.75,3278.8116666666665
2025-01-23 12:00:00,12,3,1,0,32.91,311.3,59.1,4362.48,4465.08,4276.37,3277.867083333333
2025-01-23 13:00:00,13,3,1,0,29.3,280.3,60.0,4270.04,4362.48,4205.03,3281.4550000000004
2025-01-23 14:00:00,14,3,1,0,32.27,343.5,59.1,4469.52,4270.04,4416.67,3284.16375
2025-01-23 15:00:00,15,3,1,0,30.74,318.5,56.5,4392.73,4469.52,4308.18,3286.3658333333333
2025-01-23 16:00:00,16,3,1,0,33.18,326.4,52.4,4543.33,4392.73,4506.38,3289.88875
2025-01-23 17:00:00,17,3,1,0,30.02,258.3,46.8,3533.31,4543.33,3551.79,3291.4283333333333
2025-01-23 18:00:00,18,3,1,0,25.99,231.6,40.2,3391.69,3533.31,3506.8,3290.6583333333333
2025-01-23 19:00:00,19,3,1,0,22.85,216.2,32.8,3217.83,3391.69,3490.87,3285.8620833333334
2025-01-23 20:00:00,20,3,1,0,21.42,272.8,25.0,3484.1,3217.83,3270.1,3274.485416666667
2025-01-23 21:00:00,21,3,1,0,15.18,251.4,25.0,3363.34,3484.1,3470.45,3283.402083333333
2025-01-23 22:00:00,22,3,1,0,12.74,236.3,25.0,3308.48,3363.34,3396.27,3278.939166666667
2025-01-23 23:00:00,23,3,1,0,13.78,125.4,25.0,2031.47,3308.48,2244.63,3275.28125
2025-01-24 00:00:00,0,4,1,0,9.89,179.9,25.0,2235.91,2031.47,2104.96,3266.3995833333333
2025-01-24 01:00:00,1,4,1,0,10.24,139.5,25.0,2082.65,2235.91,2111.85,3271.8558333333335
2025-01-24 02:00:00,2,4,1,0,9.72,118.3,25.0,1962.19,2082.65,2135.17,3270.6391666666664
2025-01-24 03:00:00,3,4,1,0,11.24,136.9,25.0,2115.95,1962.19,2028.9,3263.431666666667
2025-01-24 04:00:00,4,4,1,0,7.49,122.9,25.0,1940.62,2115.95,2094.2,3267.05875
2025-01-24 05:00:00,5,4,1,0,11.73,111.8,25.0,1871.79,1940.62,2159.4,3260.6595833333336
2025-01-24 06:00:00,6,4,1,0,15.55,130.9,25.0,2015.09,1871.79,2104.4,3248.6758333333332
2025-01-24 07:00:00,7,4,1,0,17.66,168.9,32.8,2144.38,2015.09,1974.96,3244.9545833333336
2025-01-24 08:00:00,8,4,1,0,18.33,316.7,40.2,4253.76,2144.38,4358.27,3252.01375
2025-01-24 09:00:00,9,4,1,0,23.06,286.4,46.8,4221.05,4253.76,4148.69,3247.6591666666664
2025-01-24 10:00:00,10,4,1,0,27.35,314.9,52.4,4344.92,4221.05,4339.39,3250.674166666667
2025-01-24 11:00:00,11,4,1,0,26.99,292.7,56.5,4232.47,4344.92,4465.08,3250.9045833333334
2025-01-24 12:00:00,12,4,1,0,30.92,340.1,59.1,4475.29,4232.47,4362.48,3241.2125
2025-01-24 13:00:00,13,4,1,0,31.44,285.5,60.0,4262.53,4475.29,4270.04,3245.912916666666
2025-01-24 14:00:00,14,4,1,0,32.53,300.9,59.1,4339.99,4262.53,4469.52,3245.6
2025-01-24 15:00:00,15,4,1,0,32.96,300.0,56.5,4317.83,4339.99,4392.73,3240.2029166666666
2025-01-24 16:00:00,16,4,1,0,29.6,316.0,52.4,4353.75,4317.83,4543.33,3237.0820833333332
2025-01-24 17:00:00,17,4,1,0,24.85,215.0,46.8,3288.91,4353.75,3533.31,3229.1829166666666
2025-01-24 18:00:00,18,4,1,0,26.37,237.8,40.2,3366.99,3288.91,3391.69,3218.9995833333337
2025-01-24 19:00:00,19,4,1,0,20.76,254.8,32.8,3361.28,3366.99,3217.83,3217.9704166666666
2025-01-24 20:00:00,20,4,1,0,18.33,268.5,25.0,3462.49,3361.28,3484.1,3223.9474999999998
2025-01-24 21:00:00,21,4,1,0,17.59,255.2,25.0,3385.06,3462.49,3363.34,3223.0470833333334
2025-01-24 22:00:00,22,4,1,0,12.79,258.7,25.0,3385.61,3385.06,3308.48,3223.952083333333
2025-01-24 23:00:00,23,4,1,0,10.41,120.6,25.0,1948.17,3385.61,2031.47,3227.165833333333
2025-01-25 00:00:00,0,5,1,1,11.13,54.0,7.5,1088.34,1948.17,2235.91,3223.6949999999997
2025-01-25 01:00:00,1,5,1,1,9.05,24.6,7.5,887.83,1088.34,2082.65,3175.879583333333
2025-01-25 02:00:00,2,5,1,1,8.57,22.7,7.5,931.0,887.83,1962.19,3126.0954166666666
2025-01-25 03:00:00,3,5,1,1,6.8,23.3,7.5,720.16,931.0,2115.95,3083.129166666666
2025-01-25 04:00:00,4,5,1,1,8.94,26.6,7.5,954.85,720.16,1940.62,3024.97125
2025-01-25 05:00:00,5,5,1,1,12.44,36.5,7.5,994.38,954.85,1871.79,2983.8975000000005
2025-01-25 06:00:00,6,5,1,1,16.1,22.5,7.5,851.23,994.38,2015.09,2947.3387499999994
2025-01-25 07:00:00,7,5,1,1,15.93,38.4,9.8,873.04,851.23,2144.38,2898.8445833333335
2025-01-25 08:00:00,8,5,1,1,21.74,26.6,12.1,829.66,873.04,4253.76,2845.872083333333
2025-01-25 09:00:00,9,5,1,1,23.59,40.8,14.0,906.79,829.66,4221.05,2703.20125
2025-01-25 10:00:00,10,5,1,1,25.46,55.2,15.7,1022.18,906.79,4344.92,2565.1070833333333
2025-01-25 11:00:00,11,5,1,1,29.81,38.0,17.0,1008.86,1022.18,4232.47,2426.6595833333336
2025-01-25 12:00:00,12,5,1,1,28.93,41.5,17.7,1009.62,1008.86,4475.29,2292.3424999999997
2025-01-25 13:00:00,13,5,1,1,30.95,46.3,18.0,1115.84,1009.62,4262.53,2147.9395833333333
2025-01-25 14:00:00,14,5,1,1,29.25,51.0,17.7,1060.69,1115.84,4339.99,2016.8275
2025-01-25 15:00:00,15,5,1,1,34.4,51.7,17.0,1195.54,1060.69,4317.83,1880.1899999999998
2025-01-25 16:00:00,16,5,1,1,31.54,51.9,15.7,1087.58,1195.54,4353.75,1750.0945833333333
2025-01-25 17:00:00,17,5,1,1,29.21,41.3,14.0,975.96,1087.58,3288.91,1614.0041666666666
2025-01-25 18:00:00,18,5,1,1,27.25,51.7,12.1,999.04,975.96,3366.99,1517.6312500000001
2025-01-25 19:00:00,19,5,1,1,22.6,56.2,9.8,958.77,999.04,3361.28,1418.966666666667
2025-01-25 20:00:00,20,5,1,1,20.45,27.4,7.5,901.44,958.77,3462.49,1318.8620833333334
2025-01-25 21:00:00,21,5,1,1,19.99,26.1,7.5,814.28,901.44,3385.06,1212.1516666666666
2025-01-25 22:00:00,22,5,1,1,14.29,23.3,7.5,862.74,814.28,3385.61,1105.0358333333334
2025-01-25 23:00:00,23,5,1,1,11.4,40.2,7.5,936.35,862.74,1948.17,999.9162500000001
2025-01-26 00:00:00,0,6,1,1,11.33,59.4,7.5,1053.24,936.35,1088.34,957.7570833333333
2025-01-26 01:00:00,1,6,1,1,8.13,26.6,7.5,908.78,1053.24,887.83,956.2945833333333
2025-01-26 02:00:00,2,6,1,1,8.05,26.5,7.5,851.85,908.78,931.0,957.1675
2025-01-26 03:00:00,3,6,1,1,9.28,41.1,7.5,934.03,851.85,720.16,953.8695833333335
2025-01-26 04:00:00,4,6,1,1,8.4,23.2,7.5,878.11,934.03,954.85,962.7808333333334
2025-01-26 05:00:00,5,6,1,1,11.77,54.3,7.5,1028.93,878.11,994.38,959.5833333333334
2025-01-26 06:00:00,6,6,1,1,13.54,48.4,7.5,859.17,1028.93,851.23,961.0229166666668
2025-01-26 07:00:00,7,6,1,1,13.71,52.9,9.8,936.74,859.17,873.04,961.3537499999999
2025-01-26 08:00:00,8,6,1,1,19.25,39.8,12.1,958.99,936.74,829.66,964.0079166666668
2025-01-26 09:00:00,9,6,1,1,24.37,27.0,14.0,896.82,958.99,906.79,969.3966666666666
2025-01-26 10:00:00,10,6,1,1,25.15,24.0,15.7,856.75,896.82,1022.18,968.9812499999999
2025-01-26 11:00:00,11,6,1,1,30.91,33.9,17.0,1001.93,856.75,1008.86,962.0883333333333
2025-01-26 12:00:00,12,6,1,1,28.11,46.0,17.7,1068.21,1001.93,1009.62,961.7995833333333
2025-01-26 13:00:00,13,6,1,1,32.2,53.7,18.0,1113.55,1068.21,1115.84,964.2408333333333
2025-01-26 14:00:00,14,6,1,1,32.56,45.4,17.7,1054.09,1113.55,1060.69,964.1454166666667
2025-01-26 15:00:00,15,6,1,1,30.89,33.0,17.0,1021.76,1054.09,1195.54,963.8704166666668
2025-01-26 16:00:00,16,6,1,1,29.79,27.0,15.7,993.58,1021.76,1087.58,956.6295833333334
2025-01-26 17:00:00,17,6,1,1,29.79,53.5,14.0,1010.12,993.58,975.96,952.7129166666667
2025-01-26 18:00:00,18,6,1,1,23.1,47.8,12.1,950.37,1010.12,999.04,954.13625
2025-01-26 19:00:00,19,6,1,1,23.88,28.5,9.8,879.6,950.37,958.77,952.1083333333332
2025-01-26 20:00:00,20,6,1,1,21.09,54.8,7.5,1001.66,879.6,901.44,948.8095833333333
2025-01-26 21:00:00,21,6,1,1,17.51,46.6,7.5,929.42,1001.66,814.28,952.9854166666668
2025-01-26 22:00:00,22,6,1,1,12.55,46.8,7.5,947.91,929.42,862.74,957.7829166666667
2025-01-26 23:00:00,23,6,1,1,13.18,37.9,7.5,901.74,947.91,936.35,961.3316666666666
2025-01-27 00:00:00,0,0,1,0,9.99,148.3,25.0,2086.95,901.74,1053.24,959.8895833333335
2025-01-27 01:00:00,1,0,1,0,7.61,117.8,25.0,1969.78,2086.95,908.78,1002.9608333333332
2025-01-27 02:00:00,2,0,1,0,7.67,161.8,25.0,2160.19,1969.78,851.85,1047.1691666666668
2025-01-27 03:00:00,3,0,1,0,9.18,170.1,25.0,2161.04,2160.19,934.03,1101.6833333333332
2025-01-27 04:00:00,4,0,1,0,10.94,162.8,25.0,2121.25,2161.04,878.11,1152.80875
2025-01-27 05:00:00,5,0,1,0,12.07,129.7,25.0,2102.0,2121.25,1028.93,1204.60625
2025-01-27 06:00:00,6,0,1,0,11.17,116.8,25.0,1956.75,2102.0,859.17,1249.3174999999999
2025-01-27 07:00:00,7,0,1,0,15.31,151.9,32.8,2055.51,1956.75,936.74,1295.05
2025-01-27 08:00:00,8,0,1,0,20.64,339.5,40.2,4383.19,2055.51,958.99,1341.6654166666665
2025-01-27 09:00:00,9,0,1,0,22.95,327.5,46.8,4289.54,4383.19,896.82,1484.3404166666667
2025-01-27 10:00:00,10,0,1,0,26.12,343.6,52.4,4375.58,4289.54,856.75,1625.70375
2025-01-27 11:00:00,11,0,1,0,28.59,359.6,56.5,4554.32,4375.58,1001.93,1772.3216666666667
2025-01-27 12:00:00,12,0,1,0,30.91,285.1,59.1,4312.95,4554.32,1068.21,1920.3379166666666
2025-01-27 13:00:00,13,0,1,0,33.05,289.2,60.0,4337.26,4312.95,1113.55,2055.5354166666666
2025-01-27 14:00:00,14,0,1,0,32.98,350.3,59.1,4666.59,4337.26,1054.09,2189.8566666666666
2025-01-27 15:00:00,15,0,1,0,30.61,314.4,56.5,4284.25,4666.59,1021.76,2340.3775
2025-01-27 16:00:00,16,0,1,0,31.72,341.9,52.4,4501.39,4284.25,993.58,2476.3145833333333
2025-01-27 17:00:00,17,0,1,0,30.9,245.5,46.8,3533.03,4501.39,1010.12,2622.4733333333334
2025-01-27 18:00:00,18,0,1,0,24.48,257.3,40.2,3438.52,3533.03,950.37,2727.5945833333335
2025-01-27 19:00:00,19,0,1,0,22.74,251.0,32.8,3332.61,3438.52,879.6,2831.2675
2025-01-27 20:00:00,20,0,1,0,20.64,249.0,25.0,3369.5,3332.61,1001.66,2933.4762499999997
2025-01-27 21:00:00,21,0,1,0,16.96,258.1,25.0,3473.68,3369.5,929.42,3032.13625
2025-01-27 22:00:00,22,0,1,0,13.84,260.7,25.0,3399.27,3473.68,947.91,3138.1470833333333
2025-01-27 23:00:00,23,0,1,0,10.6,135.3,25.0,2038.99,3399.27,901.74,3240.287083333333
2025-01-28 00:00:00,0,1,1,0,9.28,119.8,25.0,1888.59,2038.99,2086.95,3287.6725
2025-01-28 01:00:00,1,1,1,0,6.15,123.7,25.0,2030.76,1888.59,1969.78,3279.4075
2025-01-28 02:00:00,2,1,1,0,7.69,124.5,25.0,1999.77,2030.76,2160.19,3281.9483333333337
2025-01-28 03:00:00,3,1,1,0,7.95,110.5,25.0,1912.59,1999.77,2161.04,3275.2641666666664
2025-01-28 04:00:00,4,1,1,0,10.33,166.2,25.0,2280.78,1912.59,2121.25,3264.912083333333
2025-01-28 05:00:00,5,1,1,0,11.27,130.5,25.0,2052.68,2280.78,2102.0,3271.5591666666674
2025-01-28 06:00:00,6,1,1,0,12.67,116.1,25.0,1979.66,2052.68,1956.75,3269.504166666667
2025-01-28 07:00:00,7,1,1,0,18.51,134.2,32.8,2037.19,1979.66,2055.51,3270.4587500000002
2025-01-28 08:00:00,8,1,1,0,19.4,319.5,40.2,4237.46,2037.19,4383.19,3269.695416666667
2025-01-28 09:00:00,9,1,1,0,20.4,311.6,46.8,4165.47,4237.46,4289.54,3263.623333333333
2025-01-28 10:00:00,10,1,1,0,27.16,352.6,52.4,4518.47,4165.47,4375.58,3258.45375
2025-01-28 11:00:00,11,1,1,0,27.76,304.7,56.5,4285.15,4518.47,4554.32,3264.4075
2025-01-28 12:00:00,12,1,1,0,30.61,300.6,59.1,4286.42,4285.15,4312.95,3253.1920833333334
2025-01-28 13:00:00,13,1,1,0,31.19,334.9,60.0,4414.81,4286.42,4337.26,3252.0866666666666
2025-01-28 14:00:00,14,1,1,0,30.67,316.5,59.1,4361.71,4414.81,4666.59,3255.317916666667
2025-01-28 15:00:00,15,1,1,0,31.39,313.5,56.5,4380.71,4361.71,4284.25,3242.6145833333335
2025-01-28 16:00:00,16,1,1,0,31.16,286.4,52.4,4262.48,4380.71,4501.39,3246.6337500000004
2025-01-28 17:00:00,17,1,1,0,26.85,263.5,46.8,3532.83,4262.48,3533.03,3236.679166666667
2025-01-28 18:00:00,18,1,1,0,26.31,257.5,40.2,3471.01,3532.83,3438.52,3236.6708333333336
2025-01-28 19:00:00,19,1,1,0,22.19,279.9,32.8,3496.67,3471.01,3332.61,3238.0245833333333
2025-01-28 20:00:00,20,1,1,0,20.09,282.2,25.0,3455.63,3496.67,3369.5,3244.8604166666664
2025-01-28 21:00:00,21,1,1,0,16.84,221.4,25.0,3248.64,3455.63,3473.68,3248.4491666666668
2025-01-28 22:00:00,22,1,1,0,18.02,233.6,25.0,3282.64,3248.64,3399.27,3239.0724999999998
2025-01-28 23:00:00,23,1,1,0,11.75,113.1,25.0,1909.79,3282.64,2038.99,3234.212916666667
2025-01-29 00:00:00,0,2,1,0,10.89,134.0,25.0,2093.61,1909.79,1888.59,3228.8295833333336
2025-01-29 01:00:00,1,2,1,0,7.44,169.2,25.0,2249.22,2093.61,2030.76,3237.3720833333336
2025-01-29 02:00:00,2,2,1,0,6.58,157.1,25.0,2074.15,2249.22,1999.77,3246.474583333333
2025-01-29 03:00:00,3,2,1,0,10.5,165.2,25.0,2143.02,2074.15,1912.59,3249.57375
2025-01-29 04:00:00,4,2,1,0,6.88,167.6,25.0,2131.97,2143.02,2280.78,3259.1750000000006
2025-01-29 05:00:00,5,2,1,0,13.47,150.8,25.0,2024.45,2131.97,2052.68,3252.974583333333
2025-01-29 06:00:00,6,2,1,0,12.52,159.4,25.0,2198.78,2024.45,1979.66,3251.7983333333336
2025-01-29 07:00:00,7,2,1,0,15.24,121.7,32.8,1979.11,2198.78,2037.19,3260.9283333333333
2025-01-29 08:00:00,8,2,1,0,18.55,351.2,40.2,4368.03,1979.11,4237.46,3258.508333333333
2025-01-29 09:00:00,9,2,1,0,25.07,282.0,46.8,4206.63,4368.03,4165.47,3263.94875
2025-01-29 10:00:00,10,2,1,0,25.77,307.2,52.4,4220.16,4206.63,4518.47,3265.66375
2025-01-29 11:00:00,11,2,1,0,29.93,304.9,56.5,4390.9,4220.16,4285.15,3253.2341666666666
2025-01-29 12:00:00,12,2,1,0,33.23,309.2,59.1,4372.97,4390.9,4286.42,3257.640416666667
2025-01-29 13:00:00,13,2,1,0,30.88,291.2,60.0,4282.72,4372.97,4414.81,3261.2466666666664
2025-01-29 14:00:00,14,2,1,0,31.85,320.4,59.1,4430.12,4282.72,4361.71,3255.7429166666666
2025-01-29 15:00:00,15,2,1,0,31.46,283.1,56.5,4246.26,4430.12,4380.71,3258.5933333333337
2025-01-29 16:00:00,16,2,1,0,27.69,292.8,52.4,4215.83,4246.26,4262.48,3252.9912499999996
2025-01-29 17:00:00,17,2,1,0,29.53,282.0,46.8,3572.96,4215.83,3532.83,3251.0475
2025-01-29 18:00:00,18,2,1,0,23.69,258.2,40.2,3331.21,3572.96,3471.01,3252.7195833333335
2025-01-29 19:00:00,19,2,1,0,21.31,237.2,32.8,3324.71,3331.21,3496.67,3246.8945833333332
2025-01-29 20:00:00,20,2,1,0,22.36,254.3,25.0,3394.4,3324.71,3455.63,3239.7295833333333
2025-01-29 21:00:00,21,2,1,0,14.19,276.7,25.0,3443.81,3394.4,3248.64,3237.1783333333333
2025-01-29 22:00:00,22,2,1,0,12.11,230.7,25.0,3254.71,3443.81,3282.64,3245.3104166666667
2025-01-29 23:00:00,23,2,1,0,8.55,177.6,25.0,2235.12,3254.71,1909.79,3244.146666666667
2025-01-30 00:00:00,0,3,1,0,9.35,150.6,25.0,2048.94,2235.12,2093.61,3257.702083333333
2025-01-30 01:00:00,1,3,1,0,4.61,153.8,25.0,2098.11,2048.94,2249.22,3255.840833333333
2025-01-30 02:00:00,2,3,1,0,8.44,179.6,25.0,2249.24,2098.11,2074.15,3249.544583333333
2025-01-30 03:00:00,3,3,1,0,6.56,149.9,25.0,2118.21,2249.24,2143.02,3256.84
2025-01-30 04:00:00,4,3,1,0,9.56,137.7,25.0,2023.96,2118.21,2131.97,3255.8062499999996
2025-01-30 05:00:00,5,3,1,0,11.9,148.0,25.0,2109.89,2023.96,2024.45,3251.3058333333333
2025-01-30 06:00:00,6,3,1,0,13.46,147.3,25.0,2098.89,2109.89,2198.78,3254.8658333333333
2025-01-30 07:00:00,7,3,1,0,17.83,165.6,32.8,2139.03,2098.89,1979.11,3250.70375
2025-01-30 08:00:00,8,3,1,0,19.81,355.5,40.2,4351.02,2139.03,4368.03,3257.367083333333
2025-01-30 09:00:00,9,3,1,0,24.79,358.5,46.8,4427.02,4351.02,4206.63,3256.6583333333333
2025-01-30 10:00:00,10,3,1,0,23.83,327.1,52.4,4257.85,4427.02,4220.16,3265.84125
2025-01-30 11:00:00,11,3,1,0,27.59,296.3,56.5,4305.08,4257.85,4390.9,3267.411666666667
2025-01-30 12:00:00,12,3,1,0,34.47,320.9,59.1,4448.48,4305.08,4372.97,3263.835833333333
2025-01-30 13:00:00,13,3,1,0,31.51,349.2,60.0,4527.94,4448.48,4282.72,3266.982083333333
2025-01-30 14:00:00,14,3,1,0,32.62,346.2,59.1,4590.7,4527.94,4430.12,3277.199583333333
2025-01-30 15:00:00,15,3,1,0,31.3,356.5,56.5,4531.94,4590.7,4246.26,3283.8904166666666
2025-01-30 16:00:00,16,3,1,0,32.14,348.3,52.4,4513.74,4531.94,4215.83,3295.7937500000003
2025-01-30 17:00:00,17,3,1,0,29.38,281.4,46.8,3450.74,4513.74,3572.96,3308.206666666667
2025-01-30 18:00:00,18,3,1,0,28.94,260.1,40.2,3483.26,3450.74,3331.21,3303.1141666666663
2025-01-30 19:00:00,19,3,1,0,21.95,267.8,32.8,3452.82,3483.26,3324.71,3309.4495833333335
2025-01-30 20:00:00,20,3,1,0,21.72,234.0,25.0,3281.9,3452.82,3394.4,3314.7875
2025-01-30 21:00:00,21,3,1,0,18.32,232.3,25.0,3322.63,3281.9,3443.81,3310.1000000000004
2025-01-30 22:00:00,22,3,1,0,14.77,233.6,25.0,3336.57,3322.63,3254.71,3305.0508333333332
2025-01-30 23:00:00,23,3,1,0,12.72,120.0,25.0,2016.34,3336.57,2235.12,3308.4616666666666
2025-01-31 00:00:00,0,4,1,0,10.48,156.1,25.0,2139.81,2016.34,2048.94,3299.3458333333333
2025-01-31 01:00:00,1,4,1,0,8.37,153.0,25.0,2067.93,2139.81,2098.11,3303.1320833333334
2025-01-31 02:00:00,2,4,1,0,5.54,115.4,25.0,1891.59,2067.93,2249.24,3301.8745833333337
2025-01-31 03:00:00,3,4,1,0,7.22,114.6,25.0,1948.1,1891.59,2118.21,3286.9725
2025-01-31 04:00:00,4,4,1,0,9.65,166.6,25.0,2186.78,1948.1,2023.96,3279.884583333334
2025-01-31 05:00:00,5,4,1,0,11.52,131.0,25.0,1987.32,2186.78,2109.89,3286.6687500000003
2025-01-31 06:00:00,6,4,1,0,13.73,165.6,25.0,2159.45,1987.32,2098.89,3281.5616666666665
2025-01-31 07:00:00,7,4,1,0,14.48,115.1,32.8,1929.47,2159.45,2139.03,3284.0849999999996
2025-01-31 08:00:00,8,4,1,0,21.31,298.6,40.2,4159.1,1929.47,4351.02,3275.353333333333
2025-01-31 09:00:00,9,4,1,0,24.35,354.3,46.8,4396.86,4159.1,4427.02,3267.3566666666666
2025-01-31 10:00:00,10,4,1,0,23.69,305.7,52.4,4208.57,4396.86,4257.85,3266.1000000000004
2025-01-31 11:00:00,11,4,1,0,28.58,331.2,56.5,4406.34,4208.57,4305.08,3264.0466666666666
2025-01-31 12:00:00,12,4,1,0,29.11,308.6,59.1,4332.64,4406.34,4448.48,3268.2658333333334
2025-01-31 13:00:00,13,4,1,0,27.06,351.1,60.0,4450.34,4332.64,4527.94,3263.439166666667
2025-01-31 14:00:00,14,4,1,0,31.03,326.9,59.1,4429.89,4450.34,4590.7,3260.2058333333334
2025-01-31 15:00:00,15,4,1,0,32.8,334.6,56.5,4438.94,4429.89,4531.94,3253.505416666667
2025-01-31 16:00:00,16,4,1,0,30.75,345.8,52.4,4549.94,4438.94,4513.74,3249.630416666667
2025-01-31 17:00:00,17,4,1,0,29.07,251.6,46.8,3441.36,4549.94,3450.74,3251.13875
2025-01-31 18:00:00,18,4,1,0,23.25,231.7,40.2,3296.04,3441.36,3483.26,3250.747916666667
2025-01-31 19:00:00,19,4,1,0,22.32,220.7,32.8,3262.34,3296.04,3452.82,3242.947083333333
2025-01-31 20:00:00,20,4,1,0,19.06,269.9,25.0,3443.08,3262.34,3281.9,3235.0104166666665
2025-01-31 21:00:00,21,4,1,0,16.4,232.1,25.0,3305.74,3443.08,3322.63,3241.7262499999997
2025-01-31 22:00:00,22,4,1,0,12.71,277.1,25.0,3520.61,3305.74,3336.57,3241.0225000000005
2025-01-31 23:00:00,23,4,1,0,9.5,117.1,25.0,1934.64,3520.61,2016.34,3248.6908333333336
2025-02-01 00:00:00,0,5,2,1,11.15,53.7,7.5,969.05,1934.64,2139.81,3245.286666666667
2025-02-01 01:00:00,1,5,2,1,9.69,55.7,7.5,1000.21,969.05,2067.93,3196.5050000000006
2025-02-01 02:00:00,2,5,2,1,7.9,35.1,7.5,1017.35,1000.21,1891.59,3152.0166666666664
2025-02-01 03:00:00,3,5,2,1,10.54,35.5,7.5,971.43,1017.35,1948.1,3115.59
2025-02-01 04:00:00,4,5,2,1,10.39,20.2,7.5,834.75,971.43,2186.78,3074.8954166666663
2025-02-01 05:00:00,5,5,2,1,11.65,46.7,7.5,980.99,834.75,1987.32,3018.560833333333
2025-02-01 06:00:00,6,5,2,1,14.3,31.9,7.5,903.32,980.99,2159.45,2976.630416666667
2025-02-01 07:00:00,7,5,2,1,16.69,45.8,9.8,948.48,903.32,1929.47,2924.2916666666665
2025-02-01 08:00:00,8,5,2,1,15.75,58.3,12.1,1017.02,948.48,4159.1,2883.4170833333337
2025-02-01 09:00:00,9,5,2,1,22.28,38.3,14.0,885.46,1017.02,4396.86,2752.497083333333
2025-02-01 10:00:00,10,5,2,1,27.85,34.8,15.7,981.98,885.46,4208.57,2606.18875
2025-02-01 11:00:00,11,5,2,1,29.42,54.0,17.0,1046.36,981.98,4406.34,2471.7475
2025-02-01 12:00:00,12,5,2,1,29.98,38.9,17.7,1066.73,1046.36,4332.64,2331.7483333333334
2025-02-01 13:00:00,13,5,2,1,29.26,47.1,18.0,1105.35,1066.73,4450.34,2195.6687500000003
2025-02-01 14:00:00,14,5,2,1,33.91,25.5,17.7,1106.45,1105.35,4429.89,2056.2941666666666
2025-02-01 15:00:00,15,5,2,1,29.81,32.6,17.0,1097.25,1106.45,4438.94,1917.8174999999999
2025-02-01 16:00:00,16,5,2,1,30.68,48.5,15.7,1092.82,1097.25,4549.94,1778.5804166666665
2025-02-01 17:00:00,17,5,2,1,27.67,31.5,14.0,973.23,1092.82,3441.36,1634.5337499999998
2025-02-01 18:00:00,18,5,2,1,23.38,24.5,12.1,893.13,973.23,3296.04,1531.695
2025-02-01 19:00:00,19,5,2,1,22.76,53.4,9.8,953.07,893.13,3262.34,1431.5737499999998
2025-02-01 20:00:00,20,5,2,1,21.17,39.7,7.5,837.3,953.07,3443.08,1335.3541666666667
2025-02-01 21:00:00,21,5,2,1,16.87,43.8,7.5,949.45,837.3,3305.74,1226.78
2025-02-01 22:00:00,22,5,2,1,17.03,58.5,7.5,1027.01,949.45,3520.61,1128.60125
2025-02-01 23:00:00,23,5,2,1,12.59,32.5,7.5,950.55,1027.01,1934.64,1024.7012499999998
2025-02-02 00:00:00,0,6,2,1,9.25,40.9,7.5,958.71,950.55,969.05,983.6974999999999
2025-02-02 01:00:00,1,6,2,1,8.56,30.6,7.5,980.9,958.71,1000.21,983.2666666666668
2025-02-02 02:00:00,2,6,2,1,9.48,33.9,7.5,862.92,980.9,1017.35,982.4620833333333
2025-02-02 03:00:00,3,6,2,1,8.67,59.0,7.5,1029.88,862.92,971.43,976.0275
2025-02-02 04:00:00,4,6,2,1,6.2,51.2,7.5,947.31,1029.88,834.75,978.4629166666667
2025-02-02 05:00:00,5,6,2,1,11.36,32.1,7.5,842.92,947.31,980.99,983.1529166666666
2025-02-02 06:00:00,6,6,2,1,12.96,49.9,7.5,982.58,842.92,903.32,977.4000000000001
2025-02-02 07:00:00,7,6,2,1,16.93,58.3,9.8,1026.79,982.58,948.48,980.7025
2025-02-02 08:00:00,8,6,2,1,19.69,58.5,12.1,987.91,1026.79,1017.02,983.9654166666668
2025-02-02 09:00:00,9,6,2,1,22.54,29.0,14.0,890.79,987.91,885.46,982.7525
2025-02-02 10:00:00,10,6,2,1,26.59,44.9,15.7,1075.63,890.79,981.98,982.9745833333333
2025-02-02 11:00:00,11,6,2,1,29.23,25.9,17.0,1038.66,1075.63,1046.36,986.8766666666666
2025-02-02 12:00:00,12,6,2,1,28.64,35.5,17.7,1051.48,1038.66,1066.73,986.5558333333333
2025-02-02 13:00:00,13,6,2,1,31.24,33.8,18.0,1074.6,1051.48,1105.35,985.9204166666667
2025-02-02 14:00:00,14,6,2,1,32.5,38.8,17.7,1123.07,1074.6,1106.45,984.6391666666667
2025-02-02 15:00:00,15,6,2,1,30.34,22.5,17.0,1088.4,1123.07,1097.25,985.3316666666666
2025-02-02 16:00:00,16,6,2,1,30.45,25.4,15.7,1033.62,1088.4,1092.82,984.9629166666667
2025-02-02 17:00:00,17,6,2,1,31.52,29.7,14.0,1043.27,1033.62,973.23,982.49625
2025-02-02 18:00:00,18,6,2,1,27.26,23.0,12.1,913.34,1043.27,893.13,985.4145833333333
2025-02-02 19:00:00,19,6,2,1,19.79,38.4,9.8,1009.7,913.34,953.07,986.2566666666667
2025-02-02 20:00:00,20,6,2,1,19.7,21.8,7.5,822.05,1009.7,837.3,988.61625
2025-02-02 21:00:00,21,6,2,1,16.25,28.4,7.5,929.11,822.05,949.45,987.9808333333334
2025-02-02 22:00:00,22,6,2,1,14.07,58.4,7.5,1031.77,929.11,1027.01,987.1333333333333
2025-02-02 23:00:00,23,6,2,1,14.55,30.4,7.5,848.93,1031.77,950.55,987.3316666666666
2025-02-03 00:00:00,0,0,2,0,9.85,115.1,25.0,2028.95,848.93,958.71,983.0975
2025-02-03 01:00:00,1,0,2,0,9.05,123.3,25.0,2059.08,2028.95,980.9,1027.6908333333333
2025-02-03 02:00:00,2,0,2,0,7.87,163.0,25.0,2153.14,2059.08,862.92,1072.615
2025-02-03 03:00:00,3,0,2,0,9.49,160.3,25.0,2140.53,2153.14,1029.88,1126.3741666666667
2025-02-03 04:00:00,4,0,2,0,9.96,156.7,25.0,2130.82,2140.53,947.31,1172.65125
2025-02-03 05:00:00,5,0,2,0,11.05,164.0,25.0,2212.87,2130.82,842.92,1221.9641666666666
2025-02-03 06:00:00,6,0,2,0,14.93,110.6,25.0,2000.72,2212.87,982.58,1279.0454166666666
2025-02-03 07:00:00,7,0,2,0,15.02,126.0,32.8,2095.68,2000.72,1026.79,1321.4679166666667
2025-02-03 08:00:00,8,0,2,0,20.7,305.7,40.2,4373.22,2095.68,987.91,1366.0049999999999
2025-02-03 09:00:00,9,0,2,0,22.45,287.6,46.8,4269.32,4373.22,890.79,1507.0595833333334
2025-02-03 10:00:00,10,0,2,0,24.81,318.5,52.4,4419.25,4269.32,1075.63,1647.8316666666667
2025-02-03 11:00:00,11,0,2,0,29.6,303.1,56.5,4423.79,4419.25,1038.66,1787.1491666666668
2025-02-03 12:00:00,12,0,2,0,28.38,359.5,59.1,4551.87,4423.79,1051.48,1928.19625
2025-02-03 13:00:00,13,0,2,0,28.79,340.3,60.0,4604.18,4551.87,1074.6,2074.045833333333
2025-02-03 14:00:00,14,0,2,0,32.61,343.0,59.1,4566.61,4604.18,1123.07,2221.1116666666667
2025-02-03 15:00:00,15,0,2,0,29.77,308.7,56.5,4489.13,4566.61,1088.4,2364.5925
2025-02-03 16:00:00,16,0,2,0,28.1,295.3,52.4,4376.86,4489.13,1033.62,2506.2895833333337
2025-02-03 17:00:00,17,0,2,0,27.87,213.1,46.8,3427.41,4376.86,1043.27,2645.59125
2025-02-03 18:00:00,18,0,2,0,23.69,286.0,40.2,3693.14,3427.41,913.34,2744.9304166666666
2025-02-03 19:00:00,19,0,2,0,25.53,256.4,32.8,3523.56,3693.14,1009.7,2860.755416666667
2025-02-03 20:00:00,20,0,2,0,21.17,232.6,25.0,3387.75,3523.56,822.05,2965.4995833333337
2025-02-03 21:00:00,21,0,2,0,16.61,285.7,25.0,3644.14,3387.75,929.11,3072.40375
2025-02-03 22:00:00,22,0,2,0,13.46,272.4,25.0,3395.96,3644.14,1031.77,3185.53
2025-02-03 23:00:00,23,0,2,0,9.64,124.3,25.0,2078.46,3395.96,848.93,3284.037916666666
2025-02-04 00:00:00,0,1,2,0,9.06,133.2,25.0,2115.82,2078.46,2028.95,3335.2683333333334
2025-02-04 01:00:00,1,1,2,0,4.5,115.0,25.0,2035.53,2115.82,2059.08,3338.8879166666666
2025-02-04 02:00:00,2,1,2,0,7.28,166.8,25.0,2266.44,2035.53,2153.14,3337.9066666666663
2025-02-04 03:00:00,3,1,2,0,9.43,158.6,25.0,2245.81,2266.44,2140.53,3342.6275
2025-02-04 04:00:00,4,1,2,0,9.77,120.6,25.0,2095.34,2245.81,2130.82,3347.0141666666664
2025-02-04 05:00:00,5,1,2,0,10.76,129.8,25.0,2079.12,2095.34,2212.87,3345.5358333333334
2025-02-04 06:00:00,6,1,2,0,15.04,119.0,25.0,1926.54,2079.12,2000.72,3339.962916666667
2025-02-04 07:00:00,7,1,2,0,15.26,113.8,32.8,1973.32,1926.54,2095.68,3336.872083333333
2025-02-04 08:00:00,8,1,2,0,21.83,298.4,40.2,4350.27,1973.32,4373.22,3331.7737500000003
2025-02-04 09:00:00,9,1,2,0,20.52,347.9,46.8,4470.73,4350.27,4269.32,3330.8175000000006
2025-02-04 10:00:00,10,1,2,0,27.3,306.0,52.4,4427.59,4470.73,4419.25,3339.2095833333333
2025-02-04 11:00:00,11,1,2,0,29.66,294.5,56.5,4389.08,4427.59,4423.79,3339.557083333333
2025-02-04 12:00:00,12,1,2,0,32.58,344.5,59.1,4565.6,4389.08,4551.87,3338.1108333333336
2025-02-04 13:00:00,13,1,2,0,31.72,332.9,60.0,4546.82,4565.6,4604.18,3338.6829166666666
2025-02-04 14:00:00,14,1,2,0,32.72,336.7,59.1,4590.28,4546.82,4566.61,3336.2929166666668
2025-02-04 15:00:00,15,1,2,0,32.57,326.7,56.5,4507.33,4590.28,4489.13,3337.2791666666667
2025-02-04 16:00:00,16,1,2,0,31.85,303.7,52.4,4510.87,4507.33,4376.86,3338.0375
2025-02-04 17:00:00,17,1,2,0,31.48,218.2,46.8,3620.67,4510.87,3427.41,3343.62125
2025-02-04 18:00:00,18,1,2,0,27.62,239.5,40.2,3537.22,3620.67,3693.14,3351.67375
2025-02-04 19:00:00,19,1,2,0,23.45,246.9,32.8,3477.7,3537.22,3523.56,3345.1770833333335
2025-02-04 20:00:00,20,1,2,0,19.37,268.3,25.0,3567.0,3477.7,3387.75,3343.26625
2025-02-04 21:00:00,21,1,2,0,16.06,274.6,25.0,3510.79,3567.0,3644.14,3350.735
2025-02-04 22:00:00,22,1,2,0,15.59,236.8,25.0,3459.16,3510.79,3395.96,3345.1787499999996
2025-02-04 23:00:00,23,1,2,0,11.51,149.3,25.0,2187.25,3459.16,2078.46,3347.8120833333337
2025-02-05 00:00:00,0,2,2,0,10.29,136.6,25.0,2084.8,2187.25,2115.82,3352.345
2025-02-05 01:00:00,1,2,2,0,7.97,161.4,25.0,2199.79,2084.8,2035.53,3351.0525000000002
2025-02-05 02:00:00,2,2,2,0,7.91,168.7,25.0,2251.29,2199.79,2266.44,3357.896666666667
2025-02-05 03:00:00,3,2,2,0,9.74,126.4,25.0,2096.04,2251.29,2245.81,3357.265416666667
2025-02-05 04:00:00,4,2,2,0,12.34,148.3,25.0,2154.8,2096.04,2095.34,3351.025
2025-02-05 05:00:00,5,2,2,0,12.25,170.4,25.0,2213.44,2154.8,2079.12,3353.5025
2025-02-05 06:00:00,6,2,2,0,12.51,148.7,25.0,2142.07,2213.44,1926.54,3359.099166666667
2025-02-05 07:00:00,7,2,2,0,16.18,170.6,32.8,2198.99,2142.07,1973.32,3368.0795833333336
2025-02-05 08:00:00,8,2,2,0,20.56,303.2,40.2,4367.92,2198.99,4350.27,3377.4825
2025-02-05 09:00:00,9,2,2,0,24.13,343.7,46.8,4426.38,4367.92,4470.73,3378.2179166666665
2025-02-05 10:00:00,10,2,2,0,26.1,325.7,52.4,4426.2,4426.38,4427.59,3376.3700000000003
2025-02-05 11:00:00,11,2,2,0,26.94,303.0,56.5,4322.81,4426.2,4389.08,3376.3120833333337
2025-02-05 12:00:00,12,2,2,0,32.22,329.7,59.1,4541.03,4322.81,4565.6,3373.5508333333332
2025-02-05 13:00:00,13,2,2,0,30.79,312.4,60.0,4411.62,4541.03,4546.82,3372.527083333333
2025-02-05 14:00:00,14,2,2,0,31.35,334.8,59.1,4576.65,4411.62,4590.28,3366.8937499999997
2025-02-05 15:00:00,15,2,2,0,31.83,309.9,56.5,4520.51,4576.65,4507.33,3366.325833333334
2025-02-05 16:00:00,16,2,2,0,28.61,333.7,52.4,4553.93,4520.51,4510.87,3366.875
2025-02-05 17:00:00,17,2,2,0,27.87,243.5,46.8,3523.4,4553.93,3620.67,3368.669166666667
2025-02-05 18:00:00,18,2,2,0,25.24,232.2,40.2,3346.64,3523.4,3537.22,3364.6162499999996
2025-02-05 19:00:00,19,2,2,0,23.16,288.4,32.8,3578.84,3346.64,3477.7,3356.6754166666665
2025-02-05 20:00:00,20,2,2,0,22.27,224.3,25.0,3341.87,3578.84,3567.0,3360.889583333333
2025-02-05 21:00:00,21,2,2,0,14.12,266.4,25.0,3487.3,3341.87,3510.79,3351.5091666666667
2025-02-05 22:00:00,22,2,2,0,12.76,241.8,25.0,3405.99,3487.3,3459.16,3350.530416666667
2025-02-05 23:00:00,23,2,2,0,10.13,143.8,25.0,2090.96,3405.99,2187.25,3348.315
2025-02-06 00:00:00,0,3,2,0,9.74,156.0,25.0,2200.16,2090.96,2084.8,3344.302916666667
2025-02-06 01:00:00,1,3,2,0,7.59,115.4,25.0,2015.9,2200.16,2199.79,3349.109583333333
2025-02-06 02:00:00,2,3,2,0,10.25,151.9,25.0,2223.14,2015.9,2251.29,3341.4475
2025-02-06 03:00:00,3,3,2,0,9.63,128.7,25.0,2027.11,2223.14,2096.04,3340.2745833333333
2025-02-06 04:00:00,4,3,2,0,7.25,159.5,25.0,2237.29,2027.11,2154.8,3337.4025
2025-02-06 05:00:00,5,3,2,0,13.04,129.0,25.0,2091.98,2237.29,2213.44,3340.839583333333
2025-02-06 06:00:00,6,3,2,0,13.68,176.3,25.0,2271.94,2091.98,2142.07,3335.77875
2025-02-06 07:00:00,7,3,2,0,18.47,151.1,32.8,2216.58,2271.94,2198.99,3341.19
2025-02-06 08:00:00,8,3,2,0,20.07,312.7,40.2,4355.86,2216.58,4367.92,3341.9229166666664
2025-02-06 09:00:00,9,3,2,0,23.96,300.2,46.8,4317.44,4355.86,4426.38,3341.4204166666664
2025-02-06 10:00:00,10,3,2,0,25.42,311.9,52.4,4409.12,4317.44,4426.2,3336.88125
2025-02-06 11:00:00,11,3,2,0,28.45,333.8,56.5,4519.98,4409.12,4322.81,3336.169583333333
2025-02-06 12:00:00,12,3,2,0,30.87,287.4,59.1,4403.6,4519.98,4541.03,3344.385
2025-02-06 13:00:00,13,3,2,0,30.94,314.7,60.0,4427.79,4403.6,4411.62,3338.65875
2025-02-06 14:00:00,14,3,2,0,32.02,337.9,59.1,4603.75,4427.79,4576.65,3339.3325000000004
2025-02-06 15:00:00,15,3,2,0,29.65,329.1,56.5,4562.52,4603.75,4520.51,3340.4616666666666
2025-02-06 16:00:00,16,3,2,0,30.93,337.1,52.4,4610.69,4562.52,4553.93,3342.2120833333333
2025-02-06 17:00:00,17,3,2,0,27.31,211.1,46.8,3347.62,4610.69,3523.4,3344.577083333333
2025-02-06 18:00:00,18,3,2,0,28.56,231.7,40.2,3465.77,3347.62,3346.64,3337.252916666667
2025-02-06 19:00:00,19,3,2,0,22.24,258.5,32.8,3510.16,3465.77,3578.84,3342.2166666666667
2025-02-06 20:00:00,20,3,2,0,20.61,286.1,25.0,3624.56,3510.16,3341.87,3339.355
2025-02-06 21:00:00,21,3,2,0,17.01,275.8,25.0,3598.55,3624.56,3487.3,3351.1337499999995
2025-02-06 22:00:00,22,3,2,0,16.13,226.0,25.0,3406.49,3598.55,3405.99,3355.769166666667
2025-02-06 23:00:00,23,3,2,0,10.37,161.7,25.0,2205.64,3406.49,2090.96,3355.7900000000004
2025-02-07 00:00:00,0,4,2,0,9.84,136.0,25.0,2140.86,2205.64,2200.16,3360.568333333333
2025-02-07 01:00:00,1,4,2,0,7.23,147.7,25.0,2088.7,2140.86,2015.9,3358.0975000000003
2025-02-07 02:00:00,2,4,2,0,9.66,172.7,25.0,2274.66,2088.7,2223.14,3361.130833333333
2025-02-07 03:00:00,3,4,2,0,6.4,141.8,25.0,2159.69,2274.66,2027.11,3363.2775
2025-02-07 04:00:00,4,4,2,0,7.18,159.4,25.0,2103.7,2159.69,2237.29,3368.8016666666663
2025-02-07 05:00:00,5,4,2,0,10.69,155.5,25.0,2219.05,2103.7,2091.98,3363.235416666667
2025-02-07 06:00:00,6,4,2,0,12.96,141.1,25.0,2125.92,2219.05,2271.94,3368.5299999999993
2025-02-07 07:00:00,7,4,2,0,16.15,144.4,32.8,2203.24,2125.92,2216.58,3362.445833333333
2025-02-07 08:00:00,8,4,2,0,18.95,332.4,40.2,4420.32,2203.24,4355.86,3361.89
2025-02-07 09:00:00,9,4,2,0,24.29,292.8,46.8,4312.63,4420.32,4317.44,3364.575833333334
2025-02-07 10:00:00,10,4,2,0,24.96,345.1,52.4,4522.89,4312.63,4409.12,3364.3754166666663
2025-02-07 11:00:00,11,4,2,0,26.86,303.1,56.5,4345.5,4522.89,4519.98,3369.1158333333333
2025-02-07 12:00:00,12,4,2,0,27.18,321.2,59.1,4480.99,4345.5,4403.6,3361.845833333333
2025-02-07 13:00:00,13,4,2,0,32.31,308.3,60.0,4525.13,4480.99,4427.79,3365.070416666667
2025-02-07 14:00:00,14,4,2,0,30.28,304.6,59.1,4388.59,4525.13,4603.75,3369.12625
2025-02-07 15:00:00,15,4,2,0,31.25,320.5,56.5,4489.13,4388.59,4562.52,3360.1612499999997
2025-02-07 16:00:00,16,4,2,0,28.29,324.3,52.4,4489.41,4489.13,4610.69,3357.103333333334
2025-02-07 17:00:00,17,4,2,0,29.87,278.7,46.8,3703.37,4489.41,3347.62,3352.0499999999997
2025-02-07 18:00:00,18,4,2,0,25.42,278.7,40.2,3673.09,3703.37,3465.77,3366.8729166666667
2025-02-07 19:00:00,19,4,2,0,23.82,258.8,32.8,3458.86,3673.09,3510.16,3375.51125
2025-02-07 20:00:00,20,4,2,0,18.44,224.3,25.0,3402.91,3458.86,3624.56,3373.37375
2025-02-07 21:00:00,21,4,2,0,18.36,219.4,25.0,3392.01,3402.91,3598.55,3364.138333333334
2025-02-07 22:00:00,22,4,2,0,13.58,251.2,25.0,3490.61,3392.01,3406.49,3355.5325
2025-02-07 23:00:00,23,4,2,0,11.19,134.8,25.0,2088.0,3490.61,2205.64,3359.0375
2025-02-08 00:00:00,0,5,2,1,7.48,40.8,7.5,976.74,2088.0,2140.86,3354.1358333333333
2025-02-08 01:00:00,1,5,2,1,6.34,22.3,7.5,854.19,976.74,2088.7,3305.630833333333
2025-02-08 02:00:00,2,5,2,1,8.17,28.8,7.5,924.22,854.19,2274.66,3254.1929166666664
2025-02-08 03:00:00,3,5,2,1,6.03,42.3,7.5,870.87,924.22,2159.69,3197.9245833333334
2025-02-08 04:00:00,4,5,2,1,11.24,41.6,7.5,1000.53,870.87,2103.7,3144.2237500000006
2025-02-08 05:00:00,5,5,2,1,7.56,26.9,7.5,897.07,1000.53,2219.05,3098.258333333333
2025-02-08 06:00:00,6,5,2,1,14.82,54.8,7.5,1103.01,897.07,2125.92,3043.1758333333332
2025-02-08 07:00:00,7,5,2,1,15.51,24.6,9.8,899.86,1103.01,2203.24,3000.554583333334
2025-02-08 08:00:00,8,5,2,1,20.65,33.5,12.1,885.81,899.86,4420.32,2946.2470833333336
2025-02-08 09:00:00,9,5,2,1,24.39,28.3,14.0,898.7,885.81,4312.63,2798.9758333333334
2025-02-08 10:00:00,10,5,2,1,21.97,28.2,15.7,913.56,898.7,4522.89,2656.7287499999998
2025-02-08 11:00:00,11,5,2,1,32.42,20.7,17.0,975.04,913.56,4345.5,2506.3399999999997
2025-02-08 12:00:00,12,5,2,1,28.75,45.1,17.7,1089.52,975.04,4480.99,2365.9041666666667
2025-02-08 13:00:00,13,5,2,1,32.01,20.4,18.0,1095.7,1089.52,4525.13,2224.592916666667
2025-02-08 14:00:00,14,5,2,1,32.54,53.4,17.7,1166.9,1095.7,4388.59,2081.7000000000003
2025-02-08 15:00:00,15,5,2,1,33.24,39.4,17.0,1082.65,1166.9,4489.13,1947.4629166666666
2025-02-08 16:00:00,16,5,2,1,30.89,38.1,15.7,1050.1,1082.65,4489.41,1805.5262500000001
2025-02-08 17:00:00,17,5,2,1,27.29,55.3,14.0,1061.25,1050.1,3703.37,1662.2216666666666
2025-02-08 18:00:00,18,5,2,1,25.59,35.5,12.1,1000.66,1061.25,3673.09,1552.1333333333334
2025-02-08 19:00:00,19,5,2,1,22.2,41.7,9.8,962.68,1000.66,3458.86,1440.7820833333333
2025-02-08 20:00:00,20,5,2,1,19.56,35.0,7.5,988.47,962.68,3402.91,1336.7745833333333
2025-02-08 21:00:00,21,5,2,1,14.08,59.9,7.5,1050.28,988.47,3392.01,1236.1729166666667
2025-02-08 22:00:00,22,5,2,1,12.12,28.8,7.5,838.09,1050.28,3490.61,1138.6008333333334
2025-02-08 23:00:00,23,5,2,1,10.61,22.7,7.5,782.02,838.09,2088.0,1028.0791666666667
2025-02-09 00:00:00,0,6,2,1,11.54,48.9,7.5,1024.24,782.02,976.74,973.6633333333333
2025-02-09 01:00:00,1,6,2,1,9.39,20.3,7.5,820.9,1024.24,854.19,975.6424999999999
2025-02-09 02:00:00,2,6,2,1,8.4,39.4,7.5,1012.48,820.9,924.22,974.2554166666667
2025-02-09 03:00:00,3,6,2,1,9.09,22.7,7.5,946.44,1012.48,870.87,977.9329166666666
2025-02-09 04:00:00,4,6,2,1,10.73,51.3,7.5,1017.77,946.44,1000.53,981.0816666666666
2025-02-09 05:00:00,5,6,2,1,12.13,40.7,7.5,910.81,1017.77,897.07,981.8000000000001
2025-02-09 06:00:00,6,6,2,1,12.92,44.8,7.5,988.93,910.81,1103.01,982.3725000000001
2025-02-09 07:00:00,7,6,2,1,17.34,27.8,9.8,921.3,988.93,899.86,977.6191666666667
2025-02-09 08:00:00,8,6,2,1,20.81,56.3,12.1,1073.75,921.3,885.81,978.5124999999999
2025-02-09 09:00:00,9,6,2,1,23.39,46.2,14.0,1012.61,1073.75,898.7,986.3433333333334
2025-02-09 10:00:00,10,6,2,1,25.86,45.3,15.7,945.68,1012.61,913.56,991.0895833333334
2025-02-09 11:00:00,11,6,2,1,27.21,48.7,17.0,1008.22,945.68,975.04,992.4279166666665
2025-02-09 12:00:00,12,6,2,1,29.26,32.6,17.7,982.19,1008.22,1089.52,993.8104166666667
2025-02-09 13:00:00,13,6,2,1,31.61,37.0,18.0,1113.07,982.19,1095.7,989.3383333333335
2025-02-09 14:00:00,14,6,2,1,32.33,27.5,17.7,1027.82,1113.07,1166.9,990.0620833333334
2025-02-09 15:00:00,15,6,2,1,32.36,35.3,17.0,1125.82,1027.82,1082.65,984.2670833333333
2025-02-09 16:00:00,16,6,2,1,31.78,51.8,15.7,1082.5,1125.82,1050.1,986.0658333333334
2025-02-09 17:00:00,17,6,2,1,28.74,30.6,14.0,1021.23,1082.5,1061.25,987.4158333333334
2025-02-09 18:00:00,18,6,2,1,24.77,33.0,12.1,906.65,1021.23,1000.66,985.7483333333333
2025-02-09 19:00:00,19,6,2,1,23.8,47.8,9.8,914.89,906.65,962.68,981.8312499999998
2025-02-09 20:00:00,20,6,2,1,21.57,30.6,7.5,935.22,914.89,988.47,979.84
2025-02-09 21:00:00,21,6,2,1,15.85,51.1,7.5,1015.28,935.22,1050.28,977.62125
2025-02-09 22:00:00,22,6,2,1,12.58,23.5,7.5,948.82,1015.28,838.09,976.1629166666667
2025-02-09 23:00:00,23,6,2,1,12.04,37.3,7.5,866.13,948.82,782.02,980.7766666666666
2025-02-10 00:00:00,0,0,2,0,7.75,112.7,25.0,2070.43,866.13,1024.24,984.28125
2025-02-10 01:00:00,1,0,2,0,7.91,172.9,25.0,2279.43,2070.43,820.9,1027.8725
2025-02-10 02:00:00,2,0,2,0,7.3,173.1,25.0,2276.31,2279.43,1012.48,1088.6445833333332
2025-02-10 03:00:00,3,0,2,0,9.54,150.4,25.0,2188.61,2276.31,946.44,1141.3041666666666
2025-02-10 04:00:00,4,0,2,0,9.46,170.1,25.0,2213.21,2188.61,1017.77,1193.06125
2025-02-10 05:00:00,5,0,2,0,11.46,119.1,25.0,2036.2,2213.21,910.81,1242.87125
2025-02-10 06:00:00,6,0,2,0,11.28,164.9,25.0,2244.95,2036.2,988.93,1289.7625
2025-02-10 07:00:00,7,0,2,0,17.83,155.8,32.8,2241.51,2244.95,921.3,1342.0966666666666
2025-02-10 08:00:00,8,0,2,0,21.61,341.0,40.2,4565.94,2241.51,1073.75,1397.1054166666665
2025-02-10 09:00:00,9,0,2,0,23.48,330.0,46.8,4480.21,4565.94,1012.61,1542.6133333333335
2025-02-10 10:00:00,10,0,2,0,28.65,326.5,52.4,4481.52,4480.21,945.68,1687.0966666666666
2025-02-10 11:00:00,11,0,2,0,29.24,311.1,56.5,4392.89,4481.52,1008.22,1834.4233333333332
2025-02-10 12:00:00,12,0,2,0,30.08,354.3,59.1,4660.17,4392.89,982.19,1975.4512499999998
2025-02-10 13:00:00,13,0,2,0,32.53,322.2,60.0,4597.08,4660.17,1113.07,2128.700416666667
2025-02-10 14:00:00,14,0,2,0,31.9,327.5,59.1,4536.44,4597.08,1027.82,2273.8675
2025-02-10 15:00:00,15,0,2,0,30.0,334.0,56.5,4623.16,4536.44,1125.82,2420.06
2025-02-10 16:00:00,16,0,2,0,30.39,355.3,52.4,4587.22,4623.16,1082.5,2565.7825
2025-02-10 17:00:00,17,0,2,0,30.0,265.3,46.8,3693.38,4587.22,1021.23,2711.8125
2025-02-10 18:00:00,18,0,2,0,26.61,232.0,40.2,3399.55,3693.38,906.65,2823.152083333333
2025-02-10 19:00:00,19,0,2,0,23.95,257.9,32.8,3457.54,3399.55,914.89,2927.022916666667
2025-02-10 20:00:00,20,0,2,0,21.43,246.4,25.0,3474.63,3457.54,935.22,3032.966666666667
2025-02-10 21:00:00,21,0,2,0,19.23,223.6,25.0,3404.97,3474.63,1015.28,3138.775416666667
2025-02-10 22:00:00,22,0,2,0,12.53,277.1,25.0,3707.53,3404.97,948.82,3238.3458333333333
2025-02-10 23:00:00,23,0,2,0,11.88,138.1,25.0,2062.76,3707.53,866.13,3353.2920833333333
2025-02-11 00:00:00,0,1,2,0,9.83,129.4,25.0,2115.77,2062.76,2070.43,3403.1516666666666
2025-02-11 01:00:00,1,1,2,0,7.71,151.5,25.0,2158.56,2115.77,2279.43,3405.040833333333
2025-02-11 02:00:00,2,1,2,0,6.79,112.2,25.0,2009.39,2158.56,2276.31,3400.0045833333334
2025-02-11 03:00:00,3,1,2,0,6.71,152.5,25.0,2197.09,2009.39,2188.61,3388.882916666667
2025-02-11 04:00:00,4,1,2,0,9.36,170.4,25.0,2246.74,2197.09,2213.21,3389.23625
2025-02-11 05:00:00,5,1,2,0,12.86,161.6,25.0,2175.38,2246.74,2036.2,3390.6333333333337
2025-02-11 06:00:00,6,1,2,0,14.43,179.8,25.0,2276.28,2175.38,2244.95,3396.4325000000003
2025-02-11 07:00:00,7,1,2,0,16.12,142.6,32.8,2122.5,2276.28,2241.51,3397.7379166666665
2025-02-11 08:00:00,8,1,2,0,20.51,358.0,40.2,4553.68,2122.5,4565.94,3392.7791666666667
2025-02-11 09:00:00,9,1,2,0,22.8,355.0,46.8,4494.84,4553.68,4480.21,3392.2683333333334
2025-02-11 10:00:00,10,1,2,0,25.01,285.7,52.4,4251.36,4494.84,4481.52,3392.877916666667
2025-02-11 11:00:00,11,1,2,0,27.75,317.5,56.5,4440.56,4251.36,4392.89,3383.2879166666667
2025-02-11 12:00:00,12,1,2,0,27.84,293.4,59.1,4342.49,4440.56,4660.17,3385.2741666666666
2025-02-11 13:00:00,13,1,2,0,29.79,343.9,60.0,4543.24,4342.49,4597.08,3372.0375000000004
2025-02-11 14:00:00,14,1,2,0,31.43,298.6,59.1,4421.57,4543.24,4536.44,3369.7941666666666
2025-02-11 15:00:00,15,1,2,0,30.91,308.4,56.5,4483.8,4421.57,4623.16,3365.007916666667
2025-02-11 16:00:00,16,1,2,0,29.82,296.8,52.4,4427.05,4483.8,4587.22,3359.20125
2025-02-11 17:00:00,17,1,2,0,28.44,237.4,46.8,3460.82,4427.05,3693.38,3352.5275
2025-02-11 18:00:00,18,1,2,0,28.03,234.2,40.2,3492.08,3460.82,3399.55,3342.8375
2025-02-11 19:00:00,19,1,2,0,23.38,221.0,32.8,3477.82,3492.08,3457.54,3346.692916666667
2025-02-11 20:00:00,20,1,2,0,17.86,221.5,25.0,3393.91,3477.82,3474.63,3347.537916666666
2025-02-11 21:00:00,21,1,2,0,16.77,249.0,25.0,3425.76,3393.91,3404.97,3344.1745833333334
2025-02-11 22:00:00,22,1,2,0,12.22,234.5,25.0,3303.62,3425.76,3707.53,3345.040833333334
2025-02-11 23:00:00,23,1,2,0,14.26,160.8,25.0,2237.14,3303.62,2062.76,3328.2112500000003
2025-02-12 00:00:00,0,2,2,0,8.99,164.4,25.0,2250.61,2237.14,2115.77,3335.477083333333
2025-02-12 01:00:00,1,2,2,0,7.99,147.7,25.0,2188.8,2250.61,2158.56,3341.095416666667
2025-02-12 02:00:00,2,2,2,0,10.55,123.7,25.0,2056.2,2188.8,2009.39,3342.3554166666668
2025-02-12 03:00:00,3,2,2,0,10.28,144.5,25.0,2135.88,2056.2,2197.09,3344.3058333333333
2025-02-12 04:00:00,4,2,2,0,9.2,135.3,25.0,2151.23,2135.88,2246.74,3341.755416666667
2025-02-12 05:00:00,5,2,2,0,13.86,133.0,25.0,2082.63,2151.23,2175.38,3337.7758333333336
2025-02-12 06:00:00,6,2,2,0,14.39,118.8,25.0,1984.69,2082.63,2276.28,3333.9112500000006
2025-02-12 07:00:00,7,2,2,0,20.22,150.6,32.8,2154.59,1984.69,2122.5,3321.7616666666668
2025-02-12 08:00:00,8,2,2,0,16.85,298.4,40.2,4352.04,2154.59,4553.68,3323.0987500000006
2025-02-12 09:00:00,9,2,2,0,23.43,332.9,46.8,4395.07,4352.04,4494.84,3314.697083333333
2025-02-12 10:00:00,10,2,2,0,24.64,294.8,52.4,4278.91,4395.07,4251.36,3310.5400000000004
2025-02-12 11:00:00,11,2,2,0,27.66,294.6,56.5,4402.31,4278.91,4440.56,3311.6879166666663
2025-02-12 12:00:00,12,2,2,0,30.49,354.2,59.1,4662.06,4402.31,4342.49,3310.094166666667
2025-02-12 13:00:00,13,2,2,0,33.42,291.4,60.0,4433.2,4662.06,4543.24,3323.4095833333336
2025-02-12 14:00:00,14,2,2,0,32.17,309.4,59.1,4464.1,4433.2,4421.57,3318.8245833333335
2025-02-12 15:00:00,15,2,2,0,30.79,347.6,56.5,4644.29,4464.1,4483.8,3320.596666666667
2025-02-12 16:00:00,16,2,2,0,29.37,333.8,52.4,4514.0,4644.29,4427.05,3327.28375
2025-02-12 17:00:00,17,2,2,0,27.23,279.9,46.8,3598.85,4514.0,3460.82,3330.906666666667
2025-02-12 18:00:00,18,2,2,0,26.44,210.1,40.2,3376.02,3598.85,3492.08,3336.657916666667
2025-02-12 19:00:00,19,2,2,0,22.15,260.2,32.8,3526.28,3376.02,3477.82,3331.822083333333
2025-02-12 20:00:00,20,2,2,0,18.93,246.7,25.0,3442.5,3526.28,3393.91,3333.84125
2025-02-12 21:00:00,21,2,2,0,15.49,248.9,25.0,3432.68,3442.5,3425.76,3335.8658333333333
2025-02-12 22:00:00,22,2,2,0,13.9,229.1,25.0,3427.39,3432.68,3303.62,3336.1541666666667
2025-02-12 23:00:00,23,2,2,0,10.6,142.6,25.0,2152.28,3427.39,2237.14,3341.31125
2025-02-13 00:00:00,0,3,2,0,12.52,144.1,25.0,2074.22,2152.28,2250.61,3337.775416666667
2025-02-13 01:00:00,1,3,2,0,7.62,180.0,25.0,2336.01,2074.22,2188.8,3330.4258333333332
2025-02-13 02:00:00,2,3,2,0,7.1,167.9,25.0,2177.83,2336.01,2056.2,3336.559583333333
2025-02-13 03:00:00,3,3,2,0,9.56,145.7,25.0,2153.16,2177.83,2135.88,3341.6275
2025-02-13 04:00:00,4,3,2,0,8.63,145.7,25.0,2143.35,2153.16,2151.23,3342.3475
2025-02-13 05:00:00,5,3,2,0,8.39,112.4,25.0,2094.55,2143.35,2082.63,3342.0191666666665
2025-02-13 06:00:00,6,3,2,0,11.67,168.7,25.0,2217.3,2094.55,1984.69,3342.515833333333
2025-02-13 07:00:00,7,3,2,0,16.04,113.5,32.8,2035.67,2217.3,2154.59,3352.2079166666667
2025-02-13 08:00:00,8,3,2,0,18.78,328.7,40.2,4403.65,2035.67,4352.04,3347.2529166666664
2025-02-13 09:00:00,9,3,2,0,22.43,310.4,46.8,4415.31,4403.65,4395.07,3349.4033333333336
2025-02-13 10:00:00,10,3,2,0,26.49,340.1,52.4,4496.23,4415.31,4278.91,3350.2466666666664
2025-02-13 11:00:00,11,3,2,0,29.51,299.0,56.5,4497.76,4496.23,4402.31,3359.3016666666667
2025-02-13 12:00:00,12,3,2,0,29.43,354.3,59.1,4616.06,4497.76,4662.06,3363.2787499999995
2025-02-13 13:00:00,13,3,2,0,31.74,281.5,60.0,4446.72,4616.06,4433.2,3361.3620833333334
2025-02-13 14:00:00,14,3,2,0,30.95,342.0,59.1,4549.79,4446.72,4464.1,3361.9254166666665
2025-02-13 15:00:00,15,3,2,0,31.73,282.4,56.5,4402.92,4549.79,4644.29,3365.495833333333
2025-02-13 16:00:00,16,3,2,0,31.43,354.7,52.4,4595.02,4402.92,4514.0,3355.43875
2025-02-13 17:00:00,17,3,2,0,29.79,264.3,46.8,3604.91,4595.02,3598.85,3358.8145833333333
2025-02-13 18:00:00,18,3,2,0,26.5,285.8,40.2,3671.83,3604.91,3376.02,3359.0670833333334
2025-02-13 19:00:00,19,3,2,0,24.42,232.2,32.8,3473.12,3671.83,3526.28,3371.3925
2025-02-13 20:00:00,20,3,2,0,18.37,289.2,25.0,3558.37,3473.12,3442.5,3369.1775000000002
2025-02-13 21:00:00,21,3,2,0,14.43,216.3,25.0,3321.28,3558.37,3432.68,3374.005416666667
2025-02-13 22:00:00,22,3,2,0,13.3,237.5,25.0,3367.37,3321.28,3427.39,3369.36375
2025-02-13 23:00:00,23,3,2,0,12.0,175.0,25.0,2203.02,3367.37,2152.28,3366.8629166666665
2025-02-14 00:00:00,0,4,2,0,9.52,120.5,25.0,2069.49,2203.02,2074.22,3368.977083333333
2025-02-14 01:00:00,1,4,2,0,8.13,145.1,25.0,2067.68,2069.49,2336.01,3368.78
2025-02-14 02:00:00,2,4,2,0,9.24,156.3,25.0,2220.44,2067.68,2177.83,3357.599583333333
2025-02-14 03:00:00,3,4,2,0,6.99,150.5,25.0,2240.0,2220.44,2153.16,3359.375
2025-02-14 04:00:00,4,4,2,0,9.2,138.2,25.0,2141.42,2240.0,2143.35,3362.9933333333333
2025-02-14 05:00:00,5,4,2,0,10.28,158.4,25.0,2164.08,2141.42,2094.55,3362.9129166666667
2025-02-14 06:00:00,6,4,2,0,12.75,122.9,25.0,1971.95,2164.08,2217.3,3365.81
2025-02-14 07:00:00,7,4,2,0,17.42,168.2,32.8,2203.02,1971.95,2035.67,3355.5870833333333
2025-02-14 08:00:00,8,4,2,0,19.91,322.5,40.2,4321.58,2203.02,4403.65,3362.56
2025-02-14 09:00:00,9,4,2,0,21.05,304.0,46.8,4423.91,4321.58,4415.31,3359.1404166666666
2025-02-14 10:00:00,10,4,2,0,26.18,293.2,52.4,4287.2,4423.91,4496.23,3359.49875
2025-02-14 11:00:00,11,4,2,0,30.38,352.2,56.5,4594.4,4287.2,4497.76,3350.789166666667
2025-02-14 12:00:00,12,4,2,0,33.26,332.7,59.1,4646.59,4594.4,4616.06,3354.8158333333336
2025-02-14 13:00:00,13,4,2,0,29.11,351.9,60.0,4565.16,4646.59,4446.72,3356.087916666666
2025-02-14 14:00:00,14,4,2,0,32.7,280.9,59.1,4425.97,4565.16,4549.79,3361.0229166666663
2025-02-14 15:00:00,15,4,2,0,29.9,288.4,56.5,4489.7,4425.97,4402.92,3355.86375
2025-02-14 16:00:00,16,4,2,0,30.62,289.5,52.4,4367.89,4489.7,4595.02,3359.4795833333333
2025-02-14 17:00:00,17,4,2,0,28.59,269.1,46.8,3612.69,4367.89,3604.91,3350.015833333333
2025-02-14 18:00:00,18,4,2,0,23.38,252.6,40.2,3502.96,3612.69,3671.83,3350.3399999999997
2025-02-14 19:00:00,19,4,2,0,20.24,285.1,32.8,3561.48,3502.96,3473.12,3343.3037500000005
2025-02-14 20:00:00,20,4,2,0,20.19,214.0,25.0,3316.68,3561.48,3558.37,3346.9854166666664
2025-02-14 21:00:00,21,4,2,0,17.73,246.6,25.0,3394.06,3316.68,3321.28,3336.9150000000004
2025-02-14 22:00:00,22,4,2,0,11.2,230.2,25.0,3438.1,3394.06,3367.37,3339.9475
2025-02-14 23:00:00,23,4,2,0,11.37,167.6,25.0,2286.37,3438.1,2203.02,3342.8945833333332
2025-02-15 00:00:00,0,5,2,1,11.34,34.0,7.5,900.81,2286.37,2069.49,3346.3675000000003
2025-02-15 01:00:00,1,5,2,1,6.13,33.1,7.5,793.26,900.81,2067.68,3297.6725
2025-02-15 02:00:00,2,5,2,1,7.17,53.6,7.5,940.08,793.26,2220.44,3244.5716666666667
2025-02-15 03:00:00,3,5,2,1,7.79,52.3,7.5,1045.63,940.08,2240.0,3191.2233333333334
2025-02-15 04:00:00,4,5,2,1,10.22,38.4,7.5,932.21,1045.63,2141.42,3141.4579166666667
2025-02-15 05:00:00,5,5,2,1,11.8,24.7,7.5,909.07,932.21,2164.08,3091.0741666666668
2025-02-15 06:00:00,6,5,2,1,13.96,41.3,7.5,928.5,909.07,1971.95,3038.7820833333335
2025-02-15 07:00:00,7,5,2,1,17.57,36.3,9.8,888.6,928.5,2203.02,2995.3050000000003
2025-02-15 08:00:00,8,5,2,1,22.59,58.8,12.1,1040.9,888.6,4321.58,2940.5375
2025-02-15 09:00:00,9,5,2,1,21.66,22.7,14.0,871.93,1040.9,4423.91,2803.8425
2025-02-15 10:00:00,10,5,2,1,26.27,44.5,15.7,1026.76,871.93,4287.2,2655.8433333333337
2025-02-15 11:00:00,11,5,2,1,29.56,23.1,17.0,890.28,1026.76,4594.4,2519.9916666666663
2025-02-15 12:00:00,12,5,2,1,31.0,36.1,17.7,1077.31,890.28,4646.59,2365.653333333333
2025-02-15 13:00:00,13,5,2,1,29.53,44.5,18.0,1031.5,1077.31,4565.16,2216.9333333333334
2025-02-15 14:00:00,14,5,2,1,30.4,24.2,17.7,921.63,1031.5,4425.97,2069.6975
2025-02-15 15:00:00,15,5,2,1,30.76,47.0,17.0,1104.39,921.63,4489.7,1923.6833333333334
2025-02-15 16:00:00,16,5,2,1,29.83,35.8,15.7,1020.05,1104.39,4367.89,1782.6287499999999
2025-02-15 17:00:00,17,5,2,1,28.35,53.1,14.0,1050.97,1020.05,3612.69,1643.1354166666667
2025-02-15 18:00:00,18,5,2,1,26.23,26.7,12.1,982.34,1050.97,3502.96,1536.3970833333333
2025-02-15 19:00:00,19,5,2,1,25.74,29.3,9.8,938.11,982.34,3561.48,1431.37125
2025-02-15 20:00:00,20,5,2,1,20.53,58.3,7.5,1004.94,938.11,3316.68,1322.0641666666668
2025-02-15 21:00:00,21,5,2,1,17.23,57.4,7.5,1044.01,1004.94,3394.06,1225.7416666666668
2025-02-15 22:00:00,22,5,2,1,16.2,45.2,7.5,941.29,1044.01,3438.1,1127.8229166666667
2025-02-15 23:00:00,23,5,2,1,10.42,41.3,7.5,1033.39,941.29,2286.37,1023.7891666666668
2025-02-16 00:00:00,0,6,2,1,9.16,49.3,7.5,994.34,1033.39,900.81,971.5816666666666
2025-02-16 01:00:00,1,6,2,1,10.21,53.3,7.5,1003.75,994.34,793.26,975.4787500000001
2025-02-16 02:00:00,2,6,2,1,9.1,37.3,7.5,926.78,1003.75,940.08,984.2491666666666
2025-02-16 03:00:00,3,6,2,1,8.32,30.0,7.5,963.86,926.78,1045.63,983.695
2025-02-16 04:00:00,4,6,2,1,10.62,40.6,7.5,869.56,963.86,932.21,980.2879166666667
2025-02-16 05:00:00,5,6,2,1,11.37,33.0,7.5,939.14,869.56,909.07,977.6775000000001
2025-02-16 06:00:00,6,6,2,1,15.96,49.1,7.5,928.49,939.14,928.5,978.9304166666667
2025-02-16 07:00:00,7,6,2,1,16.7,52.2,9.8,1019.34,928.49,888.6,978.9300000000002
2025-02-16 08:00:00,8,6,2,1,20.11,51.3,12.1,974.75,1019.34,1040.9,984.3774999999999
2025-02-16 09:00:00,9,6,2,1,22.01,46.4,14.0,987.33,974.75,871.93,981.6212500000001
2025-02-16 10:00:00,10,6,2,1,26.67,57.5,15.7,1009.62,987.33,1026.76,986.4295833333334
2025-02-16 11:00:00,11,6,2,1,29.16,28.9,17.0,913.43,1009.62,890.28,985.7154166666666
2025-02-16 12:00:00,12,6,2,1,29.9,36.7,17.7,1025.22,913.43,1077.31,986.68
2025-02-16 13:00:00,13,6,2,1,32.17,36.7,18.0,1092.84,1025.22,1031.5,984.5095833333334
2025-02-16 14:00:00,14,6,2,1,30.74,23.4,17.7,994.81,1092.84,921.63,987.0654166666667
2025-02-16 15:00:00,15,6,2,1,33.16,20.7,17.0,1112.8,994.81,1104.39,990.1145833333334
2025-02-16 16:00:00,16,6,2,1,29.83,26.5,15.7,977.75,1112.8,1020.05,990.465
2025-02-16 17:00:00,17,6,2,1,28.28,54.7,14.0,1113.08,977.75,1050.97,988.7025
2025-02-16 18:00:00,18,6,2,1,26.13,22.0,12.1,893.37,1113.08,982.34,991.2904166666666
2025-02-16 19:00:00,19,6,2,1,23.21,35.7,9.8,912.03,893.37,938.11,987.5833333333334
2025-02-16 20:00:00,20,6,2,1,18.98,20.5,7.5,917.75,912.03,1004.94,986.4966666666668
2025-02-16 21:00:00,21,6,2,1,14.3,21.6,7.5,944.22,917.75,1044.01,982.86375
2025-02-16 22:00:00,22,6,2,1,11.4,59.0,7.5,1034.19,944.22,941.29,978.7058333333333
2025-02-16 23:00:00,23,6,2,1,12.22,48.4,7.5,966.62,1034.19,1033.39,982.5766666666667
2025-02-17 00:00:00,0,0,2,0,8.66,136.2,25.0,2110.47,966.62,994.34,979.7945833333333
2025-02-17 01:00:00,1,0,2,0,9.06,139.8,25.0,2142.15,2110.47,1003.75,1026.3
2025-02-17 02:00:00,2,0,2,0,8.95,125.7,25.0,2042.62,2142.15,926.78,1073.7333333333333
2025-02-17 03:00:00,3,0,2,0,8.24,175.1,25.0,2214.79,2042.62,963.86,1120.2266666666667
2025-02-17 04:00:00,4,0,2,0,10.62,133.6,25.0,2062.54,2214.79,869.56,1172.3487499999999
2025-02-17 05:00:00,5,0,2,0,7.15,113.6,25.0,2004.43,2062.54,939.14,1222.0562499999999
2025-02-17 06:00:00,6,0,2,0,15.01,133.4,25.0,1989.94,2004.43,928.49,1266.4433333333334
2025-02-17 07:00:00,7,0,2,0,18.89,121.3,32.8,2064.67,1989.94,1019.34,1310.6704166666666
2025-02-17 08:00:00,8,0,2,0,19.74,340.8,40.2,4466.75,2064.67,974.75,1354.2258333333334
2025-02-17 09:00:00,9,0,2,0,21.37,301.5,46.8,4245.99,4466.75,987.33,1499.7258333333332
2025-02-17 10:00:00,10,0,2,0,28.35,334.4,52.4,4489.58,4245.99,1009.62,1635.503333333333
2025-02-17 11:00:00,11,0,2,0,26.51,295.5,56.5,4382.2,4489.58,913.43,1780.5016666666668
2025-02-17 12:00:00,12,0,2,0,29.92,350.9,59.1,4646.74,4382.2,1025.22,1925.0337499999998
2025-02-17 13:00:00,13,0,2,0,29.39,298.4,60.0,4387.69,4646.74,1092.84,2075.9304166666666
2025-02-17 14:00:00,14,0,2,0,32.77,333.8,59.1,4649.43,4387.69,994.81,2213.215833333333
2025-02-17 15:00:00,15,0,2,0,29.94,345.9,56.5,4585.86,4649.43,1112.8,2365.4916666666663
2025-02-17 16:00:00,16,0,2,0,32.49,339.0,52.4,4569.16,4585.86,977.75,2510.2025
2025-02-17 17:00:00,17,0,2,0,29.82,231.7,46.8,3584.4,4569.16,1113.08,2659.8445833333335
2025-02-17 18:00:00,18,0,2,0,25.58,279.3,40.2,3524.5,3584.4,893.37,2762.81625
2025-02-17 19:00:00,19,0,2,0,20.8,259.6,32.8,3418.64,3524.5,912.03,2872.4466666666667
2025-02-17 20:00:00,20,0,2,0,21.72,236.4,25.0,3424.79,3418.64,917.75,2976.88875
2025-02-17 21:00:00,21,0,2,0,17.17,226.1,25.0,3395.35,3424.79,944.22,3081.3487499999997
2025-02-17 22:00:00,22,0,2,0,16.2,275.9,25.0,3578.51,3395.35,1034.19,3183.4791666666665
2025-02-17 23:00:00,23,0,2,0,10.09,111.1,25.0,1981.49,3578.51,966.62,3289.4925
2025-02-18 00:00:00,0,1,2,0,10.49,163.6,25.0,2193.41,1981.49,2110.47,3331.77875
2025-02-18 01:00:00,1,1,2,0,9.76,117.2,25.0,2055.31,2193.41,2142.15,3335.2345833333334
2025-02-18 02:00:00,2,1,2,0,9.35,132.7,25.0,2169.9,2055.31,2042.62,3331.6162500000005
2025-02-18 03:00:00,3,1,2,0,9.51,152.2,25.0,2248.27,2169.9,2214.79,3336.919583333333
2025-02-18 04:00:00,4,1,2,0,10.98,140.0,25.0,2087.32,2248.27,2062.54,3338.3145833333333
2025-02-18 05:00:00,5,1,2,0,9.94,125.8,25.0,2101.92,2087.32,2004.43,3339.3470833333336
2025-02-18 06:00:00,6,1,2,0,12.79,153.8,25.0,2205.93,2101.92,1989.94,3343.4091666666664
2025-02-18 07:00:00,7,1,2,0,17.32,114.2,32.8,1979.14,2205.93,2064.67,3352.40875
2025-02-18 08:00:00,8,1,2,0,19.57,348.0,40.2,4406.36,1979.14,4466.75,3348.845
2025-02-18 09:00:00,9,1,2,0,22.48,354.3,46.8,4434.51,4406.36,4245.99,3346.32875
2025-02-18 10:00:00,10,1,2,0,25.72,281.1,52.4,4263.97,4434.51,4489.58,3354.1837499999997
2025-02-18 11:00:00,11,1,2,0,26.88,282.2,56.5,4389.6,4263.97,4382.2,3344.7833333333333
2025-02-18 12:00:00,12,1,2,0,29.57,323.9,59.1,4471.1,4389.6,4646.74,3345.0916666666667
2025-02-18 13:00:00,13,1,2,0,31.87,333.1,60.0,4628.93,4471.1,4387.69,3337.773333333333
2025-02-18 14:00:00,14,1,2,0,30.84,325.1,59.1,4537.88,4628.93,4649.43,3347.8250000000003
2025-02-18 15:00:00,15,1,2,0,29.09,287.2,56.5,4409.85,4537.88,4585.86,3343.1770833333335
2025-02-18 16:00:00,16,1,2,0,28.79,353.4,52.4,4595.8,4409.85,4569.16,3335.8433333333337
2025-02-18 17:00:00,17,1,2,0,28.83,267.2,46.8,3535.53,4595.8,3584.4,3336.9533333333334
2025-02-18 18:00:00,18,1,2,0,26.17,265.8,40.2,3572.95,3535.53,3524.5,3334.9170833333333
2025-02-18 19:00:00,19,1,2,0,23.66,264.1,32.8,3527.22,3572.95,3418.64,3336.935833333333
2025-02-18 20:00:00,20,1,2,0,20.98,233.7,25.0,3353.68,3527.22,3424.79,3341.4599999999996
2025-02-18 21:00:00,21,1,2,0,16.54,260.7,25.0,3509.66,3353.68,3395.35,3338.4970833333336
2025-02-18 22:00:00,22,1,2,0,15.75,268.3,25.0,3480.44,3509.66,3578.51,3343.2599999999998
2025-02-18 23:00:00,23,1,2,0,10.2,149.0,25.0,2138.69,3480.44,1981.49,3339.17375
2025-02-19 00:00:00,0,2,2,0,8.47,116.6,25.0,2045.69,2138.69,2193.41,3345.7237499999997
2025-02-19 01:00:00,1,2,2,0,9.73,138.1,25.0,2147.04,2045.69,2055.31,3339.56875
2025-02-19 02:00:00,2,2,2,0,6.05,118.3,25.0,2004.99,2147.04,2169.9,3343.390833333333
2025-02-19 03:00:00,3,2,2,0,10.16,110.9,25.0,2017.12,2004.99,2248.27,3336.5195833333332
2025-02-19 04:00:00,4,2,2,0,10.52,177.0,25.0,2386.85,2017.12,2087.32,3326.888333333333
2025-02-19 05:00:00,5,2,2,0,8.29,116.0,25.0,2069.71,2386.85,2101.92,3339.36875
2025-02-19 06:00:00,6,2,2,0,11.92,152.5,25.0,2142.37,2069.71,2205.93,3338.026666666667
2025-02-19 07:00:00,7,2,2,0,15.95,116.6,32.8,2019.95,2142.37,1979.14,3335.3783333333336
2025-02-19 08:00:00,8,2,2,0,19.95,294.2,40.2,4309.44,2019.95,4406.36,3337.07875
2025-02-19 09:00:00,9,2,2,0,25.02,322.5,46.8,4438.58,4309.44,4434.51,3333.0404166666667
2025-02-19 10:00:00,10,2,2,0,24.77,306.2,52.4,4283.14,4438.58,4263.97,3333.2100000000005
2025-02-19 11:00:00,11,2,2,0,26.76,333.8,56.5,4548.51,4283.14,4389.6,3334.0087500000004
2025-02-19 12:00:00,12,2,2,0,29.02,290.7,59.1,4388.8,4548.51,4471.1,3340.6299999999997
2025-02-19 13:00:00,13,2,2,0,33.24,326.3,60.0,4633.28,4388.8,4628.93,3337.200833333334
2025-02-19 14:00:00,14,2,2,0,32.0,340.3,59.1,4665.1,4633.28,4537.88,3337.3820833333334
2025-02-19 15:00:00,15,2,2,0,29.82,338.4,56.5,4590.25,4665.1,4409.85,3342.6829166666666
2025-02-19 16:00:00,16,2,2,0,29.7,282.1,52.4,4275.55,4590.25,4595.8,3350.1995833333335
2025-02-19 17:00:00,17,2,2,0,27.94,259.4,46.8,3592.26,4275.55,3535.53,3336.8558333333335
2025-02-19 18:00:00,18,2,2,0,29.83,220.0,40.2,3429.19,3592.26,3572.95,3339.2195833333335
2025-02-19 19:00:00,19,2,2,0,23.4,253.3,32.8,3438.84,3429.19,3527.22,3333.2295833333337
2025-02-19 20:00:00,20,2,2,0,20.99,253.5,25.0,3423.26,3438.84,3353.68,3329.5470833333334
2025-02-19 21:00:00,21,2,2,0,16.89,275.6,25.0,3537.73,3423.26,3509.66,3332.4462499999995
2025-02-19 22:00:00,22,2,2,0,12.74,265.1,25.0,3475.92,3537.73,3480.44,3333.6158333333337
2025-02-19 23:00:00,23,2,2,0,13.9,153.0,25.0,2196.71,3475.92,2138.69,3333.4275000000002
2025-02-20 00:00:00,0,3,2,0,8.83,135.5,25.0,2202.07,2196.71,2045.69,3335.845
2025-02-20 01:00:00,1,3,2,0,9.16,123.3,25.0,2139.01,2202.07,2147.04,3342.3608333333336
2025-02-20 02:00:00,2,3,2,0,7.44,135.1,25.0,2096.04,2139.01,2004.99,3342.0262500000003
2025-02-20 03:00:00,3,3,2,0,6.87,163.7,25.0,2266.9,2096.04,2017.12,3345.82
2025-02-20 04:00:00,4,3,2,0,11.75,157.3,25.0,2161.32,2266.9,2386.85,3356.2275000000004
2025-02-20 05:00:00,5,3,2,0,12.53,141.8,25.0,2122.3,2161.32,2069.71,3346.830416666667
2025-02-20 06:00:00,6,3,2,0,14.33,127.6,25.0,2030.34,2122.3,2142.37,3349.021666666666
2025-02-20 07:00:00,7,3,2,0,16.0,177.9,32.8,2258.04,2030.34,2019.95,3344.35375
2025-02-20 08:00:00,8,3,2,0,18.12,307.1,40.2,4347.43,2258.04,4309.44,3354.2741666666666
2025-02-20 09:00:00,9,3,2,0,21.38,332.6,46.8,4367.43,4347.43,4438.58,3355.857083333334
2025-02-20 10:00:00,10,3,2,0,25.68,289.2,52.4,4351.74,4367.43,4283.14,3352.8925
2025-02-20 11:00:00,11,3,2,0,27.42,311.0,56.5,4510.52,4351.74,4548.51,3355.7508333333335
2025-02-20 12:00:00,12,3,2,0,30.65,331.9,59.1,4583.07,4510.52,4388.8,3354.1679166666668
2025-02-20 13:00:00,13,3,2,0,31.47,356.4,60.0,4614.25,4583.07,4633.28,3362.2625000000003
2025-02-20 14:00:00,14,3,2,0,29.3,328.1,59.1,4588.8,4614.25,4665.1,3361.4695833333335
2025-02-20 15:00:00,15,3,2,0,31.17,307.0,56.5,4431.76,4588.8,4590.25,3358.2904166666667
2025-02-20 16:00:00,16,3,2,0,29.13,293.0,52.4,4415.56,4431.76,4275.55,3351.6866666666665
2025-02-20 17:00:00,17,3,2,0,31.73,214.7,46.8,3525.51,4415.56,3592.26,3357.5204166666663
2025-02-20 18:00:00,18,3,2,0,23.23,279.8,40.2,3621.39,3525.51,3429.19,3354.7391666666667
2025-02-20 19:00:00,19,3,2,0,21.88,274.2,32.8,3562.58,3621.39,3438.84,3362.7475
2025-02-20 20:00:00,20,3,2,0,19.69,255.3,25.0,3523.14,3562.58,3423.26,3367.9033333333336
2025-02-20 21:00:00,21,3,2,0,16.78,233.7,25.0,3401.62,3523.14,3537.73,3372.0650000000005
2025-02-20 22:00:00,22,3,2,0,12.87,244.6,25.0,3454.27,3401.62,3475.92,3366.3937499999997
2025-02-20 23:00:00,23,3,2,0,12.27,175.8,25.0,2324.58,3454.27,2196.71,3365.491666666667
2025-02-21 00:00:00,0,4,2,0,9.54,168.0,25.0,2190.61,2324.58,2202.07,3370.819583333334
2025-02-21 01:00:00,1,4,2,0,9.15,154.1,25.0,2200.89,2190.61,2139.01,3370.342083333333
2025-02-21 02:00:00,2,4,2,0,8.84,129.4,25.0,2044.74,2200.89,2096.04,3372.9204166666673
2025-02-21 03:00:00,3,4,2,0,9.06,112.8,25.0,1904.41,2044.74,2266.9,3370.7829166666666
2025-02-21 04:00:00,4,4,2,0,9.89,150.6,25.0,2183.37,1904.41,2161.32,3355.679166666667
2025-02-21 05:00:00,5,4,2,0,10.5,143.7,25.0,2117.53,2183.37,2122.3,3356.597916666666
2025-02-21 06:00:00,6,4,2,0,12.1,140.8,25.0,2193.47,2117.53,2030.34,3356.3991666666666
2025-02-21 07:00:00,7,4,2,0,18.16,113.8,32.8,2031.51,2193.47,2258.04,3363.1962499999995
2025-02-21 08:00:00,8,4,2,0,19.56,310.7,40.2,4294.57,2031.51,4347.43,3353.7575
2025-02-21 09:00:00,9,4,2,0,23.74,283.9,46.8,4276.82,4294.57,4367.43,3351.555
2025-02-21 10:00:00,10,4,2,0,27.71,327.0,52.4,4463.7,4276.82,4351.74,3347.7795833333334
2025-02-21 11:00:00,11,4,2,0,29.15,324.4,56.5,4554.21,4463.7,4510.52,3352.4445833333334
2025-02-21 12:00:00,12,4,2,0,28.11,342.8,59.1,4634.34,4554.21,4583.07,3354.265
2025-02-21 13:00:00,13,4,2,0,35.0,356.6,60.0,4772.52,4634.34,4614.25,3356.4012500000003
2025-02-21 14:00:00,14,4,2,0,33.65,297.6,59.1,4571.2,4772.52,4588.8,3362.995833333333
2025-02-21 15:00:00,15,4,2,0,31.81,294.8,56.5,4412.42,4571.2,4431.76,3362.2625000000003
2025-02-21 16:00:00,16,4,2,0,28.08,341.1,52.4,4554.78,4412.42,4415.56,3361.456666666667
2025-02-21 17:00:00,17,4,2,0,28.32,263.3,46.8,3559.07,4554.78,3525.51,3367.2575
2025-02-21 18:00:00,18,4,2,0,25.22,223.1,40.2,3361.98,3559.07,3621.39,3368.655833333333
2025-02-21 19:00:00,19,4,2,0,22.91,240.9,32.8,3407.28,3361.98,3562.58,3357.8470833333336
2025-02-21 20:00:00,20,4,2,0,16.44,250.9,25.0,3455.26,3407.28,3523.14,3351.37625
2025-02-21 21:00:00,21,4,2,0,16.92,277.1,25.0,3517.32,3455.26,3401.62,3348.5479166666664
2025-02-21 22:00:00,22,4,2,0,14.19,215.0,25.0,3300.75,3517.32,3454.27,3353.36875
2025-02-21 23:00:00,23,4,2,0,11.75,149.6,25.0,2204.27,3300.75,2324.58,3346.9720833333336
2025-02-22 00:00:00,0,5,2,1,12.76,58.4,7.5,1043.55,2204.27,2190.61,3341.959166666666
2025-02-22 01:00:00,1,5,2,1,7.73,21.8,7.5,867.91,1043.55,2200.89,3294.1650000000004
2025-02-22 02:00:00,2,5,2,1,5.54,26.8,7.5,902.03,867.91,2044.74,3238.6241666666665
2025-02-22 03:00:00,3,5,2,1,9.88,34.3,7.5,830.51,902.03,1904.41,3191.01125
2025-02-22 04:00:00,4,5,2,1,7.94,23.1,7.5,962.15,830.51,2183.37,3146.2654166666666
2025-02-22 05:00:00,5,5,2,1,10.97,39.6,7.5,942.36,962.15,2117.53,3095.3812500000004
2025-02-22 06:00:00,6,5,2,1,14.17,33.4,7.5,944.64,942.36,2193.47,3046.415833333334
2025-02-22 07:00:00,7,5,2,1,15.51,49.1,9.8,909.69,944.64,2031.51,2994.3812500000004
2025-02-22 08:00:00,8,5,2,1,20.93,29.5,12.1,953.65,909.69,4294.57,2947.63875
2025-02-22 09:00:00,9,5,2,1,24.33,41.9,14.0,957.72,953.65,4276.82,2808.43375
2025-02-22 10:00:00,10,5,2,1,24.65,22.9,15.7,834.6,957.72,4463.7,2670.137916666667
2025-02-22 11:00:00,11,5,2,1,28.55,51.3,17.0,1074.01,834.6,4554.21,2518.9254166666665
2025-02-22 12:00:00,12,5,2,1,28.1,29.0,17.7,902.2,1074.01,4634.34,2373.9170833333333
2025-02-22 13:00:00,13,5,2,1,32.34,59.1,18.0,1145.65,902.2,4772.52,2218.41125
2025-02-22 14:00:00,14,5,2,1,31.17,33.4,17.7,1122.62,1145.65,4571.2,2067.2916666666665
2025-02-22 15:00:00,15,5,2,1,32.24,43.1,17.0,1128.51,1122.62,4412.42,1923.6008333333332
2025-02-22 16:00:00,16,5,2,1,30.63,54.7,15.7,1105.41,1128.51,4554.78,1786.77125
2025-02-22 17:00:00,17,5,2,1,30.4,25.6,14.0,907.63,1105.41,3559.07,1643.0475
2025-02-22 18:00:00,18,5,2,1,26.24,36.1,12.1,972.57,907.63,3361.98,1532.5708333333332
2025-02-22 19:00:00,19,5,2,1,21.66,25.4,9.8,964.69,972.57,3407.28,1433.0120833333333
2025-02-22 20:00:00,20,5,2,1,22.05,25.3,7.5,838.45,964.69,3455.26,1331.2375
2025-02-22 21:00:00,21,5,2,1,14.15,39.4,7.5,897.05,838.45,3517.32,1222.20375
2025-02-22 22:00:00,22,5,2,1,12.23,43.8,7.5,972.94,897.05,3300.75,1113.0258333333334
2025-02-22 23:00:00,23,5,2,1,14.66,38.9,7.5,1014.28,972.94,2204.27,1016.03375
2025-02-23 00:00:00,0,6,2,1,11.41,28.4,7.5,874.68,1014.28,1043.55,966.4508333333333
2025-02-23 01:00:00,1,6,2,1,9.73,42.6,7.5,908.05,874.68,867.91,959.4145833333333
2025-02-23 02:00:00,2,6,2,1,8.99,42.7,7.5,994.33,908.05,902.03,961.0870833333333
2025-02-23 03:00:00,3,6,2,1,6.74,44.4,7.5,961.95,994.33,830.51,964.9329166666666
2025-02-23 04:00:00,4,6,2,1,12.32,30.5,7.5,844.21,961.95,962.15,970.4095833333334
2025-02-23 05:00:00,5,6,2,1,8.75,40.5,7.5,947.46,844.21,942.36,965.4954166666666
2025-02-23 06:00:00,6,6,2,1,14.1,49.4,7.5,966.28,947.46,944.64,965.7079166666666
2025-02-23 07:00:00,7,6,2,1,16.72,57.7,9.8,955.46,966.28,909.69,966.6095833333333
2025-02-23 08:00:00,8,6,2,1,21.28,23.7,12.1,980.15,955.46,953.65,968.5166666666668
2025-02-23 09:00:00,9,6,2,1,24.54,36.3,14.0,944.85,980.15,957.72,969.6208333333333
2025-02-23 10:00:00,10,6,2,1,27.4,27.9,15.7,970.26,944.85,834.6,969.0845833333334
2025-02-23 11:00:00,11,6,2,1,28.04,43.9,17.0,1093.3,970.26,1074.01,974.7370833333333
2025-02-23 12:00:00,12,6,2,1,30.61,50.0,17.7,1140.96,1093.3,902.2,975.5408333333334
2025-02-23 13:00:00,13,6,2,1,30.34,27.2,18.0,983.76,1140.96,1145.65,985.4891666666667
2025-02-23 14:00:00,14,6,2,1,32.78,29.9,17.7,983.89,983.76,1122.62,978.74375
2025-02-23 15:00:00,15,6,2,1,34.47,43.5,17.0,1093.66,983.89,1128.51,972.9633333333333
2025-02-23 16:00:00,16,6,2,1,28.16,23.3,15.7,962.31,1093.66,1105.41,971.51125
2025-02-23 17:00:00,17,6,2,1,30.34,31.3,14.0,1010.26,962.31,907.63,965.54875
2025-02-23 18:00:00,18,6,2,1,28.01,20.6,12.1,998.24,1010.26,972.57,969.8249999999999
2025-02-23 19:00:00,19,6,2,1,26.56,51.9,9.8,971.75,998.24,964.69,970.8945833333333
2025-02-23 20:00:00,20,6,2,1,20.72,46.5,7.5,980.56,971.75,838.45,971.1887499999999
2025-02-23 21:00:00,21,6,2,1,15.43,59.9,7.5,1067.68,980.56,897.05,977.11
2025-02-23 22:00:00,22,6,2,1,13.59,55.2,7.5,1024.84,1067.68,972.94,984.2195833333332
2025-02-23 23:00:00,23,6,2,1,14.59,28.8,7.5,904.39,1024.84,1014.28,986.3820833333333
2025-02-24 00:00:00,0,0,2,0,10.8,126.7,25.0,2106.6,904.39,874.68,981.8033333333334
2025-02-24 01:00:00,1,0,2,0,6.38,131.9,25.0,2072.12,2106.6,908.05,1033.1333333333334
2025-02-24 02:00:00,2,0,2,0,8.84,178.4,25.0,2275.85,2072.12,994.33,1081.63625
2025-02-24 03:00:00,3,0,2,0,9.45,131.2,25.0,2121.41,2275.85,961.95,1135.0329166666668
2025-02-24 04:00:00,4,0,2,0,9.46,158.4,25.0,2210.39,2121.41,844.21,1183.34375
2025-02-24 05:00:00,5,0,2,0,13.31,119.2,25.0,2082.68,2210.39,947.46,1240.2679166666667
2025-02-24 06:00:00,6,0,2,0,14.03,150.3,25.0,2094.87,2082.68,966.28,1287.5687500000001
2025-02-24 07:00:00,7,0,2,0,19.74,131.9,32.8,2048.04,2094.87,955.46,1334.5933333333335
2025-02-24 08:00:00,8,0,2,0,19.25,339.6,40.2,4406.03,2048.04,980.15,1380.1175
2025-02-24 09:00:00,9,0,2,0,24.0,301.5,46.8,4296.59,4406.03,944.85,1522.8625
2025-02-24 10:00:00,10,0,2,0,28.01,352.7,52.4,4560.76,4296.59,970.26,1662.5183333333334
2025-02-24 11:00:00,11,0,2,0,27.98,351.8,56.5,4604.22,4560.76,1093.3,1812.1225000000002
2025-02-24 12:00:00,12,0,2,0,28.13,356.5,59.1,4556.29,4604.22,1140.96,1958.4108333333334
2025-02-24 13:00:00,13,0,2,0,30.11,285.0,60.0,4370.61,4556.29,983.76,2100.71625
2025-02-24 14:00:00,14,0,2,0,33.49,299.9,59.1,4463.18,4370.61,983.89,2241.8349999999996
2025-02-24 15:00:00,15,0,2,0,32.77,350.0,56.5,4647.82,4463.18,1093.66,2386.8054166666666
2025-02-24 16:00:00,16,0,2,0,29.54,348.6,52.4,4622.75,4647.82,962.31,2534.8954166666667
2025-02-24 17:00:00,17,0,2,0,28.71,265.2,46.8,3625.96,4622.75,1010.26,2687.41375
2025-02-24 18:00:00,18,0,2,0,29.33,236.5,40.2,3512.11,3625.96,998.24,2796.4012500000003
2025-02-24 19:00:00,19,0,2,0,22.57,250.8,32.8,3437.39,3512.11,971.75,2901.1458333333335
2025-02-24 20:00:00,20,0,2,0,19.81,274.2,25.0,3574.2,3437.39,980.56,3003.880833333333
2025-02-24 21:00:00,21,0,2,0,17.99,263.0,25.0,3542.86,3574.2,1067.68,3111.9491666666668
2025-02-24 22:00:00,22,0,2,0,15.23,285.7,25.0,3583.27,3542.86,1024.84,3215.081666666667
2025-02-24 23:00:00,23,0,2,0,13.06,119.2,25.0,2081.93,3583.27,904.39,3321.6829166666666
2025-02-25 00:00:00,0,1,2,0,10.44,157.4,25.0,2171.39,2081.93,2106.6,3370.747083333333
2025-02-25 01:00:00,1,1,2,0,8.52,121.8,25.0,2045.8,2171.39,2072.12,3373.4466666666667
2025-02-25 02:00:00,2,1,2,0,7.47,143.3,25.0,2181.38,2045.8,2275.85,3372.35
2025-02-25 03:00:00,3,1,2,0,8.68,121.8,25.0,2107.73,2181.38,2121.41,3368.41375
2025-02-25 04:00:00,4,1,2,0,9.74,123.2,25.0,2139.27,2107.73,2210.39,3367.84375
2025-02-25 05:00:00,5,1,2,0,13.43,152.3,25.0,2161.57,2139.27,2082.68,3364.880416666667
2025-02-25 06:00:00,6,1,2,0,13.11,168.1,25.0,2242.47,2161.57,2094.87,3368.1675
2025-02-25 07:00:00,7,1,2,0,18.72,168.7,32.8,2278.37,2242.47,2048.04,3374.3174999999997
2025-02-25 08:00:00,8,1,2,0,20.54,309.0,40.2,4381.02,2278.37,4406.03,3383.914583333333
2025-02-25 09:00:00,9,1,2,0,24.51,289.0,46.8,4276.6,4381.02,4296.59,3382.8725
2025-02-25 10:00:00,10,1,2,0,26.11,283.8,52.4,4304.04,4276.6,4560.76,3382.0395833333337
2025-02-25 11:00:00,11,1,2,0,27.11,330.5,56.5,4453.57,4304.04,4604.22,3371.3429166666665
2025-02-25 12:00:00,12,1,2,0,31.89,355.4,59.1,4638.82,4453.57,4556.29,3365.0658333333336
2025-02-25 13:00:00,13,1,2,0,32.23,311.4,60.0,4512.67,4638.82,4370.61,3368.5045833333334
2025-02-25 14:00:00,14,1,2,0,29.95,309.5,59.1,4406.17,4512.67,4463.18,3374.42375
2025-02-25 15:00:00,15,1,2,0,33.11,321.6,56.5,4558.41,4406.17,4647.82,3372.0483333333327
2025-02-25 16:00:00,16,1,2,0,28.69,320.4,52.4,4482.42,4558.41,4622.75,3368.3229166666665
2025-02-25 17:00:00,17,1,2,0,28.21,288.6,46.8,3684.75,4482.42,3625.96,3362.4758333333334
2025-02-25 18:00:00,18,1,2,0,23.67,263.1,40.2,3595.11,3684.75,3512.11,3364.9254166666665
2025-02-25 19:00:00,19,1,2,0,22.17,243.8,32.8,3469.51,3595.11,3437.39,3368.3837499999995
2025-02-25 20:00:00,20,1,2,0,18.51,275.6,25.0,3646.53,3469.51,3574.2,3369.7220833333336
2025-02-25 21:00:00,21,1,2,0,18.18,246.6,25.0,3416.92,3646.53,3542.86,3372.7358333333336
2025-02-25 22:00:00,22,1,2,0,15.34,251.0,25.0,3395.61,3416.92,3583.27,3367.4883333333332
2025-02-25 23:00:00,23,1,2,0,12.7,179.7,25.0,2267.02,3395.61,2081.93,3359.6691666666666
2025-02-26 00:00:00,0,2,2,0,7.49,134.2,25.0,2081.04,2267.02,2171.39,3367.38125
2025-02-26 01:00:00,1,2,2,0,7.34,110.0,25.0,2031.17,2081.04,2045.8,3363.616666666667
2025-02-26 02:00:00,2,2,2,0,8.22,118.4,25.0,2026.69,2031.17,2181.38,3363.0070833333334
2025-02-26 03:00:00,3,2,2,0,6.92,175.0,25.0,2246.54,2026.69,2107.73,3356.5616666666665
2025-02-26 04:00:00,4,2,2,0,7.76,145.9,25.0,2076.91,2246.54,2139.27,3362.3454166666666
2025-02-26 05:00:00,5,2,2,0,10.64,153.5,25.0,2187.73,2076.91,2161.57,3359.747083333333
2025-02-26 06:00:00,6,2,2,0,13.84,112.5,25.0,1996.7,2187.73,2242.47,3360.8370833333333
2025-02-26 07:00:00,7,2,2,0,15.86,166.2,32.8,2132.49,1996.7,2278.37,3350.596666666667
2025-02-26 08:00:00,8,2,2,0,21.71,334.0,40.2,4449.94,2132.49,4381.02,3344.5183333333334
2025-02-26 09:00:00,9,2,2,0,23.52,349.3,46.8,4505.57,4449.94,4276.6,3347.39
2025-02-26 10:00:00,10,2,2,0,26.37,318.7,52.4,4359.75,4505.57,4304.04,3356.930416666666
2025-02-26 11:00:00,11,2,2,0,27.02,359.4,56.5,4657.97,4359.75,4453.57,3359.251666666667
2025-02-26 12:00:00,12,2,2,0,28.26,280.6,59.1,4298.84,4657.97,4638.82,3367.768333333333
2025-02-26 13:00:00,13,2,2,0,33.09,345.5,60.0,4633.53,4298.84,4512.67,3353.6025000000004
2025-02-26 14:00:00,14,2,2,0,30.4,280.0,59.1,4323.21,4633.53,4406.17,3358.638333333334
2025-02-26 15:00:00,15,2,2,0,28.93,298.7,56.5,4424.34,4323.21,4558.41,3355.181666666667
2025-02-26 16:00:00,16,2,2,0,31.77,313.4,52.4,4496.53,4424.34,4482.42,3349.595416666667
2025-02-26 17:00:00,17,2,2,0,25.37,282.4,46.8,3610.98,4496.53,3684.75,3350.183333333334
2025-02-26 18:00:00,18,2,2,0,24.42,218.5,40.2,3307.26,3610.98,3595.11,3347.1095833333334
2025-02-26 19:00:00,19,2,2,0,23.8,235.6,32.8,3387.57,3307.26,3469.51,3335.1158333333333
2025-02-26 20:00:00,20,2,2,0,18.66,219.8,25.0,3366.57,3387.57,3646.53,3331.7016666666664
2025-02-26 21:00:00,21,2,2,0,17.17,215.6,25.0,3395.03,3366.57,3416.92,3320.0366666666664
2025-02-26 22:00:00,22,2,2,0,13.7,216.2,25.0,3348.53,3395.03,3395.61,3319.124583333333
2025-02-26 23:00:00,23,2,2,0,11.53,169.8,25.0,2220.15,3348.53,2267.02,3317.1629166666667
2025-02-27 00:00:00,0,3,2,0,8.65,163.9,25.0,2172.23,2220.15,2081.04,3315.2100000000005
2025-02-27 01:00:00,1,3,2,0,6.33,130.2,25.0,2012.5,2172.23,2031.17,3319.009583333333
2025-02-27 02:00:00,2,3,2,0,8.73,148.1,25.0,2113.44,2012.5,2026.69,3318.2316666666666
2025-02-27 03:00:00,3,3,2,0,8.46,121.7,25.0,1963.64,2113.44,2246.54,3321.84625
2025-02-27 04:00:00,4,3,2,0,10.79,165.8,25.0,2278.03,1963.64,2076.91,3310.05875
2025-02-27 05:00:00,5,3,2,0,10.23,120.9,25.0,2053.48,2278.03,2187.73,3318.43875
2025-02-27 06:00:00,6,3,2,0,13.24,136.4,25.0,2103.77,2053.48,1996.7,3312.845
2025-02-27 07:00:00,7,3,2,0,16.32,129.2,32.8,2074.96,2103.77,2132.49,3317.3062499999996
2025-02-27 08:00:00,8,3,2,0,20.84,294.3,40.2,4291.71,2074.96,4449.94,3314.909166666667
2025-02-27 09:00:00,9,3,2,0,22.51,291.3,46.8,4298.34,4291.71,4505.57,3308.31625
2025-02-27 10:00:00,10,3,2,0,27.97,358.5,52.4,4587.65,4298.34,4359.75,3299.681666666667
2025-02-27 11:00:00,11,3,2,0,26.72,307.4,56.5,4418.36,4587.65,4657.97,3309.1775000000002
2025-02-27 12:00:00,12,3,2,0,30.81,291.7,59.1,4449.06,4418.36,4298.84,3299.1937500000004
2025-02-27 13:00:00,13,3,2,0,31.29,344.7,60.0,4596.41,4449.06,4633.53,3305.4529166666666
2025-02-27 14:00:00,14,3,2,0,29.9,305.1,59.1,4504.22,4596.41,4323.21,3303.90625
2025-02-27 15:00:00,15,3,2,0,33.45,291.9,56.5,4475.59,4504.22,4424.34,3311.4483333333337
2025-02-27 16:00:00,16,3,2,0,29.98,310.6,52.4,4451.84,4475.59,4496.53,3313.58375
2025-02-27 17:00:00,17,3,2,0,29.95,229.0,46.8,3432.58,4451.84,3610.98,3311.7216666666664
2025-02-27 18:00:00,18,3,2,0,24.52,258.1,40.2,3570.25,3432.58,3307.26,3304.2883333333334
2025-02-27 19:00:00,19,3,2,0,22.88,275.9,32.8,3500.95,3570.25,3387.57,3315.24625
2025-02-27 20:00:00,20,3,2,0,19.51,274.1,25.0,3594.48,3500.95,3366.57,3319.9704166666666
2025-02-27 21:00:00,21,3,2,0,16.35,264.7,25.0,3516.03,3594.48,3395.03,3329.466666666667
2025-02-27 22:00:00,22,3,2,0,13.09,258.8,25.0,3438.07,3516.03,3348.53,3334.5083333333337
2025-02-27 23:00:00,23,3,2,0,10.84,115.6,25.0,1993.56,3438.07,2220.15,3338.2391666666663
2025-02-28 00:00:00,0,4,2,0,8.02,116.3,25.0,2029.48,1993.56,2172.23,3328.7979166666664
2025-02-28 01:00:00,1,4,2,0,8.89,131.5,25.0,2163.9,2029.48,2012.5,3322.8500000000004
2025-02-28 02:00:00,2,4,2,0,10.32,171.9,25.0,2351.56,2163.9,2113.44,3329.1583333333333
2025-02-28 03:00:00,3,4,2,0,6.76,123.7,25.0,1993.18,2351.56,1963.64,3339.08
2025-02-28 04:00:00,4,4,2,0,10.18,163.2,25.0,2203.65,1993.18,2278.03,3340.3108333333334
2025-02-28 05:00:00,5,4,2,0,12.94,161.7,25.0,2214.87,2203.65,2053.48,3337.2116666666666
2025-02-28 06:00:00,6,4,2,0,13.64,113.5,25.0,1945.7,2214.87,2103.77,3343.93625
2025-02-28 07:00:00,7,4,2,0,17.35,125.9,32.8,2075.92,1945.7,2074.96,3337.3500000000004
2025-02-28 08:00:00,8,4,2,0,20.45,313.9,40.2,4367.55,2075.92,4291.71,3337.39
2025-02-28 09:00:00,9,4,2,0,19.81,315.6,46.8,4371.24,4367.55,4298.34,3340.5500000000006
2025-02-28 10:00:00,10,4,2,0,28.27,352.8,52.4,4614.57,4371.24,4587.65,3343.5874999999996
2025-02-28 11:00:00,11,4,2,0,27.29,344.9,56.5,4463.36,4614.57,4418.36,3344.709166666667
2025-02-28 12:00:00,12,4,2,0,32.18,347.9,59.1,4623.53,4463.36,4449.06,3346.584166666667
2025-02-28 13:00:00,13,4,2,0,33.68,355.3,60.0,4735.6,4623.53,4596.41,3353.85375
2025-02-28 14:00:00,14,4,2,0,31.5,344.4,59.1,4672.28,4735.6,4504.22,3359.653333333333
2025-02-28 15:00:00,15,4,2,0,34.09,284.1,56.5,4398.17,4672.28,4475.59,3366.655833333333
2025-02-28 16:00:00,16,4,2,0,29.28,316.0,52.4,4533.36,4398.17,4451.84,3363.4300000000003
2025-02-28 17:00:00,17,4,2,0,29.36,260.8,46.8,3571.31,4533.36,3432.58,3366.8266666666664
2025-02-28 18:00:00,18,4,2,0,25.02,253.7,40.2,3457.29,3571.31,3570.25,3372.607083333334
2025-02-28 19:00:00,19,4,2,0,20.86,269.9,32.8,3538.39,3457.29,3500.95,3367.900416666667
2025-02-28 20:00:00,20,4,2,0,18.67,287.4,25.0,3492.52,3538.39,3594.48,3369.460416666667
2025-02-28 21:00:00,21,4,2,0,19.68,281.8,25.0,3598.01,3492.52,3516.03,3365.2120833333333
2025-02-28 22:00:00,22,4,2,0,12.45,230.2,25.0,3385.01,3598.01,3438.07,3368.6279166666664
2025-02-28 23:00:00,23,4,2,0,12.96,124.4,25.0,2083.25,3385.01,1993.56,3366.4170833333337
2025-03-01 00:00:00,0,5,3,1,10.32,42.0,7.5,933.67,2083.25,2029.48,3370.154166666667
2025-03-01 01:00:00,1,5,3,1,9.74,44.0,7.5,1007.88,933.67,2163.9,3324.4954166666666
2025-03-01 02:00:00,2,5,3,1,5.21,59.0,7.5,1069.55,1007.88,2351.56,3276.3279166666666
2025-03-01 03:00:00,3,5,3,1,7.88,45.9,7.5,946.2,1069.55,1993.18,3222.9108333333334
2025-03-01 04:00:00,4,5,3,1,7.14,52.6,7.5,1074.14,946.2,2203.65,3179.2866666666664
2025-03-01 05:00:00,5,5,3,1,10.9,38.9,7.5,995.47,1074.14,2214.87,3132.2237499999997
2025-03-01 06:00:00,6,5,3,1,14.15,54.8,7.5,1008.09,995.47,1945.7,3081.4154166666667
2025-03-01 07:00:00,7,5,3,1,16.47,53.9,9.8,953.67,1008.09,2075.92,3042.3483333333334
2025-03-01 08:00:00,8,5,3,1,20.47,26.6,12.1,990.27,953.67,4367.55,2995.587916666667
2025-03-01 09:00:00,9,5,3,1,22.23,45.4,14.0,951.46,990.27,4371.24,2854.867916666666
2025-03-01 10:00:00,10,5,3,1,26.95,21.7,15.7,857.27,951.46,4614.57,2712.3770833333333
2025-03-01 11:00:00,11,5,3,1,27.39,54.3,17.0,1158.86,857.27,4463.36,2555.8229166666665
2025-03-01 12:00:00,12,5,3,1,30.89,58.1,17.7,1158.98,1158.86,4623.53,2418.1354166666665
2025-03-01 13:00:00,13,5,3,1,30.68,41.1,18.0,1099.15,1158.98,4735.6,2273.7791666666667
2025-03-01 14:00:00,14,5,3,1,35.73,32.1,17.7,1195.88,1099.15,4672.28,2122.2604166666665
2025-03-01 15:00:00,15,5,3,1,31.0,44.0,17.0,1050.0,1195.88,4398.17,1977.4104166666666
2025-03-01 16:00:00,16,5,3,1,30.51,44.7,15.7,1098.94,1050.0,4533.36,1837.9033333333334
2025-03-01 17:00:00,17,5,3,1,29.34,43.7,14.0,1021.18,1098.94,3571.31,1694.8025
2025-03-01 18:00:00,18,5,3,1,25.63,44.9,12.1,1118.99,1021.18,3457.29,1588.5470833333336
2025-03-01 19:00:00,19,5,3,1,23.47,41.1,9.8,869.06,1118.99,3538.39,1491.1179166666668
2025-03-01 20:00:00,20,5,3,1,19.22,27.9,7.5,935.24,869.06,3492.52,1379.8958333333333
2025-03-01 21:00:00,21,5,3,1,19.78,23.4,7.5,860.46,935.24,3598.01,1273.3425
2025-03-01 22:00:00,22,5,3,1,14.67,37.5,7.5,872.34,860.46,3385.01,1159.2779166666667
2025-03-01 23:00:00,23,5,3,1,8.42,33.9,7.5,936.42,872.34,2083.25,1054.5833333333333
2025-03-02 00:00:00,0,6,3,1,9.56,49.5,7.5,969.87,936.42,933.67,1006.79875
2025-03-02 01:00:00,1,6,3,1,10.87,33.5,7.5,949.75,969.87,1007.88,1008.3070833333333
2025-03-02 02:00:00,2,6,3,1,11.59,39.4,7.5,973.09,949.75,1069.55,1005.8850000000001
2025-03-02 03:00:00,3,6,3,1,4.35,29.5,7.5,890.02,973.09,946.2,1001.8658333333334
2025-03-02 04:00:00,4,6,3,1,8.54,23.0,7.5,866.34,890.02,1074.14,999.5250000000001
2025-03-02 05:00:00,5,6,3,1,10.04,40.2,7.5,968.09,866.34,995.47,990.8666666666667
2025-03-02 06:00:00,6,6,3,1,15.77,21.5,7.5,878.38,968.09,1008.09,989.7258333333334
2025-03-02 07:00:00,7,6,3,1,16.12,30.5,9.8,918.32,878.38,953.67,984.32125
2025-03-02 08:00:00,8,6,3,1,22.53,38.0,12.1,1033.64,918.32,990.27,982.8483333333334
2025-03-02 09:00:00,9,6,3,1,22.09,33.3,14.0,918.61,1033.64,951.46,984.6554166666668
2025-03-02 10:00:00,10,6,3,1,26.33,34.7,15.7,965.33,918.61,857.27,983.2866666666667
2025-03-02 11:00:00,11,6,3,1,30.88,58.7,17.0,1189.27,965.33,1158.86,987.7891666666666
2025-03-02 12:00:00,12,6,3,1,29.3,31.4,17.7,1117.82,1189.27,1158.98,989.0562500000001
2025-03-02 13:00:00,13,6,3,1,30.38,39.3,18.0,1113.5,1117.82,1099.15,987.34125
2025-03-02 14:00:00,14,6,3,1,33.31,32.7,17.7,1096.96,1113.5,1195.88,987.9391666666667
2025-03-02 15:00:00,15,6,3,1,29.17,44.4,17.0,1081.67,1096.96,1050.0,983.8175
2025-03-02 16:00:00,16,6,3,1,30.68,33.7,15.7,1106.35,1081.67,1098.94,985.1370833333334
2025-03-02 17:00:00,17,6,3,1,28.33,40.6,14.0,1056.26,1106.35,1021.18,985.4458333333333
2025-03-02 18:00:00,18,6,3,1,26.35,44.1,12.1,992.14,1056.26,1118.99,986.9075000000001
2025-03-02 19:00:00,19,6,3,1,21.58,57.3,9.8,1033.44,992.14,869.06,981.6220833333333
2025-03-02 20:00:00,20,6,3,1,19.25,43.3,7.5,1035.02,1033.44,935.24,988.47125
2025-03-02 21:00:00,21,6,3,1,18.02,55.2,7.5,1028.7,1035.02,860.46,992.62875
2025-03-02 22:00:00,22,6,3,1,13.41,44.9,7.5,942.63,1028.7,872.34,999.6387500000001
2025-03-02 23:00:00,23,6,3,1,11.8,28.1,7.5,926.45,942.63,936.42,1002.5675000000001
2025-03-03 00:00:00,0,0,3,0,8.24,157.3,25.0,2184.8,926.45,969.87,1002.1520833333333
2025-03-03 01:00:00,1,0,3,0,6.1,163.0,25.0,2225.5,2184.8,949.75,1052.7741666666668
2025-03-03 02:00:00,2,0,3,0,7.86,153.2,25.0,2183.76,2225.5,973.09,1105.9304166666668
2025-03-03 03:00:00,3,0,3,0,7.83,142.8,25.0,2141.68,2183.76,890.02,1156.375
2025-03-03 04:00:00,4,0,3,0,9.0,124.2,25.0,2151.15,2141.68,866.34,1208.5275
2025-03-03 05:00:00,5,0,3,0,13.48,149.6,25.0,2171.11,2151.15,968.09,1262.06125
2025-03-03 06:00:00,6,0,3,0,14.12,172.0,25.0,2227.61,2171.11,878.38,1312.1870833333332
2025-03-03 07:00:00,7,0,3,0,18.6,173.9,32.8,2256.29,2227.61,918.32,1368.405
2025-03-03 08:00:00,8,0,3,0,20.25,290.7,40.2,4349.03,2256.29,1033.64,1424.1537500000002
2025-03-03 09:00:00,9,0,3,0,22.94,309.1,46.8,4410.04,4349.03,918.61,1562.295
2025-03-03 10:00:00,10,0,3,0,27.53,306.6,52.4,4488.72,4410.04,965.33,1707.77125
2025-03-03 11:00:00,11,0,3,0,29.38,354.4,56.5,4642.41,4488.72,1189.27,1854.5791666666667
2025-03-03 12:00:00,12,0,3,0,30.15,339.1,59.1,4596.7,4642.41,1117.82,1998.4600000000003
2025-03-03 13:00:00,13,0,3,0,33.62,302.6,60.0,4588.56,4596.7,1113.5,2143.4133333333334
2025-03-03 14:00:00,14,0,3,0,33.82,358.1,59.1,4741.03,4588.56,1096.96,2288.2075
2025-03-03 15:00:00,15,0,3,0,31.29,314.8,56.5,4563.36,4741.03,1081.67,2440.04375
2025-03-03 16:00:00,16,0,3,0,29.38,355.8,52.4,4625.25,4563.36,1106.35,2585.1141666666667
2025-03-03 17:00:00,17,0,3,0,30.82,270.5,46.8,3635.43,4625.25,1056.26,2731.735
2025-03-03 18:00:00,18,0,3,0,24.74,245.6,40.2,3533.8,3635.43,992.14,2839.2004166666666
2025-03-03 19:00:00,19,0,3,0,22.74,214.7,32.8,3284.32,3533.8,1033.44,2945.1029166666667
2025-03-03 20:00:00,20,0,3,0,18.26,223.4,25.0,3327.01,3284.32,1035.02,3038.889583333333
2025-03-03 21:00:00,21,0,3,0,18.33,214.6,25.0,3378.39,3327.01,1028.7,3134.3891666666664
2025-03-03 22:00:00,22,0,3,0,16.53,222.1,25.0,3442.73,3378.39,942.63,3232.2929166666668
2025-03-03 23:00:00,23,0,3,0,10.41,139.4,25.0,2216.87,3442.73,926.45,3336.4637500000003
2025-03-04 00:00:00,0,1,3,0,9.18,145.3,25.0,2169.47,2216.87,2184.8,3390.2312499999994
2025-03-04 01:00:00,1,1,3,0,8.33,135.8,25.0,2143.96,2169.47,2225.5,3389.5925
2025-03-04 02:00:00,2,1,3,0,8.38,145.1,25.0,2186.07,2143.96,2183.76,3386.195
2025-03-04 03:00:00,3,1,3,0,8.98,150.7,25.0,2199.66,2186.07,2141.68,3386.2912499999998
2025-03-04 04:00:00,4,1,3,0,6.07,142.0,25.0,2129.16,2199.66,2151.15,3388.7070833333332
2025-03-04 05:00:00,5,1,3,0,10.74,177.7,25.0,2298.9,2129.16,2171.11,3387.790833333333
2025-03-04 06:00:00,6,1,3,0,12.85,170.4,25.0,2258.79,2298.9,2227.61,3393.115416666666
2025-03-04 07:00:00,7,1,3,0,18.38,148.5,32.8,2167.25,2258.79,2256.29,3394.414583333333
2025-03-04 08:00:00,8,1,3,0,20.33,296.3,40.2,4408.43,2167.25,4349.03,3390.7045833333336
2025-03-04 09:00:00,9,1,3,0,23.13,284.4,46.8,4327.79,4408.43,4410.04,3393.179583333333
2025-03-04 10:00:00,10,1,3,0,27.72,303.3,52.4,4440.56,4327.79,4488.72,3389.7525
2025-03-04 11:00:00,11,1,3,0,28.04,304.4,56.5,4443.91,4440.56,4642.41,3387.745833333333
2025-03-04 12:00:00,12,1,3,0,30.16,303.8,59.1,4558.96,4443.91,4596.7,3379.4750000000004
2025-03-04 13:00:00,13,1,3,0,30.86,298.2,60.0,4438.84,4558.96,4588.56,3377.9025
2025-03-04 14:00:00,14,1,3,0,30.01,355.2,59.1,4680.7,4438.84,4741.03,3371.664166666666
2025-03-04 15:00:00,15,1,3,0,34.31,351.3,56.5,4730.68,4680.7,4563.36,3369.150416666667
2025-03-04 16:00:00,16,1,3,0,28.93,358.7,52.4,4721.67,4730.68,4625.25,3376.122083333333
2025-03-04 17:00:00,17,1,3,0,27.77,224.7,46.8,3491.61,4721.67,3635.43,3380.139583333333
2025-03-04 18:00:00,18,1,3,0,24.04,247.4,40.2,3581.5,3491.61,3533.8,3374.1470833333333
2025-03-04 19:00:00,19,1,3,0,23.7,212.2,32.8,3371.7,3581.5,3284.32,3376.134583333333
2025-03-04 20:00:00,20,1,3,0,17.44,244.6,25.0,3601.88,3371.7,3327.01,3379.775416666667
2025-03-04 21:00:00,21,1,3,0,18.54,241.1,25.0,3399.47,3601.88,3378.39,3391.228333333333
2025-03-04 22:00:00,22,1,3,0,14.02,284.2,25.0,3658.63,3399.47,3442.73,3392.1066666666666
2025-03-04 23:00:00,23,1,3,0,11.88,141.7,25.0,2102.19,3658.63,2216.87,3401.1025000000004
2025-03-05 00:00:00,0,2,3,0,8.59,129.8,25.0,2035.24,2102.19,2169.47,3396.324166666667
2025-03-05 01:00:00,1,2,3,0,8.57,179.9,25.0,2268.29,2035.24,2143.96,3390.7312500000003
2025-03-05 02:00:00,2,2,3,0,7.69,115.8,25.0,1999.97,2268.29,2186.07,3395.911666666667
2025-03-05 03:00:00,3,2,3,0,7.12,145.7,25.0,2115.91,1999.97,2199.66,3388.1575000000007
2025-03-05 04:00:00,4,2,3,0,9.37,116.1,25.0,2073.29,2115.91,2129.16,3384.6679166666668
2025-03-05 05:00:00,5,2,3,0,11.58,150.0,25.0,2207.77,2073.29,2298.9,3382.34
2025-03-05 06:00:00,6,2,3,0,13.49,111.0,25.0,1960.66,2207.77,2258.79,3378.5429166666668
2025-03-05 07:00:00,7,2,3,0,17.38,158.5,32.8,2133.94,1960.66,2167.25,3366.120833333333
2025-03-05 08:00:00,8,2,3,0,18.24,322.7,40.2,4436.64,2133.94,4408.43,3364.7329166666664
2025-03-05 09:00:00,9,2,3,0,23.1,358.2,46.8,4639.78,4436.64,4327.79,3365.9083333333333
2025-03-05 10:00:00,10,2,3,0,26.37,328.3,52.4,4447.13,4639.78,4440.56,3378.9079166666666
2025-03-05 11:00:00,11,2,3,0,28.9,335.6,56.5,4589.46,4447.13,4443.91,3379.181666666667
2025-03-05 12:00:00,12,2,3,0,32.32,328.9,59.1,4597.8,4589.46,4558.96,3385.2462499999997
2025-03-05 13:00:00,13,2,3,0,29.25,293.6,60.0,4382.78,4597.8,4438.84,3386.8645833333335
2025-03-05 14:00:00,14,2,3,0,31.87,314.5,59.1,4630.53,4382.78,4680.7,3384.52875
2025-03-05 15:00:00,15,2,3,0,28.83,343.5,56.5,4658.03,4630.53,4730.68,3382.438333333333
2025-03-05 16:00:00,16,2,3,0,29.25,344.8,52.4,4597.94,4658.03,4721.67,3379.4112499999997
2025-03-05 17:00:00,17,2,3,0,28.73,250.4,46.8,3688.97,4597.94,3491.61,3374.255833333333
2025-03-05 18:00:00,18,2,3,0,26.11,245.6,40.2,3546.19,3688.97,3581.5,3382.4791666666665
2025-03-05 19:00:00,19,2,3,0,23.42,279.1,32.8,3564.96,3546.19,3371.7,3381.007916666667
2025-03-05 20:00:00,20,2,3,0,22.45,279.4,25.0,3643.45,3564.96,3601.88,3389.060416666667
2025-03-05 21:00:00,21,2,3,0,16.76,239.8,25.0,3424.75,3643.45,3399.47,3390.7925
2025-03-05 22:00:00,22,2,3,0,13.43,241.6,25.0,3496.1,3424.75,3658.63,3391.8458333333333
2025-03-05 23:00:00,23,2,3,0,12.65,177.7,25.0,2274.82,3496.1,2102.19,3385.0737499999996
2025-03-06 00:00:00,0,3,3,0,6.78,177.7,25.0,2261.08,2274.82,2035.24,3392.2666666666664
2025-03-06 01:00:00,1,3,3,0,6.73,146.8,25.0,2212.56,2261.08,2268.29,3401.6766666666667
2025-03-06 02:00:00,2,3,3,0,5.64,161.6,25.0,2171.75,2212.56,1999.97,3399.3545833333333
2025-03-06 03:00:00,3,3,3,0,5.38,132.1,25.0,2110.2,2171.75,2115.91,3406.512083333333
2025-03-06 04:00:00,4,3,3,0,7.63,123.5,25.0,1986.37,2110.2,2073.29,3406.2741666666666
2025-03-06 05:00:00,5,3,3,0,13.25,150.4,25.0,2227.95,1986.37,2207.77,3402.6524999999997
2025-03-06 06:00:00,6,3,3,0,14.39,152.5,25.0,2164.9,2227.95,1960.66,3403.493333333334
2025-03-06 07:00:00,7,3,3,0,19.16,114.5,32.8,2075.1,2164.9,2133.94,3412.0033333333336
2025-03-06 08:00:00,8,3,3,0,19.79,296.9,40.2,4407.96,2075.1,4436.64,3409.5516666666667
2025-03-06 09:00:00,9,3,3,0,24.92,297.4,46.8,4303.51,4407.96,4639.78,3408.3566666666666
2025-03-06 10:00:00,10,3,3,0,25.43,323.6,52.4,4450.28,4303.51,4447.13,3394.345416666667
2025-03-06 11:00:00,11,3,3,0,27.85,299.1,56.5,4370.03,4450.28,4589.46,3394.476666666667
2025-03-06 12:00:00,12,3,3,0,29.51,336.3,59.1,4547.07,4370.03,4597.8,3385.3337500000002
2025-03-06 13:00:00,13,3,3,0,30.65,311.3,60.0,4561.01,4547.07,4382.78,3383.22
2025-03-06 14:00:00,14,3,3,0,30.29,285.4,59.1,4383.4,4561.01,4630.53,3390.6462500000002
2025-03-06 15:00:00,15,3,3,0,32.33,320.5,56.5,4610.65,4383.4,4658.03,3380.349166666667
2025-03-06 16:00:00,16,3,3,0,32.48,347.6,52.4,4652.12,4610.65,4597.94,3378.375
2025-03-06 17:00:00,17,3,3,0,28.72,235.0,46.8,3516.46,4652.12,3688.97,3380.6325
2025-03-06 18:00:00,18,3,3,0,23.42,210.8,40.2,3313.36,3516.46,3546.19,3373.4445833333334
2025-03-06 19:00:00,19,3,3,0,21.96,265.5,32.8,3609.02,3313.36,3564.96,3363.7433333333333
2025-03-06 20:00:00,20,3,3,0,19.3,274.9,25.0,3517.87,3609.02,3643.45,3365.5791666666664
2025-03-06 21:00:00,21,3,3,0,17.92,268.2,25.0,3520.7,3517.87,3424.75,3360.3466666666664
2025-03-06 22:00:00,22,3,3,0,14.63,258.8,25.0,3607.0,3520.7,3496.1,3364.344583333333
2025-03-06 23:00:00,23,3,3,0,8.42,129.2,25.0,2089.58,3607.0,2274.82,3368.9654166666664
2025-03-07 00:00:00,0,4,3,0,9.86,150.6,25.0,2227.89,2089.58,2261.08,3361.247083333333
2025-03-07 01:00:00,1,4,3,0,7.43,154.2,25.0,2200.07,2227.89,2212.56,3359.8641666666663
2025-03-07 02:00:00,2,4,3,0,5.05,126.3,25.0,2089.01,2200.07,2171.75,3359.34375
2025-03-07 03:00:00,3,4,3,0,5.35,122.7,25.0,2081.29,2089.01,2110.2,3355.89625
2025-03-07 04:00:00,4,4,3,0,7.96,128.1,25.0,2094.6,2081.29,1986.37,3354.691666666667
2025-03-07 05:00:00,5,4,3,0,12.12,174.9,25.0,2309.79,2094.6,2227.95,3359.20125
2025-03-07 06:00:00,6,4,3,0,14.97,117.4,25.0,2085.23,2309.79,2164.9,3362.61125
2025-03-07 07:00:00,7,4,3,0,17.36,163.7,32.8,2197.92,2085.23,2075.1,3359.2916666666665
2025-03-07 08:00:00,8,4,3,0,22.79,346.7,40.2,4587.43,2197.92,4407.96,3364.4091666666664
2025-03-07 09:00:00,9,4,3,0,22.32,316.7,46.8,4430.4,4587.43,4303.51,3371.8870833333335
2025-03-07 10:00:00,10,4,3,0,25.81,331.1,52.4,4480.25,4430.4,4450.28,3377.174166666666
2025-03-07 11:00:00,11,4,3,0,26.85,303.4,56.5,4435.91,4480.25,4370.03,3378.4229166666664
2025-03-07 12:00:00,12,4,3,0,29.64,335.3,59.1,4621.14,4435.91,4547.07,3381.1679166666668
2025-03-07 13:00:00,13,4,3,0,28.03,288.3,60.0,4485.81,4621.14,4561.01,3384.254166666667
2025-03-07 14:00:00,14,4,3,0,33.33,288.5,59.1,4506.29,4485.81,4383.4,3381.120833333333
2025-03-07 15:00:00,15,4,3,0,30.59,346.3,56.5,4668.91,4506.29,4610.65,3386.2412499999996
2025-03-07 16:00:00,16,4,3,0,29.78,289.0,52.4,4400.1,4668.91,4652.12,3388.6687500000003
2025-03-07 17:00:00,17,4,3,0,28.7,240.8,46.8,3579.67,4400.1,3516.46,3378.1679166666668
2025-03-07 18:00:00,18,4,3,0,25.06,276.8,40.2,3639.83,3579.67,3313.36,3380.8016666666667
2025-03-07 19:00:00,19,4,3,0,24.37,268.9,32.8,3520.81,3639.83,3609.02,3394.4045833333334
2025-03-07 20:00:00,20,4,3,0,20.48,237.3,25.0,3447.85,3520.81,3517.87,3390.7291666666665
2025-03-07 21:00:00,21,4,3,0,18.51,212.0,25.0,3401.52,3447.85,3520.7,3387.8116666666665
2025-03-07 22:00:00,22,4,3,0,16.0,276.9,25.0,3665.31,3401.52,3607.0,3382.8458333333333
2025-03-07 23:00:00,23,4,3,0,11.33,119.0,25.0,2103.05,3665.31,2089.58,3385.275416666667
2025-03-08 00:00:00,0,5,3,1,11.23,21.6,7.5,867.93,2103.05,2227.89,3385.8366666666666
2025-03-08 01:00:00,1,5,3,1,7.41,48.1,7.5,986.28,867.93,2200.07,3329.171666666667
2025-03-08 02:00:00,2,5,3,1,9.16,37.1,7.5,944.76,986.28,2089.01,3278.5970833333336
2025-03-08 03:00:00,3,5,3,1,8.8,45.6,7.5,892.11,944.76,2081.29,3230.92
2025-03-08 04:00:00,4,5,3,1,9.51,22.6,7.5,902.79,892.11,2094.6,3181.370833333333
2025-03-08 05:00:00,5,5,3,1,13.57,39.1,7.5,906.16,902.79,2309.79,3131.7120833333333
2025-03-08 06:00:00,6,5,3,1,12.51,46.5,7.5,1024.49,906.16,2085.23,3073.2274999999995
2025-03-08 07:00:00,7,5,3,1,17.42,32.6,9.8,892.39,1024.49,2197.92,3029.03
2025-03-08 08:00:00,8,5,3,1,21.5,21.6,12.1,900.36,892.39,4587.43,2974.632916666667
2025-03-08 09:00:00,9,5,3,1,20.43,55.6,14.0,917.44,900.36,4430.4,2821.0050000000006
2025-03-08 10:00:00,10,5,3,1,27.49,23.1,15.7,980.8,917.44,4480.25,2674.6316666666667
2025-03-08 11:00:00,11,5,3,1,30.25,29.8,17.0,1019.74,980.8,4435.91,2528.82125
2025-03-08 12:00:00,12,5,3,1,30.86,55.1,17.7,1068.14,1019.74,4621.14,2386.4808333333335
2025-03-08 13:00:00,13,5,3,1,32.42,27.7,18.0,1093.81,1068.14,4485.81,2238.4391666666666
2025-03-08 14:00:00,14,5,3,1,31.68,22.0,17.7,1081.13,1093.81,4506.29,2097.1058333333335
2025-03-08 15:00:00,15,5,3,1,30.27,33.7,17.0,1051.87,1081.13,4668.91,1954.3908333333331
2025-03-08 16:00:00,16,5,3,1,28.48,50.3,15.7,1093.16,1051.87,4400.1,1803.6808333333336
2025-03-08 17:00:00,17,5,3,1,30.21,27.5,14.0,1036.13,1093.16,3579.67,1665.8916666666667
2025-03-08 18:00:00,18,5,3,1,26.14,20.7,12.1,896.94,1036.13,3639.83,1559.9108333333334
2025-03-08 19:00:00,19,5,3,1,21.37,52.8,9.8,946.97,896.94,3520.81,1445.62375
2025-03-08 20:00:00,20,5,3,1,21.12,43.9,7.5,1035.98,946.97,3447.85,1338.3804166666666
2025-03-08 21:00:00,21,5,3,1,18.16,43.2,7.5,1023.0,1035.98,3401.52,1237.8858333333333
2025-03-08 22:00:00,22,5,3,1,12.7,28.2,7.5,898.26,1023.0,3665.31,1138.7808333333332
2025-03-08 23:00:00,23,5,3,1,12.79,25.2,7.5,920.93,898.26,2103.05,1023.4870833333334
2025-03-09 00:00:00,0,6,3,1,7.89,58.5,7.5,1049.7,920.93,867.93,974.2320833333333
2025-03-09 01:00:00,1,6,3,1,8.89,24.2,7.5,956.23,1049.7,986.28,981.8058333333335
2025-03-09 02:00:00,2,6,3,1,9.06,44.7,7.5,1020.44,956.23,944.76,980.55375
2025-03-09 03:00:00,3,6,3,1,7.72,53.4,7.5,1043.28,1020.44,892.11,983.7070833333333
2025-03-09 04:00:00,4,6,3,1,9.91,45.6,7.5,976.11,1043.28,902.79,990.0058333333333
2025-03-09 05:00:00,5,6,3,1,9.72,21.3,7.5,900.34,976.11,906.16,993.0608333333333
2025-03-09 06:00:00,6,6,3,1,13.2,48.5,7.5,961.23,900.34,1024.49,992.8183333333333
2025-03-09 07:00:00,7,6,3,1,17.53,39.8,9.8,931.54,961.23,892.39,990.1825
2025-03-09 08:00:00,8,6,3,1,18.15,40.0,12.1,988.89,931.54,900.36,991.8137499999999
2025-03-09 09:00:00,9,6,3,1,24.39,26.3,14.0,988.75,988.89,917.44,995.5025
2025-03-09 10:00:00,10,6,3,1,25.24,50.2,15.7,935.75,988.75,980.8,998.47375
2025-03-09 11:00:00,11,6,3,1,27.05,36.2,17.0,938.02,935.75,1019.74,996.5966666666667
2025-03-09 12:00:00,12,6,3,1,30.86,42.6,17.7,1083.33,938.02,1068.14,993.1916666666667
2025-03-09 13:00:00,13,6,3,1,32.63,30.6,18.0,1090.02,1083.33,1093.81,993.8245833333334
2025-03-09 14:00:00,14,6,3,1,31.93,26.7,17.7,1072.73,1090.02,1081.13,993.6666666666666
2025-03-09 15:00:00,15,6,3,1,29.81,57.8,17.0,1178.34,1072.73,1051.87,993.3166666666666
2025-03-09 16:00:00,16,6,3,1,29.53,27.5,15.7,998.16,1178.34,1093.16,998.58625
2025-03-09 17:00:00,17,6,3,1,28.22,25.8,14.0,939.12,998.16,1036.13,994.6279166666667
2025-03-09 18:00:00,18,6,3,1,24.28,51.8,12.1,1032.83,939.12,896.94,990.5858333333334
2025-03-09 19:00:00,19,6,3,1,22.37,23.9,9.8,945.58,1032.83,946.97,996.2479166666667
2025-03-09 20:00:00,20,6,3,1,22.96,46.2,7.5,1000.77,945.58,1035.98,996.19
2025-03-09 21:00:00,21,6,3,1,14.81,47.3,7.5,1020.54,1000.77,1023.0,994.7229166666667
2025-03-09 22:00:00,22,6,3,1,15.46,21.6,7.5,883.35,1020.54,898.26,994.6204166666666
2025-03-09 23:00:00,23,6,3,1,12.27,42.8,7.5,929.43,883.35,920.93,993.9991666666666
2025-03-10 00:00:00,0,0,3,0,7.97,157.2,25.0,2245.91,929.43,1049.7,994.3533333333334
2025-03-10 01:00:00,1,0,3,0,8.73,165.9,25.0,2229.57,2245.91,956.23,1044.1954166666667
2025-03-10 02:00:00,2,0,3,0,10.29,173.7,25.0,2211.42,2229.57,1020.44,1097.25125
2025-03-10 03:00:00,3,0,3,0,5.68,140.1,25.0,2118.32,2211.42,1043.28,1146.8754166666665
2025-03-10 04:00:00,4,0,3,0,9.81,163.3,25.0,2228.36,2118.32,976.11,1191.66875
2025-03-10 05:00:00,5,0,3,0,11.36,161.6,25.0,2224.37,2228.36,900.34,1243.8458333333333
2025-03-10 06:00:00,6,0,3,0,14.35,128.8,25.0,2134.52,2224.37,961.23,1299.01375
2025-03-10 07:00:00,7,0,3,0,18.2,160.5,32.8,2179.12,2134.52,931.54,1347.9008333333334
2025-03-10 08:00:00,8,0,3,0,22.17,282.2,40.2,4233.97,2179.12,988.89,1399.8833333333332
2025-03-10 09:00:00,9,0,3,0,22.3,291.7,46.8,4363.51,4233.97,988.75,1535.095
2025-03-10 10:00:00,10,0,3,0,28.44,332.2,52.4,4495.52,4363.51,935.75,1675.71
2025-03-10 11:00:00,11,0,3,0,29.67,288.6,56.5,4398.7,4495.52,938.02,1824.0337499999998
2025-03-10 12:00:00,12,0,3,0,29.36,359.9,59.1,4651.98,4398.7,1083.33,1968.22875
2025-03-10 13:00:00,13,0,3,0,33.77,333.0,60.0,4667.59,4651.98,1090.02,2116.9225
2025-03-10 14:00:00,14,0,3,0,31.24,290.9,59.1,4422.97,4667.59,1072.73,2265.9879166666665
2025-03-10 15:00:00,15,0,3,0,32.8,288.0,56.5,4452.23,4422.97,1178.34,2405.58125
2025-03-10 16:00:00,16,0,3,0,30.01,310.3,52.4,4482.98,4452.23,998.16,2541.9933333333333
2025-03-10 17:00:00,17,0,3,0,26.72,288.5,46.8,3780.82,4482.98,939.12,2687.1941666666667
2025-03-10 18:00:00,18,0,3,0,25.49,223.3,40.2,3421.34,3780.82,1032.83,2805.5983333333334
2025-03-10 19:00:00,19,0,3,0,23.42,214.5,32.8,3324.51,3421.34,945.58,2905.119583333333
2025-03-10 20:00:00,20,0,3,0,21.84,284.3,25.0,3633.42,3324.51,1000.77,3004.241666666667
2025-03-10 21:00:00,21,0,3,0,18.43,245.7,25.0,3528.5,3633.42,1020.54,3113.935416666667
2025-03-10 22:00:00,22,0,3,0,16.05,223.9,25.0,3342.44,3528.5,883.35,3218.43375
2025-03-10 23:00:00,23,0,3,0,12.33,114.9,25.0,1951.88,3342.44,929.43,3320.8958333333335
2025-03-11 00:00:00,0,1,3,0,11.63,179.7,25.0,2290.92,1951.88,2245.91,3363.4979166666667
2025-03-11 01:00:00,1,1,3,0,9.04,140.2,25.0,2204.69,2290.92,2229.57,3365.373333333333
2025-03-11 02:00:00,2,1,3,0,10.59,172.1,25.0,2200.17,2204.69,2211.42,3364.3366666666666
2025-03-11 03:00:00,3,1,3,0,6.77,154.1,25.0,2186.97,2200.17,2118.32,3363.8679166666666
2025-03-11 04:00:00,4,1,3,0,8.51,116.5,25.0,2025.55,2186.97,2228.36,3366.728333333333
2025-03-11 05:00:00,5,1,3,0,11.62,161.5,25.0,2135.69,2025.55,2224.37,3358.2779166666664
2025-03-11 06:00:00,6,1,3,0,13.6,121.4,25.0,2120.67,2135.69,2134.52,3354.5829166666667
2025-03-11 07:00:00,7,1,3,0,16.98,163.4,32.8,2219.65,2120.67,2179.12,3354.005833333333
2025-03-11 08:00:00,8,1,3,0,19.64,316.4,40.2,4428.43,2219.65,4233.97,3355.6945833333334
2025-03-11 09:00:00,9,1,3,0,22.43,313.8,46.8,4495.78,4428.43,4363.51,3363.7970833333334
2025-03-11 10:00:00,10,1,3,0,27.01,338.6,52.4,4540.56,4495.78,4495.52,3369.308333333333
2025-03-11 11:00:00,11,1,3,0,27.48,327.1,56.5,4498.22,4540.56,4398.7,3371.185
2025-03-11 12:00:00,12,1,3,0,29.93,330.2,59.1,4641.33,4498.22,4651.98,3375.331666666667
2025-03-11 13:00:00,13,1,3,0,32.17,300.7,60.0,4552.9,4641.33,4667.59,3374.8879166666666
2025-03-11 14:00:00,14,1,3,0,29.83,315.8,59.1,4528.09,4552.9,4422.97,3370.1091666666666
2025-03-11 15:00:00,15,1,3,0,28.57,330.1,56.5,4434.87,4528.09,4452.23,3374.4891666666667
2025-03-11 16:00:00,16,1,3,0,33.02,325.3,52.4,4606.31,4434.87,4482.98,3373.7658333333334
2025-03-11 17:00:00,17,1,3,0,26.4,256.9,46.8,3571.39,4606.31,3780.82,3378.9045833333334
2025-03-11 18:00:00,18,1,3,0,26.42,247.1,40.2,3528.48,3571.39,3421.34,3370.1783333333333
2025-03-11 19:00:00,19,1,3,0,23.17,236.8,32.8,3481.62,3528.48,3324.51,3374.6425
2025-03-11 20:00:00,20,1,3,0,18.39,260.5,25.0,3549.19,3481.62,3633.42,3381.18875
2025-03-11 21:00:00,21,1,3,0,17.26,240.1,25.0,3429.75,3549.19,3528.5,3377.679166666667
2025-03-11 22:00:00,22,1,3,0,12.96,245.7,25.0,3518.39,3429.75,3342.44,3373.5645833333333
2025-03-11 23:00:00,23,1,3,0,12.59,121.5,25.0,2067.48,3518.39,1951.88,3380.895833333334
2025-03-12 00:00:00,0,2,3,0,10.45,159.7,25.0,2101.77,2067.48,2290.92,3385.7125
2025-03-12 01:00:00,1,2,3,0,9.39,115.9,25.0,1979.79,2101.77,2204.69,3377.8312500000006
2025-03-12 02:00:00,2,2,3,0,6.11,117.7,25.0,2092.84,1979.79,2200.17,3368.460416666667
2025-03-12 03:00:00,3,2,3,0,9.45,160.2,25.0,2271.43,2092.84,2186.97,3363.9883333333332
2025-03-12 04:00:00,4,2,3,0,7.85,153.0,25.0,2158.77,2271.43,2025.55,3367.5075
2025-03-12 05:00:00,5,2,3,0,13.72,179.2,25.0,2262.13,2158.77,2135.69,3373.058333333333
2025-03-12 06:00:00,6,2,3,0,12.99,157.9,25.0,2179.46,2262.13,2120.67,3378.3266666666664
2025-03-12 07:00:00,7,2,3,0,14.73,129.7,32.8,2083.89,2179.46,2219.65,3380.7762500000003
2025-03-12 08:00:00,8,2,3,0,18.09,281.6,40.2,4239.45,2083.89,4428.43,3375.1195833333336
2025-03-12 09:00:00,9,2,3,0,24.53,280.6,46.8,4325.06,4239.45,4495.78,3367.2454166666666
2025-03-12 10:00:00,10,2,3,0,26.65,291.7,52.4,4358.99,4325.06,4540.56,3360.1320833333334
2025-03-12 11:00:00,11,2,3,0,28.67,329.3,56.5,4539.99,4358.99,4498.22,3352.566666666667
2025-03-12 12:00:00,12,2,3,0,32.32,304.7,59.1,4505.13,4539.99,4641.33,3354.307083333333
2025-03-12 13:00:00,13,2,3,0,32.46,344.9,60.0,4682.56,4505.13,4552.9,3348.6320833333334
2025-03-12 14:00:00,14,2,3,0,31.86,312.5,59.1,4624.71,4682.56,4528.09,3354.0345833333336
2025-03-12 15:00:00,15,2,3,0,30.68,351.8,56.5,4709.33,4624.71,4434.87,3358.0604166666667
2025-03-12 16:00:00,16,2,3,0,29.7,344.4,52.4,4671.53,4709.33,4606.31,3369.49625
2025-03-12 17:00:00,17,2,3,0,32.07,286.2,46.8,3839.6,4671.53,3571.39,3372.2137500000003
2025-03-12 18:00:00,18,2,3,0,26.06,261.6,40.2,3572.43,3839.6,3528.48,3383.3891666666664
2025-03-12 19:00:00,19,2,3,0,24.62,284.6,32.8,3669.42,3572.43,3481.62,3385.220416666667
2025-03-12 20:00:00,20,2,3,0,16.95,211.1,25.0,3450.69,3669.42,3549.19,3393.0454166666664
2025-03-12 21:00:00,21,2,3,0,17.21,249.9,25.0,3481.3,3450.69,3429.75,3388.94125
2025-03-12 22:00:00,22,2,3,0,13.87,250.3,25.0,3576.06,3481.3,3518.39,3391.0891666666666
2025-03-12 23:00:00,23,2,3,0,9.95,120.5,25.0,2091.84,3576.06,2067.48,3393.492083333333
2025-03-13 00:00:00,0,3,3,0,7.98,171.1,25.0,2278.95,2091.84,2101.77,3394.5070833333334
2025-03-13 01:00:00,1,3,3,0,7.22,177.4,25.0,2288.31,2278.95,1979.79,3401.889583333333
2025-03-13 02:00:00,2,3,3,0,9.15,153.9,25.0,2169.44,2288.31,2092.84,3414.744583333333
2025-03-13 03:00:00,3,3,3,0,8.41,167.2,25.0,2267.01,2169.44,2271.43,3417.93625
2025-03-13 04:00:00,4,3,3,0,8.78,141.8,25.0,2169.01,2267.01,2158.77,3417.752083333333
2025-03-13 05:00:00,5,3,3,0,10.21,148.3,25.0,2180.68,2169.01,2262.13,3418.1787500000005
2025-03-13 06:00:00,6,3,3,0,14.88,139.3,25.0,2125.32,2180.68,2179.46,3414.785
2025-03-13 07:00:00,7,3,3,0,16.09,119.0,32.8,2078.36,2125.32,2083.89,3412.5291666666667
2025-03-13 08:00:00,8,3,3,0,21.78,329.9,40.2,4452.48,2078.36,4239.45,3412.29875
2025-03-13 09:00:00,9,3,3,0,21.2,298.7,46.8,4390.74,4452.48,4325.06,3421.1749999999997
2025-03-13 10:00:00,10,3,3,0,26.39,337.1,52.4,4595.65,4390.74,4358.99,3423.911666666667
2025-03-13 11:00:00,11,3,3,0,26.71,290.2,56.5,4365.66,4595.65,4539.99,3433.7724999999996
2025-03-13 12:00:00,12,3,3,0,29.79,336.0,59.1,4618.6,4365.66,4505.13,3426.5087500000004
2025-03-13 13:00:00,13,3,3,0,32.56,320.5,60.0,4598.41,4618.6,4682.56,3431.236666666666
2025-03-13 14:00:00,14,3,3,0,33.62,322.9,59.1,4610.82,4598.41,4624.71,3427.7304166666668
2025-03-13 15:00:00,15,3,3,0,29.95,319.4,56.5,4403.58,4610.82,4709.33,3427.1516666666666
2025-03-13 16:00:00,16,3,3,0,29.88,347.7,52.4,4705.43,4403.58,4671.53,3414.412083333333
2025-03-13 17:00:00,17,3,3,0,32.62,236.7,46.8,3594.3,4705.43,3839.6,3415.824583333333
2025-03-13 18:00:00,18,3,3,0,25.9,229.1,40.2,3523.71,3594.3,3572.43,3405.60375
2025-03-13 19:00:00,19,3,3,0,22.71,236.7,32.8,3435.16,3523.71,3669.42,3403.5737499999996
2025-03-13 20:00:00,20,3,3,0,18.67,285.9,25.0,3616.75,3435.16,3450.69,3393.8129166666663
2025-03-13 21:00:00,21,3,3,0,17.62,246.9,25.0,3403.92,3616.75,3481.3,3400.732083333333
2025-03-13 22:00:00,22,3,3,0,12.87,254.1,25.0,3427.34,3403.92,3576.06,3397.507916666666
2025-03-13 23:00:00,23,3,3,0,9.42,177.6,25.0,2255.77,3427.34,2091.84,3391.31125
2025-03-14 00:00:00,0,4,3,0,11.98,127.0,25.0,2083.97,2255.77,2278.95,3398.1416666666664
2025-03-14 01:00:00,1,4,3,0,10.55,124.4,25.0,2066.72,2083.97,2288.31,3390.0175
2025-03-14 02:00:00,2,4,3,0,5.92,133.7,25.0,2134.41,2066.72,2169.44,3380.7845833333336
2025-03-14 03:00:00,3,4,3,0,8.87,161.9,25.0,2217.02,2134.41,2267.01,3379.3250000000003
2025-03-14 04:00:00,4,4,3,0,8.2,134.7,25.0,2176.66,2217.02,2169.01,3377.242083333334
2025-03-14 05:00:00,5,4,3,0,11.28,173.4,25.0,2263.5,2176.66,2180.68,3377.560833333333
2025-03-14 06:00:00,6,4,3,0,15.02,144.5,25.0,2153.0,2263.5,2125.32,3381.0116666666668
2025-03-14 07:00:00,7,4,3,0,18.28,148.1,32.8,2128.45,2153.0,2078.36,3382.1649999999995
2025-03-14 08:00:00,8,4,3,0,19.43,332.7,40.2,4496.45,2128.45,4452.48,3384.2520833333333
2025-03-14 09:00:00,9,4,3,0,23.99,289.1,46.8,4352.04,4496.45,4390.74,3386.084166666667
2025-03-14 10:00:00,10,4,3,0,24.78,320.8,52.4,4437.76,4352.04,4595.65,3384.4716666666664
2025-03-14 11:00:00,11,4,3,0,30.51,302.8,56.5,4463.93,4437.76,4365.66,3377.892916666667
2025-03-14 12:00:00,12,4,3,0,30.09,323.2,59.1,4523.67,4463.93,4618.6,3381.9874999999997
2025-03-14 13:00:00,13,4,3,0,33.34,354.7,60.0,4765.32,4523.67,4598.41,3378.0320833333335
2025-03-14 14:00:00,14,4,3,0,30.78,317.3,59.1,4540.53,4765.32,4610.82,3384.986666666667
2025-03-14 15:00:00,15,4,3,0,30.75,350.1,56.5,4698.93,4540.53,4403.58,3382.0579166666666
2025-03-14 16:00:00,16,4,3,0,33.9,321.0,52.4,4612.9,4698.93,4705.43,3394.3641666666663
2025-03-14 17:00:00,17,4,3,0,30.26,285.7,46.8,3857.34,4612.9,3594.3,3390.5087500000004
2025-03-14 18:00:00,18,4,3,0,24.98,214.0,40.2,3403.31,3857.34,3523.71,3401.46875
2025-03-14 19:00:00,19,4,3,0,22.39,276.9,32.8,3568.59,3403.31,3435.16,3396.4520833333336
2025-03-14 20:00:00,20,4,3,0,17.95,229.9,25.0,3395.32,3568.59,3616.75,3402.0116666666668
2025-03-14 21:00:00,21,4,3,0,17.18,249.1,25.0,3498.61,3395.32,3403.92,3392.785416666667
2025-03-14 22:00:00,22,4,3,0,13.2,214.5,25.0,3375.39,3498.61,3427.34,3396.7308333333335
2025-03-14 23:00:00,23,4,3,0,16.13,168.6,25.0,2314.5,3375.39,2255.77,3394.56625
2025-03-15 00:00:00,0,5,3,1,8.93,42.5,7.5,945.56,2314.5,2083.97,3397.013333333334
2025-03-15 01:00:00,1,5,3,1,6.4,32.8,7.5,950.31,945.56,2066.72,3349.5795833333336
2025-03-15 02:00:00,2,5,3,1,8.88,24.7,7.5,927.71,950.31,2134.41,3303.0625
2025-03-15 03:00:00,3,5,3,1,9.9,31.9,7.5,989.4,927.71,2217.02,3252.7833333333333
2025-03-15 04:00:00,4,5,3,1,9.86,51.3,7.5,1018.97,989.4,2176.66,3201.6324999999997
2025-03-15 05:00:00,5,5,3,1,12.46,26.2,7.5,884.75,1018.97,2263.5,3153.3954166666667
2025-03-15 06:00:00,6,5,3,1,14.3,28.4,7.5,895.19,884.75,2153.0,3095.9475
2025-03-15 07:00:00,7,5,3,1,17.24,36.1,9.8,972.2,895.19,2128.45,3043.53875
2025-03-15 08:00:00,8,5,3,1,18.48,23.6,12.1,820.22,972.2,4496.45,2995.361666666666
2025-03-15 09:00:00,9,5,3,1,21.51,22.0,14.0,889.74,820.22,4352.04,2842.1854166666667
2025-03-15 10:00:00,10,5,3,1,27.81,36.0,15.7,982.22,889.74,4437.76,2697.922916666667
2025-03-15 11:00:00,11,5,3,1,27.9,52.1,17.0,1028.84,982.22,4463.93,2553.9420833333334
2025-03-15 12:00:00,12,5,3,1,30.96,34.9,17.7,1044.47,1028.84,4523.67,2410.8133333333335
2025-03-15 13:00:00,13,5,3,1,30.85,48.3,18.0,1061.23,1044.47,4765.32,2265.846666666667
2025-03-15 14:00:00,14,5,3,1,30.66,24.2,17.7,1031.94,1061.23,4540.53,2111.5095833333335
2025-03-15 15:00:00,15,5,3,1,30.81,59.4,17.0,1214.55,1031.94,4698.93,1965.3183333333334
2025-03-15 16:00:00,16,5,3,1,30.56,43.1,15.7,1126.99,1214.55,4612.9,1820.1358333333335
2025-03-15 17:00:00,17,5,3,1,30.08,27.0,14.0,1001.45,1126.99,3857.34,1674.8895833333336
2025-03-15 18:00:00,18,5,3,1,27.34,45.8,12.1,1056.83,1001.45,3403.31,1555.8941666666667
2025-03-15 19:00:00,19,5,3,1,25.6,55.8,9.8,1060.85,1056.83,3568.59,1458.1241666666667
2025-03-15 20:00:00,20,5,3,1,18.29,50.3,7.5,1013.85,1060.85,3395.32,1353.635
2025-03-15 21:00:00,21,5,3,1,16.22,51.9,7.5,1014.34,1013.85,3498.61,1254.4070833333333
2025-03-15 22:00:00,22,5,3,1,13.25,38.6,7.5,907.57,1014.34,3375.39,1150.8958333333333
2025-03-15 23:00:00,23,5,3,1,13.16,20.7,7.5,786.54,907.57,2314.5,1048.07
2025-03-16 00:00:00,0,6,3,1,11.06,44.8,7.5,997.79,786.54,945.56,984.4050000000001
2025-03-16 01:00:00,1,6,3,1,8.41,28.6,7.5,970.5,997.79,950.31,986.5812500000001
2025-03-16 02:00:00,2,6,3,1,7.56,59.3,7.5,1004.84,970.5,927.71,987.4225
2025-03-16 03:00:00,3,6,3,1,9.29,45.5,7.5,970.16,1004.84,989.4,990.63625
2025-03-16 04:00:00,4,6,3,1,12.92,22.6,7.5,946.35,970.16,1018.97,989.8345833333334
2025-03-16 05:00:00,5,6,3,1,10.41,46.1,7.5,921.56,946.35,884.75,986.80875
2025-03-16 06:00:00,6,6,3,1,14.73,53.7,7.5,990.11,921.56,895.19,988.3425000000001
2025-03-16 07:00:00,7,6,3,1,18.08,42.5,9.8,1011.55,990.11,972.2,992.2975000000001
2025-03-16 08:00:00,8,6,3,1,21.59,28.3,12.1,922.86,1011.55,820.22,993.9370833333334
2025-03-16 09:00:00,9,6,3,1,23.03,37.3,14.0,970.72,922.86,889.74,998.21375
2025-03-16 10:00:00,10,6,3,1,26.78,25.7,15.7,948.46,970.72,982.22,1001.5879166666667
2025-03-16 11:00:00,11,6,3,1,27.5,32.8,17.0,983.42,948.46,1028.84,1000.1812500000001
2025-03-16 12:00:00,12,6,3,1,31.94,49.0,17.7,1104.51,983.42,1044.47,998.28875
2025-03-16 13:00:00,13,6,3,1,33.88,37.7,18.0,1123.95,1104.51,1061.23,1000.7904166666667
2025-03-16 14:00:00,14,6,3,1,28.89,35.3,17.7,985.73,1123.95,1031.94,1003.40375
2025-03-16 15:00:00,15,6,3,1,33.66,34.7,17.0,1117.31,985.73,1214.55,1001.4783333333334
2025-03-16 16:00:00,16,6,3,1,33.46,34.5,15.7,1120.67,1117.31,1126.99,997.4266666666667
2025-03-16 17:00:00,17,6,3,1,28.92,30.8,14.0,1005.21,1120.67,1001.45,997.1633333333334
2025-03-16 18:00:00,18,6,3,1,28.79,48.9,12.1,1122.23,1005.21,1056.83,997.32
2025-03-16 19:00:00,19,6,3,1,23.39,21.2,9.8,994.5,1122.23,1060.85,1000.0450000000001
2025-03-16 20:00:00,20,6,3,1,19.0,41.8,7.5,955.25,994.5,1013.85,997.2804166666666
2025-03-16 21:00:00,21,6,3,1,16.72,27.7,7.5,937.29,955.25,1014.34,994.83875
2025-03-16 22:00:00,22,6,3,1,14.47,38.7,7.5,1033.55,937.29,907.57,991.6283333333334
2025-03-16 23:00:00,23,6,3,1,12.73,40.3,7.5,921.56,1033.55,786.54,996.8775
2025-03-17 00:00:00,0,0,3,0,9.35,121.8,25.0,2014.35,921.56,997.79,1002.5033333333334
2025-03-17 01:00:00,1,0,3,0,9.51,130.0,25.0,2049.61,2014.35,970.5,1044.86
2025-03-17 02:00:00,2,0,3,0,7.53,155.6,25.0,2259.21,2049.61,1004.84,1089.8229166666667
2025-03-17 03:00:00,3,0,3,0,10.81,115.1,25.0,2083.25,2259.21,970.16,1142.0883333333334
2025-03-17 04:00:00,4,0,3,0,8.77,110.5,25.0,2033.74,2083.25,946.35,1188.4670833333332
2025-03-17 05:00:00,5,0,3,0,8.36,149.8,25.0,2274.11,2033.74,921.56,1233.775
2025-03-17 06:00:00,6,0,3,0,13.29,176.2,25.0,2290.69,2274.11,990.11,1290.1312500000001
2025-03-17 07:00:00,7,0,3,0,16.62,142.6,32.8,2082.71,2290.69,1011.55,1344.3220833333332
2025-03-17 08:00:00,8,0,3,0,17.26,316.4,40.2,4475.19,2082.71,922.86,1388.95375
2025-03-17 09:00:00,9,0,3,0,25.04,293.1,46.8,4358.87,4475.19,970.72,1536.9675
2025-03-17 10:00:00,10,0,3,0,26.76,333.1,52.4,4532.7,4358.87,948.46,1678.1404166666664
2025-03-17 11:00:00,11,0,3,0,29.58,353.0,56.5,4691.61,4532.7,983.42,1827.48375
2025-03-17 12:00:00,12,0,3,0,30.74,357.4,59.1,4745.74,4691.61,1104.51,1981.9916666666668
2025-03-17 13:00:00,13,0,3,0,34.87,322.4,60.0,4615.47,4745.74,1123.95,2133.7095833333333
2025-03-17 14:00:00,14,0,3,0,30.69,324.6,59.1,4622.73,4615.47,985.73,2279.1895833333333
2025-03-17 15:00:00,15,0,3,0,31.34,325.2,56.5,4556.81,4622.73,1117.31,2430.73125
2025-03-17 16:00:00,16,0,3,0,30.37,340.0,52.4,4551.25,4556.81,1120.67,2574.0437500000003
2025-03-17 17:00:00,17,0,3,0,30.17,236.4,46.8,3554.4,4551.25,1005.21,2716.9845833333334
2025-03-17 18:00:00,18,0,3,0,25.67,264.7,40.2,3602.48,3554.4,1122.23,2823.200833333334
2025-03-17 19:00:00,19,0,3,0,21.28,279.9,32.8,3566.63,3602.48,994.5,2926.544583333334
2025-03-17 20:00:00,20,0,3,0,21.41,251.0,25.0,3489.75,3566.63,955.25,3033.716666666667
2025-03-17 21:00:00,21,0,3,0,16.39,241.7,25.0,3411.65,3489.75,937.29,3139.3208333333337
2025-03-17 22:00:00,22,0,3,0,14.21,240.8,25.0,3479.01,3411.65,1033.55,3242.4191666666666
2025-03-17 23:00:00,23,0,3,0,11.48,145.4,25.0,2178.17,3479.01,921.56,3344.313333333333
2025-03-18 00:00:00,0,1,3,0,8.95,114.1,25.0,1973.13,2178.17,2014.35,3396.6720833333334
2025-03-18 01:00:00,1,1,3,0,9.32,121.0,25.0,2002.54,1973.13,2049.61,3394.9545833333336
2025-03-18 02:00:00,2,1,3,0,10.32,160.5,25.0,2226.55,2002.54,2259.21,3392.993333333334
2025-03-18 03:00:00,3,1,3,0,6.92,149.4,25.0,2186.45,2226.55,2083.25,3391.6325
2025-03-18 04:00:00,4,1,3,0,7.01,118.8,25.0,2074.32,2186.45,2033.74,3395.9325000000003
2025-03-18 05:00:00,5,1,3,0,12.95,111.5,25.0,2141.01,2074.32,2274.11,3397.623333333333
2025-03-18 06:00:00,6,1,3,0,12.9,177.8,25.0,2287.31,2141.01,2290.69,3392.0775
2025-03-18 07:00:00,7,1,3,0,14.16,148.6,32.8,2145.79,2287.31,2082.71,3391.936666666667
2025-03-18 08:00:00,8,1,3,0,20.68,352.5,40.2,4510.81,2145.79,4475.19,3394.565
2025-03-18 09:00:00,9,1,3,0,22.93,312.5,46.8,4397.37,4510.81,4358.87,3396.049166666666
2025-03-18 10:00:00,10,1,3,0,26.47,301.2,52.4,4420.53,4397.37,4532.7,3397.6533333333336
2025-03-18 11:00:00,11,1,3,0,27.33,301.4,56.5,4434.18,4420.53,4691.61,3392.9795833333337
2025-03-18 12:00:00,12,1,3,0,31.45,354.7,59.1,4761.26,4434.18,4745.74,3382.2533333333336
2025-03-18 13:00:00,13,1,3,0,31.96,345.9,60.0,4686.92,4761.26,4615.47,3382.9
2025-03-18 14:00:00,14,1,3,0,32.05,337.1,59.1,4687.77,4686.92,4622.73,3385.8770833333333
2025-03-18 15:00:00,15,1,3,0,29.98,289.4,56.5,4436.49,4687.77,4556.81,3388.5870833333333
2025-03-18 16:00:00,16,1,3,0,33.9,327.4,52.4,4632.9,4436.49,4551.25,3383.57375
2025-03-18 17:00:00,17,1,3,0,28.43,210.8,46.8,3371.12,4632.9,3554.4,3386.975833333334
2025-03-18 18:00:00,18,1,3,0,24.15,286.0,40.2,3557.81,3371.12,3602.48,3379.3391666666666
2025-03-18 19:00:00,19,1,3,0,20.73,267.2,32.8,3605.63,3557.81,3566.63,3377.4779166666667
2025-03-18 20:00:00,20,1,3,0,19.51,242.9,25.0,3434.32,3605.63,3489.75,3379.1029166666667
2025-03-18 21:00:00,21,1,3,0,17.93,212.1,25.0,3328.69,3434.32,3411.65,3376.793333333333
2025-03-18 22:00:00,22,1,3,0,13.92,226.1,25.0,3375.43,3328.69,3479.01,3373.3366666666666
2025-03-18 23:00:00,23,1,3,0,11.74,110.7,25.0,2037.85,3375.43,2178.17,3369.0208333333335
2025-03-19 00:00:00,0,2,3,0,9.1,169.8,25.0,2264.31,2037.85,1973.13,3363.174166666666
2025-03-19 01:00:00,1,2,3,0,9.0,164.8,25.0,2259.45,2264.31,2002.54,3375.306666666667
2025-03-19 02:00:00,2,2,3,0,8.87,145.6,25.0,2145.77,2259.45,2226.55,3386.0112499999996
2025-03-19 03:00:00,3,2,3,0,7.37,160.9,25.0,2194.57,2145.77,2186.45,3382.6454166666663
2025-03-19 04:00:00,4,2,3,0,8.97,165.5,25.0,2289.23,2194.57,2074.32,3382.98375
2025-03-19 05:00:00,5,2,3,0,12.88,168.9,25.0,2260.23,2289.23,2141.01,3391.9383333333335
2025-03-19 06:00:00,6,2,3,0,15.2,174.8,25.0,2224.22,2260.23,2287.31,3396.905833333333
2025-03-19 07:00:00,7,2,3,0,20.31,172.2,32.8,2228.73,2224.22,2145.79,3394.277083333333
2025-03-19 08:00:00,8,2,3,0,19.94,295.1,40.2,4267.94,2228.73,4510.81,3397.7329166666664
2025-03-19 09:00:00,9,2,3,0,23.31,286.9,46.8,4447.1,4267.94,4397.37,3387.6133333333332
2025-03-19 10:00:00,10,2,3,0,23.1,291.6,52.4,4303.17,4447.1,4420.53,3389.6854166666667
2025-03-19 11:00:00,11,2,3,0,28.35,321.7,56.5,4527.21,4303.17,4434.18,3384.7954166666664
2025-03-19 12:00:00,12,2,3,0,29.07,340.9,59.1,4675.4,4527.21,4761.26,3388.671666666667
2025-03-19 13:00:00,13,2,3,0,30.44,284.2,60.0,4370.88,4675.4,4686.92,3385.0941666666663
2025-03-19 14:00:00,14,2,3,0,30.28,294.7,59.1,4469.98,4370.88,4687.77,3371.9258333333332
2025-03-19 15:00:00,15,2,3,0,32.42,308.5,56.5,4630.43,4469.98,4436.49,3362.85125
2025-03-19 16:00:00,16,2,3,0,32.72,310.9,52.4,4474.32,4630.43,4632.9,3370.932083333333
2025-03-19 17:00:00,17,2,3,0,28.81,210.5,46.8,3419.94,4474.32,3371.12,3364.3245833333335
2025-03-19 18:00:00,18,2,3,0,24.82,283.6,40.2,3583.28,3419.94,3557.81,3366.35875
2025-03-19 19:00:00,19,2,3,0,22.55,255.5,32.8,3534.17,3583.28,3605.63,3367.42
2025-03-19 20:00:00,20,2,3,0,18.8,263.5,25.0,3444.55,3534.17,3434.32,3364.4424999999997
2025-03-19 21:00:00,21,2,3,0,17.73,213.9,25.0,3339.93,3444.55,3328.69,3364.86875
2025-03-19 22:00:00,22,2,3,0,12.66,246.3,25.0,3421.09,3339.93,3375.43,3365.3370833333333
2025-03-19 23:00:00,23,2,3,0,10.25,169.8,25.0,2299.73,3421.09,2037.85,3367.2395833333335
2025-03-20 00:00:00,0,3,3,0,10.0,118.2,25.0,2055.06,2299.73,2264.31,3378.1512500000003
2025-03-20 01:00:00,1,3,3,0,11.98,150.7,25.0,2222.73,2055.06,2259.45,3369.4325000000003
2025-03-20 02:00:00,2,3,3,0,8.16,135.6,25.0,2190.63,2222.73,2145.77,3367.9025
2025-03-20 03:00:00,3,3,3,0,8.57,118.2,25.0,2013.32,2190.63,2194.57,3369.771666666667
2025-03-20 04:00:00,4,3,3,0,10.75,175.6,25.0,2262.19,2013.32,2289.23,3362.219583333333
2025-03-20 05:00:00,5,3,3,0,11.95,163.5,25.0,2211.23,2262.19,2260.23,3361.0929166666665
2025-03-20 06:00:00,6,3,3,0,14.05,124.0,25.0,1979.09,2211.23,2224.22,3359.0512500000004
2025-03-20 07:00:00,7,3,3,0,16.56,160.8,32.8,2181.98,1979.09,2228.73,3348.8375
2025-03-20 08:00:00,8,3,3,0,21.98,318.8,40.2,4444.68,2181.98,4267.94,3346.8895833333336
2025-03-20 09:00:00,9,3,3,0,24.01,293.7,46.8,4385.01,4444.68,4447.1,3354.2537500000003
2025-03-20 10:00:00,10,3,3,0,24.9,324.5,52.4,4549.75,4385.01,4303.17,3351.6666666666665
2025-03-20 11:00:00,11,3,3,0,28.95,291.1,56.5,4513.79,4549.75,4527.21,3361.9408333333336
2025-03-20 12:00:00,12,3,3,0,31.41,331.1,59.1,4605.18,4513.79,4675.4,3361.381666666666
2025-03-20 13:00:00,13,3,3,0,31.44,327.0,60.0,4564.14,4605.18,4370.88,3358.4558333333334
2025-03-20 14:00:00,14,3,3,0,31.96,340.5,59.1,4728.34,4564.14,4469.98,3366.508333333333
2025-03-20 15:00:00,15,3,3,0,30.69,351.6,56.5,4611.9,4728.34,4630.43,3377.273333333333
2025-03-20 16:00:00,16,3,3,0,30.86,351.9,52.4,4715.95,4611.9,4474.32,3376.5012500000007
2025-03-20 17:00:00,17,3,3,0,27.04,278.7,46.8,3643.15,4715.95,3419.94,3386.5691666666667
2025-03-20 18:00:00,18,3,3,0,23.71,229.1,40.2,3401.71,3643.15,3583.28,3395.869583333333
2025-03-20 19:00:00,19,3,3,0,22.49,235.6,32.8,3415.81,3401.71,3534.17,3388.304166666667
2025-03-20 20:00:00,20,3,3,0,17.04,255.8,25.0,3491.87,3415.81,3444.55,3383.3725
2025-03-20 21:00:00,21,3,3,0,17.3,269.7,25.0,3597.31,3491.87,3339.93,3385.3441666666663
2025-03-20 22:00:00,22,3,3,0,13.01,236.6,25.0,3473.34,3597.31,3421.09,3396.068333333333
2025-03-20 23:00:00,23,3,3,0,13.15,119.1,25.0,2040.81,3473.34,2299.73,3398.245416666667
2025-03-21 00:00:00,0,4,3,0,10.15,127.2,25.0,2139.89,2040.81,2055.06,3387.4570833333332
2025-03-21 01:00:00,1,4,3,0,10.35,127.7,25.0,2214.61,2139.89,2222.73,3390.991666666667
2025-03-21 02:00:00,2,4,3,0,8.77,155.9,25.0,2188.19,2214.61,2190.63,3390.6533333333336
2025-03-21 03:00:00,3,4,3,0,6.2,131.7,25.0,2056.27,2188.19,2013.32,3390.5516666666667
2025-03-21 04:00:00,4,4,3,0,10.62,148.0,25.0,2126.79,2056.27,2262.19,3392.34125
2025-03-21 05:00:00,5,4,3,0,13.94,166.2,25.0,2263.17,2126.79,2211.23,3386.6995833333335
2025-03-21 06:00:00,6,4,3,0,15.68,156.3,25.0,2183.26,2263.17,1979.09,3388.86375
2025-03-21 07:00:00,7,4,3,0,19.25,130.6,32.8,2129.74,2183.26,2181.98,3397.370833333333
2025-03-21 08:00:00,8,4,3,0,19.42,310.3,40.2,4320.74,2129.74,4444.68,3395.1941666666667
2025-03-21 09:00:00,9,4,3,0,23.23,345.4,46.8,4572.41,4320.74,4385.01,3390.03
2025-03-21 10:00:00,10,4,3,0,27.15,332.9,52.4,4503.21,4572.41,4549.75,3397.838333333333
2025-03-21 11:00:00,11,4,3,0,28.1,345.9,56.5,4662.5,4503.21,4513.79,3395.8991666666666
2025-03-21 12:00:00,12,4,3,0,28.14,287.1,59.1,4375.71,4662.5,4605.18,3402.095416666667
2025-03-21 13:00:00,13,4,3,0,31.18,303.3,60.0,4562.93,4375.71,4564.14,3392.5341666666664
2025-03-21 14:00:00,14,4,3,0,31.61,327.7,59.1,4578.24,4562.93,4728.34,3392.48375
2025-03-21 15:00:00,15,4,3,0,29.33,287.2,56.5,4402.81,4578.24,4611.9,3386.2295833333337
2025-03-21 16:00:00,16,4,3,0,28.92,354.7,52.4,4641.54,4402.81,4715.95,3377.5175
2025-03-21 17:00:00,17,4,3,0,30.11,255.1,46.8,3642.27,4641.54,3643.15,3374.4170833333333
2025-03-21 18:00:00,18,4,3,0,23.59,248.2,40.2,3465.26,3642.27,3401.71,3374.380416666667
2025-03-21 19:00:00,19,4,3,0,22.3,254.6,32.8,3509.72,3465.26,3415.81,3377.028333333333
2025-03-21 20:00:00,20,4,3,0,21.84,210.1,25.0,3343.78,3509.72,3491.87,3380.94125
2025-03-21 21:00:00,21,4,3,0,15.74,255.8,25.0,3503.18,3343.78,3597.31,3374.7708333333335
2025-03-21 22:00:00,22,4,3,0,15.37,223.1,25.0,3371.38,3503.18,3473.34,3370.8487500000006
2025-03-21 23:00:00,23,4,3,0,10.99,173.4,25.0,2306.42,3371.38,2040.81,3366.600416666666
2025-03-22 00:00:00,0,5,3,1,10.11,24.5,7.5,940.72,2306.42,2139.89,3377.6674999999996
2025-03-22 01:00:00,1,5,3,1,5.86,26.6,7.5,882.18,940.72,2214.61,3327.702083333333
2025-03-22 02:00:00,2,5,3,1,8.39,49.5,7.5,993.28,882.18,2188.19,3272.1841666666664
2025-03-22 03:00:00,3,5,3,1,8.0,22.2,7.5,791.67,993.28,2056.27,3222.39625
2025-03-22 04:00:00,4,5,3,1,11.31,40.1,7.5,917.81,791.67,2126.79,3169.7045833333336
2025-03-22 05:00:00,5,5,3,1,11.77,55.0,7.5,1067.66,917.81,2263.17,3119.330416666666
2025-03-22 06:00:00,6,5,3,1,12.76,53.0,7.5,935.72,1067.66,2183.26,3069.5175
2025-03-22 07:00:00,7,5,3,1,14.18,32.7,9.8,918.2,935.72,2129.74,3017.536666666667
2025-03-22 08:00:00,8,5,3,1,19.06,58.5,12.1,1015.4,918.2,4320.74,2967.0558333333333
2025-03-22 09:00:00,9,5,3,1,22.82,41.1,14.0,895.09,1015.4,4572.41,2829.333333333334
2025-03-22 10:00:00,10,5,3,1,26.96,37.3,15.7,1037.8,895.09,4503.21,2676.111666666667
2025-03-22 11:00:00,11,5,3,1,26.62,37.1,17.0,943.74,1037.8,4662.5,2531.719583333333
2025-03-22 12:00:00,12,5,3,1,30.23,51.0,17.7,1176.98,943.74,4375.71,2376.77125
2025-03-22 13:00:00,13,5,3,1,32.24,25.2,18.0,1083.87,1176.98,4562.93,2243.4908333333333
2025-03-22 14:00:00,14,5,3,1,32.67,39.3,17.7,1112.6,1083.87,4578.24,2098.53
2025-03-22 15:00:00,15,5,3,1,32.5,58.6,17.0,1157.2,1112.6,4402.81,1954.1283333333333
2025-03-22 16:00:00,16,5,3,1,31.38,27.9,15.7,996.96,1157.2,4641.54,1818.8945833333335
2025-03-22 17:00:00,17,5,3,1,29.75,36.2,14.0,1048.48,996.96,3642.27,1667.0370833333334
2025-03-22 18:00:00,18,5,3,1,25.4,56.2,12.1,998.67,1048.48,3465.26,1558.9624999999999
2025-03-22 19:00:00,19,5,3,1,21.11,44.8,9.8,878.5,998.67,3509.72,1456.1879166666668
2025-03-22 20:00:00,20,5,3,1,21.64,44.0,7.5,907.01,878.5,3343.78,1346.55375
2025-03-22 21:00:00,21,5,3,1,17.25,31.0,7.5,957.22,907.01,3503.18,1245.0216666666668
2025-03-22 22:00:00,22,5,3,1,14.09,22.9,7.5,856.77,957.22,3371.38,1138.9399999999998
2025-03-22 23:00:00,23,5,3,1,9.73,32.1,7.5,910.63,856.77,2306.42,1034.1645833333334
2025-03-23 00:00:00,0,6,3,1,9.61,43.1,7.5,996.93,910.63,940.72,976.0066666666667
2025-03-23 01:00:00,1,6,3,1,6.11,23.3,7.5,946.77,996.93,882.18,978.34875
2025-03-23 02:00:00,2,6,3,1,6.0,54.2,7.5,999.73,946.77,993.28,981.04
2025-03-23 03:00:00,3,6,3,1,7.26,27.6,7.5,950.88,999.73,791.67,981.30875
2025-03-23 04:00:00,4,6,3,1,8.66,50.7,7.5,951.95,950.88,917.81,987.9425000000001
2025-03-23 05:00:00,5,6,3,1,10.66,38.6,7.5,900.09,951.95,1067.66,989.3649999999999
2025-03-23 06:00:00,6,6,3,1,9.39,26.0,7.5,940.12,900.09,935.72,982.3829166666666
2025-03-23 07:00:00,7,6,3,1,16.63,56.0,9.8,1048.83,940.12,918.2,982.56625
2025-03-23 08:00:00,8,6,3,1,17.81,39.7,12.1,938.17,1048.83,1015.4,988.0091666666666
2025-03-23 09:00:00,9,6,3,1,23.27,28.0,14.0,897.2,938.17,895.09,984.7912500000001
2025-03-23 10:00:00,10,6,3,1,26.63,30.5,15.7,985.78,897.2,1037.8,984.8791666666666
2025-03-23 11:00:00,11,6,3,1,29.0,39.3,17.0,1043.09,985.78,943.74,982.7116666666667
2025-03-23 12:00:00,12,6,3,1,29.35,28.0,17.7,966.18,1043.09,1176.98,986.85125
2025-03-23 13:00:00,13,6,3,1,32.72,26.9,18.0,1055.72,966.18,1083.87,978.0679166666667
2025-03-23 14:00:00,14,6,3,1,33.02,44.6,17.7,1132.1,1055.72,1112.6,976.895
2025-03-23 15:00:00,15,6,3,1,32.07,21.9,17.0,971.73,1132.1,1157.2,977.7075
2025-03-23 16:00:00,16,6,3,1,30.24,44.6,15.7,1066.58,971.73,996.96,969.9795833333334
2025-03-23 17:00:00,17,6,3,1,29.95,46.0,14.0,1151.14,1066.58,1048.48,972.8804166666665
2025-03-23 18:00:00,18,6,3,1,25.77,32.8,12.1,924.22,1151.14,998.67,977.1579166666667
2025-03-23 19:00:00,19,6,3,1,23.05,25.2,9.8,931.65,924.22,878.5,974.0558333333333
2025-03-23 20:00:00,20,6,3,1,19.98,32.7,7.5,1002.05,931.65,907.01,976.2704166666667
2025-03-23 21:00:00,21,6,3,1,17.33,32.4,7.5,940.75,1002.05,957.22,980.2304166666667
2025-03-23 22:00:00,22,6,3,1,14.13,46.9,7.5,958.28,940.75,856.77,979.5441666666667
2025-03-23 23:00:00,23,6,3,1,10.95,50.5,7.5,975.91,958.28,910.63,983.77375
2025-03-24 00:00:00,0,0,3,0,5.68,171.8,25.0,2207.47,975.91,996.93,986.49375
2025-03-24 01:00:00,1,0,3,0,7.69,110.5,25.0,2082.14,2207.47,946.77,1036.9329166666666
2025-03-24 02:00:00,2,0,3,0,9.78,147.9,25.0,2221.27,2082.14,999.73,1084.24
2025-03-24 03:00:00,3,0,3,0,4.83,176.9,25.0,2318.62,2221.27,950.88,1135.1375
2025-03-24 04:00:00,4,0,3,0,7.55,176.8,25.0,2328.01,2318.62,951.95,1192.1266666666666
2025-03-24 05:00:00,5,0,3,0,10.9,118.9,25.0,2110.41,2328.01,900.09,1249.4625
2025-03-24 06:00:00,6,0,3,0,11.88,156.2,25.0,2200.33,2110.41,940.12,1299.8925000000002
2025-03-24 07:00:00,7,0,3,0,16.7,152.1,32.8,2161.52,2200.33,1048.83,1352.40125
2025-03-24 08:00:00,8,0,3,0,22.37,323.7,40.2,4437.47,2161.52,938.17,1398.7633333333333
2025-03-24 09:00:00,9,0,3,0,23.35,346.2,46.8,4479.1,4437.47,897.2,1544.5674999999999
2025-03-24 10:00:00,10,0,3,0,26.44,354.8,52.4,4630.77,4479.1,985.78,1693.8133333333335
2025-03-24 11:00:00,11,0,3,0,26.91,304.3,56.5,4320.2,4630.77,1043.09,1845.6879166666668
2025-03-24 12:00:00,12,0,3,0,29.21,292.6,59.1,4395.96,4320.2,966.18,1982.2341666666669
2025-03-24 13:00:00,13,0,3,0,31.79,286.7,60.0,4488.03,4395.96,1055.72,2125.141666666667
2025-03-24 14:00:00,14,0,3,0,31.62,333.4,59.1,4659.81,4488.03,1132.1,2268.1545833333334
2025-03-24 15:00:00,15,0,3,0,32.35,329.7,56.5,4657.0,4659.81,971.73,2415.1425
2025-03-24 16:00:00,16,0,3,0,31.31,308.1,52.4,4426.38,4657.0,1066.58,2568.695416666667
2025-03-24 17:00:00,17,0,3,0,27.37,210.0,46.8,3382.5,4426.38,1151.14,2708.6870833333337
2025-03-24 18:00:00,18,0,3,0,25.07,230.0,40.2,3485.78,3382.5,924.22,2801.660416666667
2025-03-24 19:00:00,19,0,3,0,24.78,225.3,32.8,3424.52,3485.78,931.65,2908.3920833333336
2025-03-24 20:00:00,20,0,3,0,19.67,229.3,25.0,3395.96,3424.52,1002.05,3012.261666666667
2025-03-24 21:00:00,21,0,3,0,18.87,269.8,25.0,3588.36,3395.96,940.75,3112.007916666667
2025-03-24 22:00:00,22,0,3,0,14.69,286.8,25.0,3701.86,3588.36,958.28,3222.3250000000003
2025-03-24 23:00:00,23,0,3,0,9.93,144.5,25.0,2146.11,3701.86,975.91,3336.6408333333334
2025-03-25 00:00:00,0,1,3,0,10.58,156.7,25.0,2134.89,2146.11,2207.47,3385.3991666666666
2025-03-25 01:00:00,1,1,3,0,10.24,151.1,25.0,2177.99,2134.89,2082.14,3382.375
2025-03-25 02:00:00,2,1,3,0,10.55,128.5,25.0,1997.13,2177.99,2221.27,3386.36875
2025-03-25 03:00:00,3,1,3,0,7.67,156.5,25.0,2267.09,1997.13,2318.62,3377.029583333333
2025-03-25 04:00:00,4,1,3,0,11.78,155.2,25.0,2169.37,2267.09,2328.01,3374.8825
2025-03-25 05:00:00,5,1,3,0,11.42,111.4,25.0,1970.92,2169.37,2110.41,3368.2725000000005
2025-03-25 06:00:00,6,1,3,0,15.16,171.5,25.0,2266.61,1970.92,2200.33,3362.460416666667
2025-03-25 07:00:00,7,1,3,0,15.33,143.9,32.8,2158.31,2266.61,2161.52,3365.2220833333336
2025-03-25 08:00:00,8,1,3,0,20.6,344.2,40.2,4522.26,2158.31,4437.47,3365.088333333333
2025-03-25 09:00:00,9,1,3,0,23.15,352.9,46.8,4597.54,4522.26,4479.1,3368.62125
2025-03-25 10:00:00,10,1,3,0,25.33,334.2,52.4,4534.55,4597.54,4630.77,3373.55625
2025-03-25 11:00:00,11,1,3,0,28.48,328.1,56.5,4528.96,4534.55,4320.2,3369.5470833333334
2025-03-25 12:00:00,12,1,3,0,29.68,292.4,59.1,4388.31,4528.96,4395.96,3378.2454166666666
2025-03-25 13:00:00,13,1,3,0,30.59,314.6,60.0,4548.36,4388.31,4488.03,3377.9266666666667
2025-03-25 14:00:00,14,1,3,0,32.45,320.3,59.1,4537.4,4548.36,4659.81,3380.440416666667
2025-03-25 15:00:00,15,1,3,0,34.06,331.0,56.5,4681.99,4537.4,4657.0,3375.34
2025-03-25 16:00:00,16,1,3,0,29.82,306.8,52.4,4564.14,4681.99,4426.38,3376.3812500000004
2025-03-25 17:00:00,17,1,3,0,30.26,248.7,46.8,3680.87,4564.14,3382.5,3382.12125
2025-03-25 18:00:00,18,1,3,0,26.34,234.8,40.2,3510.43,3680.87,3485.78,3394.5533333333333
2025-03-25 19:00:00,19,1,3,0,24.79,220.2,32.8,3326.09,3510.43,3424.52,3395.580416666666
2025-03-25 20:00:00,20,1,3,0,17.83,276.8,25.0,3636.52,3326.09,3395.96,3391.4791666666665
2025-03-25 21:00:00,21,1,3,0,16.57,215.4,25.0,3415.63,3636.52,3588.36,3401.5025
2025-03-25 22:00:00,22,1,3,0,13.75,267.6,25.0,3605.17,3415.63,3701.86,3394.3054166666666
2025-03-25 23:00:00,23,1,3,0,12.86,123.4,25.0,2083.38,3605.17,2146.11,3390.2766666666666
2025-03-26 00:00:00,0,2,3,0,9.88,166.3,25.0,2226.12,2083.38,2134.89,3387.6629166666667
2025-03-26 01:00:00,1,2,3,0,9.97,150.0,25.0,2187.12,2226.12,2177.99,3391.4641666666666
2025-03-26 02:00:00,2,2,3,0,6.84,138.7,25.0,2138.4,2187.12,1997.13,3391.844583333333
2025-03-26 03:00:00,3,2,3,0,8.99,129.5,25.0,2097.86,2138.4,2267.09,3397.7308333333335
2025-03-26 04:00:00,4,2,3,0,12.6,129.8,25.0,2085.49,2097.86,2169.37,3390.679583333333
2025-03-26 05:00:00,5,2,3,0,14.09,121.4,25.0,2069.55,2085.49,1970.92,3387.184583333333
2025-03-26 06:00:00,6,2,3,0,16.23,170.7,25.0,2311.41,2069.55,2266.61,3391.2941666666666
2025-03-26 07:00:00,7,2,3,0,15.78,118.8,32.8,2103.31,2311.41,2158.31,3393.1608333333334
2025-03-26 08:00:00,8,2,3,0,21.43,354.7,40.2,4610.59,2103.31,4522.26,3390.869166666667
2025-03-26 09:00:00,9,2,3,0,26.23,297.5,46.8,4351.03,4610.59,4597.54,3394.5495833333334
2025-03-26 10:00:00,10,2,3,0,25.52,341.6,52.4,4575.48,4351.03,4534.55,3384.2783333333336
2025-03-26 11:00:00,11,2,3,0,24.24,345.8,56.5,4605.13,4575.48,4528.96,3385.98375
2025-03-26 12:00:00,12,2,3,0,32.79,305.2,59.1,4568.77,4605.13,4388.31,3389.1575
2025-03-26 13:00:00,13,2,3,0,33.76,312.9,60.0,4632.49,4568.77,4548.36,3396.6766666666663
2025-03-26 14:00:00,14,2,3,0,29.48,336.9,59.1,4591.08,4632.49,4537.4,3400.182083333333
2025-03-26 15:00:00,15,2,3,0,33.11,299.3,56.5,4525.02,4591.08,4681.99,3402.4187500000003
2025-03-26 16:00:00,16,2,3,0,29.81,310.3,52.4,4520.02,4525.02,4564.14,3395.8783333333326
2025-03-26 17:00:00,17,2,3,0,28.5,248.1,46.8,3510.72,4520.02,3680.87,3394.0399999999995
2025-03-26 18:00:00,18,2,3,0,28.08,228.7,40.2,3475.9,3510.72,3510.43,3386.9504166666666
2025-03-26 19:00:00,19,2,3,0,20.51,271.7,32.8,3646.08,3475.9,3326.09,3385.511666666667
2025-03-26 20:00:00,20,2,3,0,21.77,250.2,25.0,3597.34,3646.08,3636.52,3398.844583333333
2025-03-26 21:00:00,21,2,3,0,14.92,248.9,25.0,3500.37,3597.34,3415.63,3397.212083333334
2025-03-26 22:00:00,22,2,3,0,12.37,275.0,25.0,3604.19,3500.37,3605.17,3400.7429166666666
2025-03-26 23:00:00,23,2,3,0,10.09,163.6,25.0,2219.22,3604.19,2083.38,3400.7020833333336
2025-03-27 00:00:00,0,3,3,0,8.74,146.3,25.0,2135.49,2219.22,2226.12,3406.3620833333334
2025-03-27 01:00:00,1,3,3,0,10.29,138.5,25.0,2116.57,2135.49,2187.12,3402.585833333333
2025-03-27 02:00:00,2,3,3,0,7.2,141.9,25.0,2118.1,2116.57,2138.4,3399.6462500000002
2025-03-27 03:00:00,3,3,3,0,8.91,145.6,25.0,2119.1,2118.1,2097.86,3398.8004166666665
2025-03-27 04:00:00,4,3,3,0,10.04,149.6,25.0,2187.59,2119.1,2085.49,3399.6854166666667
2025-03-27 05:00:00,5,3,3,0,10.91,173.9,25.0,2239.93,2187.59,2069.55,3403.939583333333
2025-03-27 06:00:00,6,3,3,0,13.76,172.7,25.0,2267.75,2239.93,2311.41,3411.03875
2025-03-27 07:00:00,7,3,3,0,16.98,141.0,32.8,2121.3,2267.75,2103.31,3409.2195833333335
2025-03-27 08:00:00,8,3,3,0,23.53,307.1,40.2,4367.68,2121.3,4610.59,3409.969166666667
2025-03-27 09:00:00,9,3,3,0,21.95,349.5,46.8,4639.16,4367.68,4351.03,3399.847916666667
2025-03-27 10:00:00,10,3,3,0,23.3,345.6,52.4,4550.73,4639.16,4575.48,3411.853333333333
2025-03-27 11:00:00,11,3,3,0,29.77,283.8,56.5,4425.69,4550.73,4605.13,3410.822083333333
2025-03-27 12:00:00,12,3,3,0,30.93,293.0,59.1,4478.34,4425.69,4568.77,3403.345416666667
2025-03-27 13:00:00,13,3,3,0,32.27,353.1,60.0,4704.58,4478.34,4632.49,3399.5775
2025-03-27 14:00:00,14,3,3,0,31.06,305.7,59.1,4517.43,4704.58,4591.08,3402.5812499999997
2025-03-27 15:00:00,15,3,3,0,30.94,283.5,56.5,4505.36,4517.43,4525.02,3399.5125000000003
2025-03-27 16:00:00,16,3,3,0,31.24,300.5,52.4,4451.38,4505.36,4520.02,3398.6933333333327
2025-03-27 17:00:00,17,3,3,0,27.81,210.0,46.8,3365.7,4451.38,3510.72,3395.8333333333335
2025-03-27 18:00:00,18,3,3,0,23.95,248.8,40.2,3449.21,3365.7,3475.9,3389.790833333333
2025-03-27 19:00:00,19,3,3,0,22.89,287.1,32.8,3646.57,3449.21,3646.08,3388.6787499999996
2025-03-27 20:00:00,20,3,3,0,19.43,244.4,25.0,3514.6,3646.57,3597.34,3388.6991666666668
2025-03-27 21:00:00,21,3,3,0,17.76,217.6,25.0,3443.89,3514.6,3500.37,3385.2516666666666
2025-03-27 22:00:00,22,3,3,0,12.13,255.6,25.0,3548.49,3443.89,3604.19,3382.898333333333
2025-03-27 23:00:00,23,3,3,0,8.86,145.3,25.0,2181.39,3548.49,2219.22,3380.5775
2025-03-28 00:00:00,0,4,3,0,10.34,176.4,25.0,2317.05,2181.39,2135.49,3379.00125
2025-03-28 01:00:00,1,4,3,0,8.38,115.5,25.0,2007.61,2317.05,2116.57,3386.5662500000003
2025-03-28 02:00:00,2,4,3,0,4.6,121.2,25.0,2064.13,2007.61,2118.1,3382.0262500000003
2025-03-28 03:00:00,3,4,3,0,8.12,154.8,25.0,2153.97,2064.13,2119.1,3379.7774999999997
2025-03-28 04:00:00,4,4,3,0,11.06,129.2,25.0,2073.44,2153.97,2187.59,3381.2304166666668
2025-03-28 05:00:00,5,4,3,0,11.56,112.2,25.0,2062.35,2073.44,2239.93,3376.474166666667
2025-03-28 06:00:00,6,4,3,0,13.12,131.2,25.0,2103.11,2062.35,2267.75,3369.0750000000003
2025-03-28 07:00:00,7,4,3,0,17.05,179.3,32.8,2279.62,2103.11,2121.3,3362.215
2025-03-28 08:00:00,8,4,3,0,17.66,315.4,40.2,4551.7,2279.62,4367.68,3368.8116666666665
2025-03-28 09:00:00,9,4,3,0,24.15,336.2,46.8,4468.39,4551.7,4639.16,3376.4791666666665
2025-03-28 10:00:00,10,4,3,0,23.88,295.1,52.4,4363.48,4468.39,4550.73,3369.36375
2025-03-28 11:00:00,11,4,3,0,28.53,348.9,56.5,4664.47,4363.48,4425.69,3361.5616666666665
2025-03-28 12:00:00,12,4,3,0,31.67,308.2,59.1,4477.34,4664.47,4478.34,3371.5108333333333
2025-03-28 13:00:00,13,4,3,0,31.38,322.7,60.0,4611.33,4477.34,4704.58,3371.469166666667
2025-03-28 14:00:00,14,4,3,0,36.22,335.5,59.1,4612.98,4611.33,4517.43,3367.58375
2025-03-28 15:00:00,15,4,3,0,29.15,301.4,56.5,4350.96,4612.98,4505.36,3371.565
2025-03-28 16:00:00,16,4,3,0,30.13,336.5,52.4,4634.79,4350.96,4451.38,3365.1316666666667
2025-03-28 17:00:00,17,4,3,0,33.13,213.4,46.8,3517.2,4634.79,3365.7,3372.7737500000003
2025-03-28 18:00:00,18,4,3,0,26.57,223.5,40.2,3480.33,3517.2,3449.21,3379.0862500000003
2025-03-28 19:00:00,19,4,3,0,24.87,246.3,32.8,3511.41,3480.33,3646.57,3380.382916666667
2025-03-28 20:00:00,20,4,3,0,19.81,248.4,25.0,3392.34,3511.41,3514.6,3374.75125
2025-03-28 21:00:00,21,4,3,0,18.55,256.3,25.0,3592.54,3392.34,3443.89,3369.6570833333335
2025-03-28 22:00:00,22,4,3,0,12.58,218.0,25.0,3393.54,3592.54,3548.49,3375.8508333333334
2025-03-28 23:00:00,23,4,3,0,7.86,115.5,25.0,2082.52,3393.54,2181.39,3369.3945833333332
2025-03-29 00:00:00,0,5,3,1,9.4,43.6,7.5,933.97,2082.52,2317.05,3365.2749999999996
2025-03-29 01:00:00,1,5,3,1,8.46,27.0,7.5,921.05,933.97,2007.61,3307.646666666666
2025-03-29 02:00:00,2,5,3,1,7.03,47.5,7.5,974.3,921.05,2064.13,3262.373333333333
2025-03-29 03:00:00,3,5,3,1,7.51,59.0,7.5,955.38,974.3,2153.97,3216.9637500000003
2025-03-29 04:00:00,4,5,3,1,6.96,46.0,7.5,994.27,955.38,2073.44,3167.0224999999996
2025-03-29 05:00:00,5,5,3,1,9.86,22.5,7.5,928.69,994.27,2062.35,3122.057083333333
2025-03-29 06:00:00,6,5,3,1,15.01,22.6,7.5,972.05,928.69,2103.11,3074.8212499999995
2025-03-29 07:00:00,7,5,3,1,15.05,36.2,9.8,917.28,972.05,2279.62,3027.6937500000004
2025-03-29 08:00:00,8,5,3,1,17.82,46.8,12.1,1068.14,917.28,4551.7,2970.929583333333
2025-03-29 09:00:00,9,5,3,1,24.19,37.9,14.0,929.14,1068.14,4468.39,2825.78125
2025-03-29 10:00:00,10,5,3,1,23.2,39.4,15.7,974.86,929.14,4363.48,2678.3125
2025-03-29 11:00:00,11,5,3,1,28.85,27.3,17.0,976.18,974.86,4664.47,2537.12
2025-03-29 12:00:00,12,5,3,1,29.03,27.8,17.7,1073.56,976.18,4477.34,2383.4412500000003
2025-03-29 13:00:00,13,5,3,1,28.26,36.6,18.0,998.89,1073.56,4611.33,2241.617083333333
2025-03-29 14:00:00,14,5,3,1,33.62,24.0,17.7,1014.29,998.89,4612.98,2091.0987499999997
2025-03-29 15:00:00,15,5,3,1,31.09,46.6,17.0,1030.47,1014.29,4350.96,1941.1533333333334
2025-03-29 16:00:00,16,5,3,1,30.15,27.7,15.7,1032.37,1030.47,4634.79,1802.7995833333334
2025-03-29 17:00:00,17,5,3,1,27.51,29.1,14.0,962.68,1032.37,3517.2,1652.6987500000002
2025-03-29 18:00:00,18,5,3,1,23.96,45.6,12.1,1034.82,962.68,3480.33,1546.2604166666667
2025-03-29 19:00:00,19,5,3,1,20.68,48.3,9.8,1007.14,1034.82,3511.41,1444.364166666667
2025-03-29 20:00:00,20,5,3,1,20.14,46.0,7.5,935.62,1007.14,3392.34,1340.0195833333332
2025-03-29 21:00:00,21,5,3,1,17.9,37.5,7.5,881.33,935.62,3592.54,1237.65625
2025-03-29 22:00:00,22,5,3,1,11.91,54.9,7.5,993.14,881.33,3393.54,1124.6891666666666
2025-03-29 23:00:00,23,5,3,1,8.12,30.3,7.5,905.69,993.14,2082.52,1024.6725
2025-03-30 00:00:00,0,6,3,1,7.52,56.6,7.5,956.18,905.69,933.97,975.6379166666667
2025-03-30 01:00:00,1,6,3,1,9.09,35.3,7.5,986.0,956.18,921.05,976.5633333333334
2025-03-30 02:00:00,2,6,3,1,9.53,44.6,7.5,951.75,986.0,974.3,979.2695833333333
2025-03-30 03:00:00,3,6,3,1,8.47,21.5,7.5,937.36,951.75,955.38,978.33
2025-03-30 04:00:00,4,6,3,1,12.75,35.9,7.5,941.34,937.36,994.27,977.5791666666668
2025-03-30 05:00:00,5,6,3,1,11.29,20.5,7.5,932.05,941.34,928.69,975.3737499999999
2025-03-30 06:00:00,6,6,3,1,13.72,33.7,7.5,885.12,932.05,972.05,975.5137500000001
2025-03-30 07:00:00,7,6,3,1,19.4,39.9,9.8,917.28,885.12,917.28,971.8916666666668
2025-03-30 08:00:00,8,6,3,1,20.15,36.8,12.1,967.51,917.28,1068.14,971.8916666666665
2025-03-30 09:00:00,9,6,3,1,22.75,52.3,14.0,964.93,967.51,929.14,967.69875
2025-03-30 10:00:00,10,6,3,1,27.63,33.5,15.7,1008.42,964.93,974.86,969.19
2025-03-30 11:00:00,11,6,3,1,29.45,23.1,17.0,943.02,1008.42,976.18,970.5883333333333
2025-03-30 12:00:00,12,6,3,1,30.64,41.7,17.7,1036.57,943.02,1073.56,969.2066666666666
2025-03-30 13:00:00,13,6,3,1,28.96,57.9,18.0,1076.84,1036.57,998.89,967.6654166666667
2025-03-30 14:00:00,14,6,3,1,32.38,44.3,17.7,1085.09,1076.84,1014.29,970.9133333333333
2025-03-30 15:00:00,15,6,3,1,30.14,52.8,17.0,1081.84,1085.09,1030.47,973.8633333333333
2025-03-30 16:00:00,16,6,3,1,30.16,51.5,15.7,1088.7,1081.84,1032.37,976.00375
2025-03-30 17:00:00,17,6,3,1,31.0,40.2,14.0,1105.08,1088.7,962.68,978.3508333333334
2025-03-30 18:00:00,18,6,3,1,28.04,34.2,12.1,1089.61,1105.08,1034.82,984.2841666666667
2025-03-30 19:00:00,19,6,3,1,21.12,41.9,9.8,1000.35,1089.61,1007.14,986.5670833333334
2025-03-30 20:00:00,20,6,3,1,19.56,23.4,7.5,877.1,1000.35,935.62,986.2841666666667
2025-03-30 21:00:00,21,6,3,1,17.63,40.0,7.5,995.94,877.1,881.33,983.8458333333333
2025-03-30 22:00:00,22,6,3,1,12.35,51.6,7.5,925.06,995.94,993.14,988.62125
2025-03-30 23:00:00,23,6,3,1,11.72,35.7,7.5,943.38,925.06,905.69,985.7845833333334
2025-03-31 00:00:00,0,0,3,0,10.66,121.7,25.0,2051.43,943.38,956.18,987.3549999999999
2025-03-31 01:00:00,1,0,3,0,8.22,159.3,25.0,2245.16,2051.43,986.0,1032.9904166666665
2025-03-31 02:00:00,2,0,3,0,11.31,156.3,25.0,2180.14,2245.16,951.75,1085.4554166666665
2025-03-31 03:00:00,3,0,3,0,8.46,141.5,25.0,2088.5,2180.14,937.36,1136.6383333333333
2025-03-31 04:00:00,4,0,3,0,10.51,147.0,25.0,2207.19,2088.5,941.34,1184.6025
2025-03-31 05:00:00,5,0,3,0,12.02,156.5,25.0,2180.72,2207.19,932.05,1237.34625
2025-03-31 06:00:00,6,0,3,0,13.84,145.0,25.0,2146.86,2180.72,885.12,1289.3741666666665
2025-03-31 07:00:00,7,0,3,0,17.56,148.0,32.8,2146.32,2146.86,917.28,1341.9466666666665
2025-03-31 08:00:00,8,0,3,0,20.44,280.7,40.2,4238.07,2146.32,967.51,1393.1566666666668
2025-03-31 09:00:00,9,0,3,0,23.47,337.2,46.8,4528.66,4238.07,964.93,1529.43
2025-03-31 10:00:00,10,0,3,0,26.14,333.7,52.4,4485.73,4528.66,1008.42,1677.9187499999998
2025-03-31 11:00:00,11,0,3,0,30.87,334.0,56.5,4592.9,4485.73,943.02,1822.8066666666666
2025-03-31 12:00:00,12,0,3,0,31.14,321.7,59.1,4610.69,4592.9,1036.57,1974.8850000000002
2025-03-31 13:00:00,13,0,3,0,30.09,351.6,60.0,4694.64,4610.69,1076.84,2123.8066666666664
2025-03-31 14:00:00,14,0,3,0,31.57,326.4,59.1,4631.1,4694.64,1085.09,2274.548333333333
2025-03-31 15:00:00,15,0,3,0,32.29,333.6,56.5,4589.97,4631.1,1081.84,2422.29875
2025-03-31 16:00:00,16,0,3,0,29.4,306.9,52.4,4442.78,4589.97,1088.7,2568.4708333333333
2025-03-31 17:00:00,17,0,3,0,28.16,224.3,46.8,3518.59,4442.78,1105.08,2708.224166666667
2025-03-31 18:00:00,18,0,3,0,23.14,229.6,40.2,3401.49,3518.59,1089.61,2808.787083333333
2025-03-31 19:00:00,19,0,3,0,23.02,269.6,32.8,3598.0,3401.49,1000.35,2905.115416666667
2025-03-31 20:00:00,20,0,3,0,18.23,278.9,25.0,3623.54,3598.0,877.1,3013.3508333333334
2025-03-31 21:00:00,21,0,3,0,20.16,265.2,25.0,3570.29,3623.54,995.94,3127.7858333333334
2025-03-31 22:00:00,22,0,3,0,15.36,281.2,25.0,3616.02,3570.29,925.06,3235.0504166666665
2025-03-31 23:00:00,23,0,3,0,15.25,162.5,25.0,2218.1,3616.02,943.38,3347.17375
2025-04-01 00:00:00,0,1,4,0,9.44,132.8,25.0,2081.14,2218.1,2051.43,3400.287083333333
2025-04-01 01:00:00,1,1,4,0,5.46,153.6,25.0,2147.03,2081.14,2245.16,3401.525
2025-04-01 02:00:00,2,1,4,0,6.91,140.7,25.0,2101.18,2147.03,2180.14,3397.43625
2025-04-01 03:00:00,3,1,4,0,6.27,158.2,25.0,2194.08,2101.18,2088.5,3394.14625
2025-04-01 04:00:00,4,1,4,0,8.54,132.4,25.0,2099.56,2194.08,2207.19,3398.5454166666664
2025-04-01 05:00:00,5,1,4,0,12.75,120.3,25.0,2083.65,2099.56,2180.72,3394.060833333333
2025-04-01 06:00:00,6,1,4,0,13.58,160.1,25.0,2290.58,2083.65,2146.86,3390.01625
2025-04-01 07:00:00,7,1,4,0,17.06,155.0,32.8,2159.76,2290.58,2146.32,3396.0045833333334
2025-04-01 08:00:00,8,1,4,0,16.64,342.2,40.2,4480.03,2159.76,4238.07,3396.5645833333333
2025-04-01 09:00:00,9,1,4,0,25.17,302.2,46.8,4394.63,4480.03,4528.66,3406.64625
2025-04-01 10:00:00,10,1,4,0,27.78,349.7,52.4,4544.9,4394.63,4485.73,3401.0616666666665
2025-04-01 11:00:00,11,1,4,0,28.6,324.9,56.5,4542.85,4544.9,4592.9,3403.527083333333
2025-04-01 12:00:00,12,1,4,0,32.7,321.4,59.1,4578.88,4542.85,4610.69,3401.441666666667
2025-04-01 13:00:00,13,1,4,0,31.67,357.2,60.0,4707.05,4578.88,4694.64,3400.1162500000005
2025-04-01 14:00:00,14,1,4,0,30.64,329.2,59.1,4547.95,4707.05,4631.1,3400.633333333333
2025-04-01 15:00:00,15,1,4,0,30.34,341.4,56.5,4640.25,4547.95,4589.97,3397.1687499999994
2025-04-01 16:00:00,16,1,4,0,29.88,304.5,52.4,4466.3,4640.25,4442.78,3399.2637499999996
2025-04-01 17:00:00,17,1,4,0,28.76,257.4,46.8,3601.32,4466.3,3518.59,3400.2437499999996
2025-04-01 18:00:00,18,1,4,0,24.39,243.2,40.2,3506.59,3601.32,3401.49,3403.6908333333336
2025-04-01 19:00:00,19,1,4,0,21.1,232.2,32.8,3459.38,3506.59,3598.0,3408.0699999999997
2025-04-01 20:00:00,20,1,4,0,20.08,213.9,25.0,3308.45,3459.38,3623.54,3402.2941666666666
2025-04-01 21:00:00,21,1,4,0,18.73,271.0,25.0,3552.63,3308.45,3570.29,3389.1654166666667
2025-04-01 22:00:00,22,1,4,0,12.05,212.7,25.0,3295.53,3552.63,3616.02,3388.429583333333
2025-04-01 23:00:00,23,1,4,0,11.91,141.3,25.0,2124.81,3295.53,2218.1,3375.075833333334
2025-04-02 00:00:00,0,2,4,0,10.21,148.8,25.0,2166.07,2124.81,2081.14,3371.18875
2025-04-02 01:00:00,1,2,4,0,8.16,119.8,25.0,2005.61,2166.07,2147.03,3374.7274999999995
2025-04-02 02:00:00,2,2,4,0,10.47,175.4,25.0,2370.38,2005.61,2101.18,3368.8349999999996
2025-04-02 03:00:00,3,2,4,0,8.76,119.9,25.0,2012.88,2370.38,2194.08,3380.0516666666667
2025-04-02 04:00:00,4,2,4,0,10.54,174.0,25.0,2201.39,2012.88,2099.56,3372.501666666667
2025-04-02 05:00:00,5,2,4,0,9.81,115.5,25.0,2044.33,2201.39,2083.65,3376.7445833333336
2025-04-02 06:00:00,6,2,4,0,13.48,161.5,25.0,2119.17,2044.33,2290.58,3375.1062500000003
2025-04-02 07:00:00,7,2,4,0,17.7,152.0,32.8,2134.39,2119.17,2159.76,3367.9641666666666
2025-04-02 08:00:00,8,2,4,0,18.57,304.2,40.2,4355.7,2134.39,4480.03,3366.9070833333335
2025-04-02 09:00:00,9,2,4,0,22.8,335.0,46.8,4406.09,4355.7,4394.63,3361.726666666667
2025-04-02 10:00:00,10,2,4,0,24.73,299.8,52.4,4371.35,4406.09,4544.9,3362.2041666666664
2025-04-02 11:00:00,11,2,4,0,28.31,350.5,56.5,4595.63,4371.35,4542.85,3354.972916666667
2025-04-02 12:00:00,12,2,4,0,30.09,329.1,59.1,4504.73,4595.63,4578.88,3357.1720833333334
2025-04-02 13:00:00,13,2,4,0,33.35,337.1,60.0,4695.84,4504.73,4707.05,3354.0825
2025-04-02 14:00:00,14,2,4,0,30.77,302.6,59.1,4439.58,4695.84,4547.95,3353.615416666667
2025-04-02 15:00:00,15,2,4,0,34.39,337.5,56.5,4650.54,4439.58,4640.25,3349.1000000000004
2025-04-02 16:00:00,16,2,4,0,28.64,299.9,52.4,4346.58,4650.54,4466.3,3349.5287499999995
2025-04-02 17:00:00,17,2,4,0,30.12,212.1,46.8,3407.23,4346.58,3601.32,3344.5404166666667
2025-04-02 18:00:00,18,2,4,0,21.75,281.8,40.2,3639.91,3407.23,3506.59,3336.4533333333334
2025-04-02 19:00:00,19,2,4,0,23.08,212.5,32.8,3355.06,3639.91,3459.38,3342.008333333333
2025-04-02 20:00:00,20,2,4,0,21.99,237.4,25.0,3518.31,3355.06,3308.45,3337.6616666666664
2025-04-02 21:00:00,21,2,4,0,19.73,227.5,25.0,3341.85,3518.31,3552.63,3346.4058333333337
2025-04-02 22:00:00,22,2,4,0,13.27,268.2,25.0,3508.28,3341.85,3295.53,3337.623333333333
2025-04-02 23:00:00,23,2,4,0,12.6,128.4,25.0,2097.91,3508.28,2124.81,3346.4879166666665
2025-04-03 00:00:00,0,3,4,0,7.38,128.0,25.0,2059.08,2097.91,2166.07,3345.367083333333
2025-04-03 01:00:00,1,3,4,0,8.62,146.1,25.0,2184.11,2059.08,2005.61,3340.909166666667
2025-04-03 02:00:00,2,3,4,0,6.03,134.8,25.0,2022.16,2184.11,2370.38,3348.346666666667
2025-04-03 03:00:00,3,3,4,0,10.11,160.9,25.0,2194.26,2022.16,2012.88,3333.8375
2025-04-03 04:00:00,4,3,4,0,10.67,176.1,25.0,2172.27,2194.26,2201.39,3341.395
2025-04-03 05:00:00,5,3,4,0,10.94,116.7,25.0,1973.51,2172.27,2044.33,3340.181666666667
2025-04-03 06:00:00,6,3,4,0,17.36,124.4,25.0,2020.25,1973.51,2119.17,3337.230833333333
2025-04-03 07:00:00,7,3,4,0,18.34,158.4,32.8,2177.94,2020.25,2134.39,3333.1091666666666
2025-04-03 08:00:00,8,3,4,0,18.91,325.5,40.2,4411.49,2177.94,4355.7,3334.92375
2025-04-03 09:00:00,9,3,4,0,23.73,317.2,46.8,4437.08,4411.49,4406.09,3337.2483333333334
2025-04-03 10:00:00,10,3,4,0,24.44,346.6,52.4,4503.47,4437.08,4371.35,3338.539583333333
2025-04-03 11:00:00,11,3,4,0,30.11,281.1,56.5,4308.98,4503.47,4595.63,3344.044583333333
2025-04-03 12:00:00,12,3,4,0,30.33,343.2,59.1,4512.38,4308.98,4504.73,3332.1008333333334
2025-04-03 13:00:00,13,3,4,0,29.44,313.7,60.0,4447.88,4512.38,4695.84,3332.419583333333
2025-04-03 14:00:00,14,3,4,0,29.79,290.9,59.1,4434.93,4447.88,4439.58,3322.087916666667
2025-04-03 15:00:00,15,3,4,0,30.76,357.9,56.5,4611.49,4434.93,4650.54,3321.8941666666665
2025-04-03 16:00:00,16,3,4,0,30.52,308.6,52.4,4513.35,4611.49,4346.58,3320.2670833333336
2025-04-03 17:00:00,17,3,4,0,26.74,253.5,46.8,3600.75,4513.35,3407.23,3327.2158333333336
2025-04-03 18:00:00,18,3,4,0,29.24,261.8,40.2,3522.25,3600.75,3639.91,3335.2791666666667
2025-04-03 19:00:00,19,3,4,0,22.39,281.0,32.8,3526.13,3522.25,3355.06,3330.376666666667
2025-04-03 20:00:00,20,3,4,0,18.37,235.3,25.0,3397.23,3526.13,3518.31,3337.5045833333334
2025-04-03 21:00:00,21,3,4,0,16.5,250.3,25.0,3529.68,3397.23,3341.85,3332.4595833333333
2025-04-03 22:00:00,22,3,4,0,14.7,249.2,25.0,3499.64,3529.68,3508.28,3340.2858333333334
2025-04-03 23:00:00,23,3,4,0,12.3,144.3,25.0,2123.36,3499.64,2097.91,3339.9258333333332
2025-04-04 00:00:00,0,4,4,0,8.52,150.4,25.0,2121.75,2123.36,2059.08,3340.98625
2025-04-04 01:00:00,1,4,4,0,8.85,166.2,25.0,2204.92,2121.75,2184.11,3343.5975
2025-04-04 02:00:00,2,4,4,0,9.57,137.6,25.0,2111.7,2204.92,2022.16,3344.464583333333
2025-04-04 03:00:00,3,4,4,0,7.46,138.9,25.0,2119.85,2111.7,2194.26,3348.195416666667
2025-04-04 04:00:00,4,4,4,0,10.8,110.2,25.0,1957.93,2119.85,2172.27,3345.095
2025-04-04 05:00:00,5,4,4,0,11.19,118.5,25.0,1997.64,1957.93,1973.51,3336.164166666667
2025-04-04 06:00:00,6,4,4,0,12.72,155.3,25.0,2205.28,1997.64,2020.25,3337.169583333334
2025-04-04 07:00:00,7,4,4,0,15.99,115.6,32.8,2051.22,2205.28,2177.94,3344.879166666667
2025-04-04 08:00:00,8,4,4,0,20.76,345.7,40.2,4556.41,2051.22,4411.49,3339.599166666667
2025-04-04 09:00:00,9,4,4,0,22.25,307.0,46.8,4329.71,4556.41,4437.08,3345.6374999999994
2025-04-04 10:00:00,10,4,4,0,23.29,320.8,52.4,4447.46,4329.71,4503.47,3341.16375
2025-04-04 11:00:00,11,4,4,0,30.57,318.0,56.5,4445.53,4447.46,4308.98,3338.8300000000004
2025-04-04 12:00:00,12,4,4,0,29.81,352.1,59.1,4572.5,4445.53,4512.38,3344.5195833333332
2025-04-04 13:00:00,13,4,4,0,33.72,291.3,60.0,4495.8,4572.5,4447.88,3347.024583333334
2025-04-04 14:00:00,14,4,4,0,32.23,354.6,59.1,4645.86,4495.8,4434.93,3349.02125
2025-04-04 15:00:00,15,4,4,0,31.7,284.6,56.5,4442.88,4645.86,4611.49,3357.8099999999995
2025-04-04 16:00:00,16,4,4,0,29.97,333.5,52.4,4566.21,4442.88,4513.35,3350.7845833333336
2025-04-04 17:00:00,17,4,4,0,27.94,213.1,46.8,3431.01,4566.21,3600.75,3352.9870833333334
2025-04-04 18:00:00,18,4,4,0,29.59,220.3,40.2,3420.2,3431.01,3522.25,3345.914583333333
2025-04-04 19:00:00,19,4,4,0,24.47,212.5,32.8,3324.58,3420.2,3526.13,3341.6625
2025-04-04 20:00:00,20,4,4,0,18.44,288.6,25.0,3632.62,3324.58,3397.23,3333.2645833333336
2025-04-04 21:00:00,21,4,4,0,15.08,282.5,25.0,3592.88,3632.62,3529.68,3343.0724999999998
2025-04-04 22:00:00,22,4,4,0,15.22,283.7,25.0,3635.68,3592.88,3499.64,3345.7058333333334
2025-04-04 23:00:00,23,4,4,0,10.62,159.6,25.0,2168.56,3635.68,2123.36,3351.3741666666665
2025-04-05 00:00:00,0,5,4,1,9.13,47.5,7.5,909.92,2168.56,2121.75,3353.2575
2025-04-05 01:00:00,1,5,4,1,8.05,51.3,7.5,1055.69,909.92,2204.92,3302.7645833333336
2025-04-05 02:00:00,2,5,4,1,8.68,51.7,7.5,1035.69,1055.69,2111.7,3254.8800000000006
2025-04-05 03:00:00,3,5,4,1,7.02,29.1,7.5,854.51,1035.69,2119.85,3210.04625
2025-04-05 04:00:00,4,5,4,1,8.3,24.7,7.5,857.99,854.51,1957.93,3157.32375
2025-04-05 05:00:00,5,5,4,1,12.95,38.2,7.5,990.78,857.99,1997.64,3111.492916666666
2025-04-05 06:00:00,6,5,4,1,14.19,23.8,7.5,920.39,990.78,2205.28,3069.5404166666667
2025-04-05 07:00:00,7,5,4,1,15.68,34.5,9.8,964.67,920.39,2051.22,3016.0033333333336
2025-04-05 08:00:00,8,5,4,1,23.11,47.7,12.1,940.85,964.67,4556.41,2970.7304166666668
2025-04-05 09:00:00,9,5,4,1,24.76,28.8,14.0,950.33,940.85,4329.71,2820.0820833333332
2025-04-05 10:00:00,10,5,4,1,24.77,38.9,15.7,1055.86,950.33,4447.46,2679.2745833333333
2025-04-05 11:00:00,11,5,4,1,30.34,55.8,17.0,1120.42,1055.86,4445.53,2537.9579166666667
2025-04-05 12:00:00,12,5,4,1,28.25,52.1,17.7,1047.91,1120.42,4572.5,2399.4116666666664
2025-04-05 13:00:00,13,5,4,1,30.82,36.2,18.0,1083.09,1047.91,4495.8,2252.55375
2025-04-05 14:00:00,14,5,4,1,31.19,41.0,17.7,1130.56,1083.09,4645.86,2110.3574999999996
2025-04-05 15:00:00,15,5,4,1,30.93,45.7,17.0,1080.13,1130.56,4442.88,1963.8866666666665
2025-04-05 16:00:00,16,5,4,1,29.97,51.8,15.7,1076.98,1080.13,4566.21,1823.7720833333333
2025-04-05 17:00:00,17,5,4,1,28.69,54.2,14.0,1083.26,1076.98,3431.01,1678.3875
2025-04-05 18:00:00,18,5,4,1,25.35,59.2,12.1,1125.42,1083.26,3420.2,1580.564583333333
2025-04-05 19:00:00,19,5,4,1,22.89,24.0,9.8,878.71,1125.42,3324.58,1484.9487500000002
2025-04-05 20:00:00,20,5,4,1,21.46,58.4,7.5,1044.86,878.71,3632.62,1383.0375000000001
2025-04-05 21:00:00,21,5,4,1,15.14,35.9,7.5,898.82,1044.86,3592.88,1275.2141666666666
2025-04-05 22:00:00,22,5,4,1,17.14,39.2,7.5,980.88,898.82,3635.68,1162.9616666666668
2025-04-05 23:00:00,23,5,4,1,8.4,30.3,7.5,899.32,980.88,2168.56,1052.345
2025-04-06 00:00:00,0,6,4,1,7.01,38.0,7.5,1024.64,899.32,909.92,999.46
2025-04-06 01:00:00,1,6,4,1,9.76,36.6,7.5,984.5,1024.64,1055.69,1004.2400000000001
2025-04-06 02:00:00,2,6,4,1,8.94,53.3,7.5,933.35,984.5,1035.69,1001.27375
2025-04-06 03:00:00,3,6,4,1,8.04,43.4,7.5,856.21,933.35,854.51,997.0095833333334
2025-04-06 04:00:00,4,6,4,1,9.06,32.6,7.5,897.81,856.21,857.99,997.0804166666667
2025-04-06 05:00:00,5,6,4,1,13.19,24.2,7.5,944.21,897.81,990.78,998.7395833333334
2025-04-06 06:00:00,6,6,4,1,17.15,58.0,7.5,952.97,944.21,920.39,996.7991666666667
2025-04-06 07:00:00,7,6,4,1,18.25,59.0,9.8,1022.44,952.97,964.67,998.1566666666668
2025-04-06 08:00:00,8,6,4,1,19.62,23.3,12.1,823.28,1022.44,940.85,1000.5637499999999
2025-04-06 09:00:00,9,6,4,1,22.33,43.4,14.0,954.01,823.28,950.33,995.665
2025-04-06 10:00:00,10,6,4,1,24.1,52.0,15.7,1014.14,954.01,1055.86,995.8183333333333
2025-04-06 11:00:00,11,6,4,1,29.75,39.8,17.0,1083.49,1014.14,1120.42,994.08
2025-04-06 12:00:00,12,6,4,1,28.94,40.0,17.7,1113.37,1083.49,1047.91,992.5412500000001
2025-04-06 13:00:00,13,6,4,1,30.24,31.2,18.0,1062.14,1113.37,1083.09,995.2687500000001
2025-04-06 14:00:00,14,6,4,1,29.25,26.9,17.7,1003.14,1062.14,1130.56,994.3958333333334
2025-04-06 15:00:00,15,6,4,1,32.09,45.2,17.0,1075.34,1003.14,1080.13,989.0866666666666
2025-04-06 16:00:00,16,6,4,1,31.5,31.3,15.7,1017.1,1075.34,1076.98,988.8870833333334
2025-04-06 17:00:00,17,6,4,1,28.36,44.3,14.0,1055.63,1017.1,1083.26,986.3920833333335
2025-04-06 18:00:00,18,6,4,1,25.77,47.3,12.1,977.46,1055.63,1125.42,985.2408333333333
2025-04-06 19:00:00,19,6,4,1,20.4,58.6,9.8,1032.24,977.46,878.71,979.0758333333333
2025-04-06 20:00:00,20,6,4,1,21.45,24.8,7.5,950.19,1032.24,1044.86,985.4729166666666
2025-04-06 21:00:00,21,6,4,1,17.63,35.0,7.5,917.35,950.19,898.82,981.5283333333333
2025-04-06 22:00:00,22,6,4,1,14.34,32.8,7.5,845.4,917.35,980.88,982.3004166666666
2025-04-06 23:00:00,23,6,4,1,10.69,53.0,7.5,1018.98,845.4,899.32,976.6554166666666
2025-04-07 00:00:00,0,0,4,0,7.48,159.8,25.0,2121.97,1018.98,1024.64,981.6412500000001
2025-04-07 01:00:00,1,0,4,0,7.47,164.8,25.0,2098.19,2121.97,984.5,1027.3633333333332
2025-04-07 02:00:00,2,0,4,0,7.26,136.3,25.0,2101.0,2098.19,933.35,1073.7670833333334
2025-04-07 03:00:00,3,0,4,0,6.39,158.0,25.0,2177.35,2101.0,856.21,1122.4191666666668
2025-04-07 04:00:00,4,0,4,0,9.51,167.1,25.0,2288.37,2177.35,897.81,1177.4666666666667
2025-04-07 05:00:00,5,0,4,0,9.44,130.9,25.0,2127.61,2288.37,944.21,1235.4066666666665
2025-04-07 06:00:00,6,0,4,0,13.34,126.5,25.0,2043.63,2127.61,952.97,1284.715
2025-04-07 07:00:00,7,0,4,0,13.51,175.5,32.8,2271.78,2043.63,1022.44,1330.1591666666666
2025-04-07 08:00:00,8,0,4,0,17.55,349.9,40.2,4461.99,2271.78,823.28,1382.2150000000001
2025-04-07 09:00:00,9,0,4,0,20.85,296.6,46.8,4261.12,4461.99,954.01,1533.8279166666669
2025-04-07 10:00:00,10,0,4,0,26.93,334.2,52.4,4426.17,4261.12,1014.14,1671.6241666666665
2025-04-07 11:00:00,11,0,4,0,27.91,285.3,56.5,4276.66,4426.17,1083.49,1813.7920833333335
2025-04-07 12:00:00,12,0,4,0,32.66,355.0,59.1,4633.11,4276.66,1113.37,1946.8408333333334
2025-04-07 13:00:00,13,0,4,0,30.32,300.4,60.0,4412.81,4633.11,1062.14,2093.4966666666664
2025-04-07 14:00:00,14,0,4,0,28.89,293.9,59.1,4428.98,4412.81,1003.14,2233.1079166666664
2025-04-07 15:00:00,15,0,4,0,28.85,320.5,56.5,4512.25,4428.98,1075.34,2375.85125
2025-04-07 16:00:00,16,0,4,0,31.31,303.6,52.4,4481.97,4512.25,1017.1,2519.0558333333333
2025-04-07 17:00:00,17,0,4,0,29.53,225.4,46.8,3381.7,4481.97,1055.63,2663.4254166666665
2025-04-07 18:00:00,18,0,4,0,26.36,238.8,40.2,3421.85,3381.7,977.46,2760.345
2025-04-07 19:00:00,19,0,4,0,22.76,252.0,32.8,3411.27,3421.85,1032.24,2862.1945833333334
2025-04-07 20:00:00,20,0,4,0,18.72,273.8,25.0,3565.82,3411.27,950.19,2961.320833333333
2025-04-07 21:00:00,21,0,4,0,18.33,253.8,25.0,3511.4,3565.82,917.35,3070.305416666666
2025-04-07 22:00:00,22,0,4,0,14.71,260.3,25.0,3471.05,3511.4,845.4,3178.3908333333334
2025-04-07 23:00:00,23,0,4,0,11.42,157.4,25.0,2171.71,3471.05,1018.98,3287.7929166666668
2025-04-08 00:00:00,0,1,4,0,7.95,133.3,25.0,2125.88,2171.71,2121.97,3335.8233333333333
2025-04-08 01:00:00,1,1,4,0,10.01,151.4,25.0,2153.21,2125.88,2098.19,3335.98625
2025-04-08 02:00:00,2,1,4,0,8.07,127.6,25.0,2084.02,2153.21,2101.0,3338.27875
2025-04-08 03:00:00,3,1,4,0,6.57,165.5,25.0,2282.84,2084.02,2177.35,3337.5712499999995
2025-04-08 04:00:00,4,1,4,0,8.05,152.8,25.0,2228.47,2282.84,2288.37,3341.9666666666667
2025-04-08 05:00:00,5,1,4,0,11.73,117.6,25.0,2004.7,2228.47,2127.61,3339.470833333333
2025-04-08 06:00:00,6,1,4,0,14.1,146.4,25.0,2222.66,2004.7,2043.63,3334.349583333333
2025-04-08 07:00:00,7,1,4,0,16.37,139.6,32.8,2116.65,2222.66,2271.78,3341.8091666666664
2025-04-08 08:00:00,8,1,4,0,21.34,306.8,40.2,4266.99,2116.65,4461.99,3335.345416666667
2025-04-08 09:00:00,9,1,4,0,22.6,347.8,46.8,4499.02,4266.99,4261.12,3327.2204166666666
2025-04-08 10:00:00,10,1,4,0,26.75,286.0,52.4,4315.98,4499.02,4426.17,3337.132916666667
2025-04-08 11:00:00,11,1,4,0,29.35,335.5,56.5,4571.1,4315.98,4276.66,3332.5416666666665
2025-04-08 12:00:00,12,1,4,0,30.06,329.4,59.1,4543.2,4571.1,4633.11,3344.81
2025-04-08 13:00:00,13,1,4,0,30.56,346.3,60.0,4650.21,4543.2,4412.81,3341.06375
2025-04-08 14:00:00,14,1,4,0,31.21,336.7,59.1,4566.32,4650.21,4428.98,3350.955416666667
2025-04-08 15:00:00,15,1,4,0,32.01,307.0,56.5,4369.82,4566.32,4512.25,3356.677916666667
2025-04-08 16:00:00,16,1,4,0,28.06,318.1,52.4,4531.83,4369.82,4481.97,3350.7433333333333
2025-04-08 17:00:00,17,1,4,0,29.07,233.9,46.8,3523.22,4531.83,3381.7,3352.8208333333337
2025-04-08 18:00:00,18,1,4,0,24.35,278.6,40.2,3581.28,3523.22,3421.85,3358.7175
2025-04-08 19:00:00,19,1,4,0,22.69,265.7,32.8,3463.47,3581.28,3411.27,3365.360416666667
2025-04-08 20:00:00,20,1,4,0,19.79,215.2,25.0,3340.18,3463.47,3565.82,3367.535416666667
2025-04-08 21:00:00,21,1,4,0,16.73,282.2,25.0,3639.53,3340.18,3511.4,3358.1337500000004
2025-04-08 22:00:00,22,1,4,0,15.83,269.5,25.0,3562.83,3639.53,3471.05,3363.4725
2025-04-08 23:00:00,23,1,4,0,11.22,140.2,25.0,2188.73,3562.83,2171.71,3367.2966666666666
2025-04-09 00:00:00,0,2,4,0,5.12,175.9,25.0,2208.9,2188.73,2125.88,3368.005833333333
2025-04-09 01:00:00,1,2,4,0,8.74,165.0,25.0,2274.48,2208.9,2153.21,3371.465
2025-04-09 02:00:00,2,2,4,0,8.75,122.6,25.0,2053.92,2274.48,2084.02,3376.517916666667
2025-04-09 03:00:00,3,2,4,0,11.62,162.7,25.0,2186.8,2053.92,2282.84,3375.26375
2025-04-09 04:00:00,4,2,4,0,7.54,168.1,25.0,2238.38,2186.8,2228.47,3371.2620833333335
2025-04-09 05:00:00,5,2,4,0,11.9,132.2,25.0,2011.35,2238.38,2004.7,3371.6750000000006
2025-04-09 06:00:00,6,2,4,0,14.56,113.6,25.0,2003.0,2011.35,2222.66,3371.952083333333
2025-04-09 07:00:00,7,2,4,0,16.49,119.3,32.8,1973.47,2003.0,2116.65,3362.7995833333334
2025-04-09 08:00:00,8,2,4,0,19.54,321.4,40.2,4470.03,1973.47,4266.99,3356.83375
2025-04-09 09:00:00,9,2,4,0,21.79,343.2,46.8,4495.53,4470.03,4499.02,3365.2937500000003
2025-04-09 10:00:00,10,2,4,0,22.95,292.5,52.4,4234.92,4495.53,4315.98,3365.148333333333
2025-04-09 11:00:00,11,2,4,0,25.72,339.5,56.5,4560.15,4234.92,4571.1,3361.7708333333335
2025-04-09 12:00:00,12,2,4,0,30.99,293.7,59.1,4355.75,4560.15,4543.2,3361.3145833333333
2025-04-09 13:00:00,13,2,4,0,29.66,313.9,60.0,4476.48,4355.75,4650.21,3353.504166666667
2025-04-09 14:00:00,14,2,4,0,31.33,333.0,59.1,4606.07,4476.48,4566.32,3346.2654166666666
2025-04-09 15:00:00,15,2,4,0,30.38,319.3,56.5,4515.95,4606.07,4369.82,3347.9216666666666
2025-04-09 16:00:00,16,2,4,0,31.77,328.5,52.4,4598.29,4515.95,4531.83,3354.0104166666665
2025-04-09 17:00:00,17,2,4,0,26.65,266.3,46.8,3675.47,4598.29,3523.22,3356.779583333333
2025-04-09 18:00:00,18,2,4,0,26.0,278.7,40.2,3638.9,3675.47,3581.28,3363.123333333333
2025-04-09 19:00:00,19,2,4,0,24.74,284.5,32.8,3717.9,3638.9,3463.47,3365.524166666666
2025-04-09 20:00:00,20,2,4,0,20.09,246.4,25.0,3380.1,3717.9,3340.18,3376.1254166666663
2025-04-09 21:00:00,21,2,4,0,17.44,240.4,25.0,3428.69,3380.1,3639.53,3377.7887499999997
2025-04-09 22:00:00,22,2,4,0,12.36,238.0,25.0,3415.03,3428.69,3562.83,3369.00375
2025-04-09 23:00:00,23,2,4,0,12.08,113.4,25.0,2085.9,3415.03,2188.73,3362.8454166666666
2025-04-10 00:00:00,0,3,4,0,9.96,163.2,25.0,2158.92,2085.9,2208.9,3358.5608333333334
2025-04-10 01:00:00,1,3,4,0,7.82,127.8,25.0,2040.81,2158.92,2274.48,3356.478333333333
2025-04-10 02:00:00,2,3,4,0,7.59,118.2,25.0,2023.48,2040.81,2053.92,3346.742083333333
2025-04-10 03:00:00,3,3,4,0,7.81,151.1,25.0,2162.11,2023.48,2186.8,3345.4737499999997
2025-04-10 04:00:00,4,3,4,0,7.24,154.8,25.0,2151.47,2162.11,2238.38,3344.4449999999997
2025-04-10 05:00:00,5,3,4,0,10.05,124.5,25.0,2143.6,2151.47,2011.35,3340.8237499999996
2025-04-10 06:00:00,6,3,4,0,14.93,122.6,25.0,2136.9,2143.6,2003.0,3346.334166666667
2025-04-10 07:00:00,7,3,4,0,17.28,170.1,32.8,2220.55,2136.9,1973.47,3351.9133333333334
2025-04-10 08:00:00,8,3,4,0,20.52,333.9,40.2,4417.22,2220.55,4470.03,3362.2083333333335
2025-04-10 09:00:00,9,3,4,0,21.2,315.3,46.8,4446.66,4417.22,4495.53,3360.007916666667
2025-04-10 10:00:00,10,3,4,0,26.35,356.5,52.4,4572.59,4446.66,4234.92,3357.971666666667
2025-04-10 11:00:00,11,3,4,0,29.74,352.1,56.5,4592.22,4572.59,4560.15,3372.04125
2025-04-10 12:00:00,12,3,4,0,29.78,359.6,59.1,4578.57,4592.22,4355.75,3373.3775
2025-04-10 13:00:00,13,3,4,0,30.51,321.6,60.0,4477.05,4578.57,4476.48,3382.6616666666664
2025-04-10 14:00:00,14,3,4,0,32.16,315.5,59.1,4520.8,4477.05,4606.07,3382.6854166666667
2025-04-10 15:00:00,15,3,4,0,31.95,336.4,56.5,4570.78,4520.8,4515.95,3379.1325
2025-04-10 16:00:00,16,3,4,0,30.61,332.3,52.4,4557.14,4570.78,4598.29,3381.4170833333333
2025-04-10 17:00:00,17,3,4,0,29.89,284.6,46.8,3739.28,4557.14,3675.47,3379.7025
2025-04-10 18:00:00,18,3,4,0,23.64,217.3,40.2,3346.42,3739.28,3638.9,3382.36125
2025-04-10 19:00:00,19,3,4,0,22.63,224.5,32.8,3382.1,3346.42,3717.9,3370.1745833333334
2025-04-10 20:00:00,20,3,4,0,18.12,247.5,25.0,3466.9,3382.1,3380.1,3356.1829166666666
2025-04-10 21:00:00,21,3,4,0,14.26,235.3,25.0,3379.76,3466.9,3428.69,3359.7995833333334
2025-04-10 22:00:00,22,3,4,0,15.16,232.5,25.0,3408.32,3379.76,3415.03,3357.7608333333337
2025-04-10 23:00:00,23,3,4,0,12.3,130.2,25.0,2035.66,3408.32,2085.9,3357.4812500000003
2025-04-11 00:00:00,0,4,4,0,7.93,159.9,25.0,2249.56,2035.66,2158.92,3355.3879166666666
2025-04-11 01:00:00,1,4,4,0,10.2,127.7,25.0,2068.13,2249.56,2040.81,3359.164583333333
2025-04-11 02:00:00,2,4,4,0,6.26,141.7,25.0,2116.47,2068.13,2023.48,3360.302916666667
2025-04-11 03:00:00,3,4,4,0,7.79,139.8,25.0,2122.53,2116.47,2162.11,3364.1775000000002
2025-04-11 04:00:00,4,4,4,0,10.63,141.1,25.0,2173.93,2122.53,2151.47,3362.5283333333336
2025-04-11 05:00:00,5,4,4,0,13.67,154.5,25.0,2189.41,2173.93,2143.6,3363.4641666666666
2025-04-11 06:00:00,6,4,4,0,12.75,147.9,25.0,2133.55,2189.41,2136.9,3365.3729166666667
2025-04-11 07:00:00,7,4,4,0,18.47,172.1,32.8,2240.09,2133.55,2220.55,3365.2333333333336
2025-04-11 08:00:00,8,4,4,0,21.55,326.9,40.2,4448.04,2240.09,4417.22,3366.0475
2025-04-11 09:00:00,9,4,4,0,23.61,332.7,46.8,4331.51,4448.04,4446.66,3367.3316666666665
2025-04-11 10:00:00,10,4,4,0,23.93,344.2,52.4,4417.2,4331.51,4572.59,3362.53375
2025-04-11 11:00:00,11,4,4,0,26.92,287.7,56.5,4405.19,4417.2,4592.22,3356.0591666666664
2025-04-11 12:00:00,12,4,4,0,29.69,312.4,59.1,4477.75,4405.19,4578.57,3348.26625
2025-04-11 13:00:00,13,4,4,0,32.51,327.5,60.0,4599.96,4477.75,4477.05,3344.065416666667
2025-04-11 14:00:00,14,4,4,0,32.44,293.6,59.1,4480.26,4599.96,4520.8,3349.1866666666665
2025-04-11 15:00:00,15,4,4,0,35.99,350.5,56.5,4681.02,4480.26,4570.78,3347.4975
2025-04-11 16:00:00,16,4,4,0,30.21,353.5,52.4,4675.92,4681.02,4557.14,3352.0908333333336
2025-04-11 17:00:00,17,4,4,0,26.13,232.0,46.8,3369.6,4675.92,3739.28,3357.0400000000004
2025-04-11 18:00:00,18,4,4,0,26.99,232.9,40.2,3436.94,3369.6,3346.42,3341.6366666666668
2025-04-11 19:00:00,19,4,4,0,21.67,215.6,32.8,3359.5,3436.94,3382.1,3345.4083333333333
2025-04-11 20:00:00,20,4,4,0,19.86,237.6,25.0,3411.79,3359.5,3466.9,3344.4666666666667
2025-04-11 21:00:00,21,4,4,0,16.5,271.5,25.0,3565.0,3411.79,3379.76,3342.1704166666673
2025-04-11 22:00:00,22,4,4,0,15.61,247.1,25.0,3452.04,3565.0,3408.32,3349.88875
2025-04-11 23:00:00,23,4,4,0,14.61,163.4,25.0,2217.67,3452.04,2035.66,3351.710416666667
2025-04-12 00:00:00,0,5,4,1,9.6,53.9,7.5,999.1,2217.67,2249.56,3359.2941666666666
2025-04-12 01:00:00,1,5,4,1,8.85,56.3,7.5,1083.75,999.1,2068.13,3307.191666666667
2025-04-12 02:00:00,2,5,4,1,8.44,41.2,7.5,854.43,1083.75,2116.47,3266.1758333333332
2025-04-12 03:00:00,3,5,4,1,10.88,46.2,7.5,942.13,854.43,2122.53,3213.590833333333
2025-04-12 04:00:00,4,5,4,1,9.36,54.4,7.5,948.23,942.13,2173.93,3164.4075
2025-04-12 05:00:00,5,5,4,1,9.87,36.3,7.5,969.84,948.23,2189.41,3113.3366666666666
2025-04-12 06:00:00,6,5,4,1,13.68,45.6,7.5,1012.83,969.84,2133.55,3062.52125
2025-04-12 07:00:00,7,5,4,1,18.7,56.4,9.8,1009.69,1012.83,2240.09,3015.824583333333
2025-04-12 08:00:00,8,5,4,1,17.71,20.8,12.1,906.07,1009.69,4448.04,2964.5579166666666
2025-04-12 09:00:00,9,5,4,1,24.57,54.5,14.0,961.22,906.07,4331.51,2816.975833333334
2025-04-12 10:00:00,10,5,4,1,23.57,47.0,15.7,941.9,961.22,4417.2,2676.5470833333334
2025-04-12 11:00:00,11,5,4,1,28.18,52.4,17.0,1132.08,941.9,4405.19,2531.7429166666666
2025-04-12 12:00:00,12,5,4,1,32.14,44.3,17.7,1126.37,1132.08,4477.75,2395.3633333333332
2025-04-12 13:00:00,13,5,4,1,30.17,37.0,18.0,1005.63,1126.37,4599.96,2255.7225
2025-04-12 14:00:00,14,5,4,1,28.89,41.4,17.7,961.07,1005.63,4480.26,2105.9587500000002
2025-04-12 15:00:00,15,5,4,1,30.23,23.6,17.0,1028.02,961.07,4681.02,1959.3258333333333
2025-04-12 16:00:00,16,5,4,1,28.26,27.9,15.7,956.83,1028.02,4675.92,1807.1175
2025-04-12 17:00:00,17,5,4,1,27.23,43.4,14.0,922.89,956.83,3369.6,1652.1554166666667
2025-04-12 18:00:00,18,5,4,1,25.3,41.5,12.1,957.63,922.89,3436.94,1550.2091666666665
2025-04-12 19:00:00,19,5,4,1,20.16,55.2,9.8,938.0,957.63,3359.5,1446.9045833333332
2025-04-12 20:00:00,20,5,4,1,24.47,21.4,7.5,879.66,938.0,3411.79,1346.0087500000002
2025-04-12 21:00:00,21,5,4,1,15.59,42.4,7.5,980.84,879.66,3565.0,1240.5033333333333
2025-04-12 22:00:00,22,5,4,1,13.99,30.1,7.5,858.47,980.84,3452.04,1132.8300000000002
2025-04-12 23:00:00,23,5,4,1,11.26,28.6,7.5,883.77,858.47,2217.67,1024.7645833333333
2025-04-13 00:00:00,0,6,4,1,10.05,25.7,7.5,974.83,883.77,999.1,969.1854166666667
2025-04-13 01:00:00,1,6,4,1,8.99,25.8,7.5,839.74,974.83,1083.75,968.1741666666667
2025-04-13 02:00:00,2,6,4,1,5.42,33.5,7.5,957.96,839.74,854.43,958.0070833333333
2025-04-13 03:00:00,3,6,4,1,7.45,23.5,7.5,858.61,957.96,942.13,962.3208333333333
2025-04-13 04:00:00,4,6,4,1,7.74,37.1,7.5,973.53,858.61,948.23,958.8408333333332
2025-04-13 05:00:00,5,6,4,1,15.18,20.5,7.5,892.33,973.53,969.84,959.895
2025-04-13 06:00:00,6,6,4,1,12.81,58.5,7.5,1127.93,892.33,1012.83,956.6654166666666
2025-04-13 07:00:00,7,6,4,1,15.21,42.9,9.8,924.01,1127.93,1009.69,961.46125
2025-04-13 08:00:00,8,6,4,1,22.54,30.5,12.1,912.13,924.01,906.07,957.89125
2025-04-13 09:00:00,9,6,4,1,23.33,40.1,14.0,934.14,912.13,961.22,958.1437499999998
2025-04-13 10:00:00,10,6,4,1,27.46,52.2,15.7,999.41,934.14,941.9,957.0154166666667
2025-04-13 11:00:00,11,6,4,1,31.39,37.1,17.0,1080.16,999.41,1132.08,959.4116666666667
2025-04-13 12:00:00,12,6,4,1,27.42,55.3,17.7,1064.54,1080.16,1126.37,957.2483333333334
2025-04-13 13:00:00,13,6,4,1,30.8,50.1,18.0,1048.3,1064.54,1005.63,954.6720833333333
2025-04-13 14:00:00,14,6,4,1,31.0,54.6,17.7,1198.44,1048.3,961.07,956.4500000000002
2025-04-13 15:00:00,15,6,4,1,29.57,28.6,17.0,963.28,1198.44,1028.02,966.3404166666668
2025-04-13 16:00:00,16,6,4,1,29.1,27.0,15.7,1027.44,963.28,956.83,963.6429166666667
2025-04-13 17:00:00,17,6,4,1,28.77,38.2,14.0,1023.65,1027.44,922.89,966.585
2025-04-13 18:00:00,18,6,4,1,28.54,35.6,12.1,1081.49,1023.65,957.63,970.7833333333333
2025-04-13 19:00:00,19,6,4,1,22.16,36.8,9.8,930.12,1081.49,938.0,975.9441666666667
2025-04-13 20:00:00,20,6,4,1,18.21,40.7,7.5,950.07,930.12,879.66,975.6158333333333
2025-04-13 21:00:00,21,6,4,1,15.03,24.2,7.5,906.85,950.07,980.84,978.5495833333333
2025-04-13 22:00:00,22,6,4,1,13.38,30.1,7.5,933.41,906.85,858.47,975.4666666666667
2025-04-13 23:00:00,23,6,4,1,11.45,33.1,7.5,854.26,933.41,883.77,978.5891666666668
2025-04-14 00:00:00,0,0,4,0,10.02,111.4,25.0,2104.77,854.26,974.83,977.3595833333334
2025-04-14 01:00:00,1,0,4,0,9.04,172.9,25.0,2225.71,2104.77,839.74,1024.4404166666666
2025-04-14 02:00:00,2,0,4,0,7.6,165.4,25.0,2174.22,2225.71,957.96,1082.1891666666668
2025-04-14 03:00:00,3,0,4,0,7.12,121.9,25.0,2012.83,2174.22,858.61,1132.8666666666666
2025-04-14 04:00:00,4,0,4,0,10.5,148.9,25.0,2150.33,2012.83,973.53,1180.9591666666668
2025-04-14 05:00:00,5,0,4,0,10.48,118.8,25.0,2093.62,2150.33,892.33,1229.9925
2025-04-14 06:00:00,6,0,4,0,13.35,120.0,25.0,2081.99,2093.62,1127.93,1280.04625
2025-04-14 07:00:00,7,0,4,0,15.26,156.1,32.8,2298.13,2081.99,924.01,1319.79875
2025-04-14 08:00:00,8,0,4,0,19.39,319.7,40.2,4404.41,2298.13,912.13,1377.05375
2025-04-14 09:00:00,9,0,4,0,23.75,333.5,46.8,4414.15,4404.41,934.14,1522.5654166666666
2025-04-14 10:00:00,10,0,4,0,24.45,315.0,52.4,4371.96,4414.15,999.41,1667.5658333333333
2025-04-14 11:00:00,11,0,4,0,28.38,320.5,56.5,4427.92,4371.96,1080.16,1808.08875
2025-04-14 12:00:00,12,0,4,0,30.19,341.1,59.1,4510.54,4427.92,1064.54,1947.57875
2025-04-14 13:00:00,13,0,4,0,32.91,359.4,60.0,4726.87,4510.54,1048.3,2091.162083333333
2025-04-14 14:00:00,14,0,4,0,31.62,313.2,59.1,4492.36,4726.87,1198.44,2244.4358333333334
2025-04-14 15:00:00,15,0,4,0,30.95,312.2,56.5,4533.96,4492.36,963.28,2381.6825000000003
2025-04-14 16:00:00,16,0,4,0,31.41,332.4,52.4,4649.75,4533.96,1027.44,2530.460833333333
2025-04-14 17:00:00,17,0,4,0,25.73,238.6,46.8,3495.06,4649.75,1023.65,2681.3904166666666
2025-04-14 18:00:00,18,0,4,0,27.51,216.7,40.2,3343.79,3495.06,1081.49,2784.3658333333333
2025-04-14 19:00:00,19,0,4,0,20.91,236.3,32.8,3384.88,3343.79,930.12,2878.6283333333326
2025-04-14 20:00:00,20,0,4,0,22.4,237.4,25.0,3390.1,3384.88,950.07,2980.91
2025-04-14 21:00:00,21,0,4,0,20.89,250.9,25.0,3474.82,3390.1,906.85,3082.5779166666666
2025-04-14 22:00:00,22,0,4,0,14.15,283.6,25.0,3567.98,3474.82,933.41,3189.5766666666664
2025-04-14 23:00:00,23,0,4,0,12.26,169.8,25.0,2219.32,3567.98,854.26,3299.3504166666667
2025-04-15 00:00:00,0,1,4,0,9.95,111.3,25.0,2018.27,2219.32,2104.77,3356.2279166666667
2025-04-15 01:00:00,1,1,4,0,7.54,156.0,25.0,2178.98,2018.27,2225.71,3352.62375
2025-04-15 02:00:00,2,1,4,0,7.28,174.4,25.0,2251.04,2178.98,2174.22,3350.6766666666663
2025-04-15 03:00:00,3,1,4,0,6.81,158.3,25.0,2188.82,2251.04,2012.83,3353.8775000000005
2025-04-15 04:00:00,4,1,4,0,9.79,125.0,25.0,2033.44,2188.82,2150.33,3361.210416666667
2025-04-15 05:00:00,5,1,4,0,13.54,153.5,25.0,2174.21,2033.44,2093.62,3356.34
2025-04-15 06:00:00,6,1,4,0,12.92,170.3,25.0,2313.59,2174.21,2081.99,3359.6979166666665
2025-04-15 07:00:00,7,1,4,0,14.92,149.6,32.8,2217.01,2313.59,2298.13,3369.347916666667
2025-04-15 08:00:00,8,1,4,0,20.59,353.4,40.2,4484.51,2217.01,4404.41,3365.9679166666665
2025-04-15 09:00:00,9,1,4,0,22.69,280.3,46.8,4214.4,4484.51,4414.15,3369.305416666666
2025-04-15 10:00:00,10,1,4,0,26.62,309.9,52.4,4341.92,4214.4,4371.96,3360.9825
2025-04-15 11:00:00,11,1,4,0,28.45,315.4,56.5,4455.47,4341.92,4427.92,3359.730833333333
2025-04-15 12:00:00,12,1,4,0,32.06,344.8,59.1,4677.05,4455.47,4510.54,3360.87875
2025-04-15 13:00:00,13,1,4,0,30.64,335.8,60.0,4561.73,4677.05,4726.87,3367.816666666667
2025-04-15 14:00:00,14,1,4,0,31.58,301.8,59.1,4462.43,4561.73,4492.36,3360.9358333333334
2025-04-15 15:00:00,15,1,4,0,32.77,291.2,56.5,4363.72,4462.43,4533.96,3359.68875
2025-04-15 16:00:00,16,1,4,0,30.15,286.0,52.4,4400.58,4363.72,4649.75,3352.5954166666666
2025-04-15 17:00:00,17,1,4,0,29.55,283.0,46.8,3727.17,4400.58,3495.06,3342.213333333333
2025-04-15 18:00:00,18,1,4,0,28.19,258.5,40.2,3635.1,3727.17,3343.79,3351.884583333333
2025-04-15 19:00:00,19,1,4,0,23.54,260.3,32.8,3507.52,3635.1,3384.88,3364.0225000000005
2025-04-15 20:00:00,20,1,4,0,20.66,268.6,25.0,3552.21,3507.52,3390.1,3369.1325
2025-04-15 21:00:00,21,1,4,0,16.84,227.3,25.0,3342.07,3552.21,3474.82,3375.887083333333
2025-04-15 22:00:00,22,1,4,0,13.68,251.1,25.0,3527.59,3342.07,3567.98,3370.3558333333335
2025-04-15 23:00:00,23,1,4,0,10.68,150.0,25.0,2160.96,3527.59,2219.32,3368.6729166666664
2025-04-16 00:00:00,0,2,4,0,9.11,153.1,25.0,2185.61,2160.96,2018.27,3366.2412500000005
2025-04-16 01:00:00,1,2,4,0,6.67,151.6,25.0,2180.25,2185.61,2178.98,3373.2137500000003
2025-04-16 02:00:00,2,2,4,0,7.92,118.6,25.0,2051.88,2180.25,2251.04,3373.266666666667
2025-04-16 03:00:00,3,2,4,0,9.16,125.9,25.0,2023.94,2051.88,2188.82,3364.968333333333
2025-04-16 04:00:00,4,2,4,0,8.56,152.7,25.0,2180.69,2023.94,2033.44,3358.0983333333334
2025-04-16 05:00:00,5,2,4,0,9.16,172.5,25.0,2203.37,2180.69,2174.21,3364.23375
2025-04-16 06:00:00,6,2,4,0,15.51,142.4,25.0,2116.98,2203.37,2313.59,3365.44875
2025-04-16 07:00:00,7,2,4,0,18.04,175.0,32.8,2236.21,2116.98,2217.01,3357.2566666666667
2025-04-16 08:00:00,8,2,4,0,17.56,342.5,40.2,4505.92,2236.21,4484.51,3358.056666666667
2025-04-16 09:00:00,9,2,4,0,23.12,345.9,46.8,4489.64,4505.92,4214.4,3358.94875
2025-04-16 10:00:00,10,2,4,0,27.68,307.1,52.4,4351.03,4489.64,4341.92,3370.4170833333333
2025-04-16 11:00:00,11,2,4,0,30.06,348.1,56.5,4625.85,4351.03,4455.47,3370.7966666666666
2025-04-16 12:00:00,12,2,4,0,26.21,301.2,59.1,4413.01,4625.85,4677.05,3377.8958333333335
2025-04-16 13:00:00,13,2,4,0,34.52,280.9,60.0,4467.13,4413.01,4561.73,3366.8941666666665
2025-04-16 14:00:00,14,2,4,0,32.73,327.4,59.1,4652.75,4467.13,4462.43,3362.9525
2025-04-16 15:00:00,15,2,4,0,31.95,285.3,56.5,4364.35,4652.75,4363.72,3370.8824999999997
2025-04-16 16:00:00,16,2,4,0,30.19,302.0,52.4,4402.92,4364.35,4400.58,3370.9087500000005
2025-04-16 17:00:00,17,2,4,0,30.29,254.3,46.8,3554.59,4402.92,3727.17,3371.0062500000004
2025-04-16 18:00:00,18,2,4,0,27.76,261.5,40.2,3543.69,3554.59,3635.1,3363.815416666667
2025-04-16 19:00:00,19,2,4,0,24.31,261.9,32.8,3610.36,3543.69,3507.52,3360.0066666666667
2025-04-16 20:00:00,20,2,4,0,18.6,210.9,25.0,3385.05,3610.36,3552.21,3364.2916666666665
2025-04-16 21:00:00,21,2,4,0,17.41,285.4,25.0,3657.45,3385.05,3342.07,3357.3266666666673
2025-04-16 22:00:00,22,2,4,0,13.1,230.2,25.0,3341.75,3657.45,3527.59,3370.4675
2025-04-16 23:00:00,23,2,4,0,11.72,143.4,25.0,2049.54,3341.75,2160.96,3362.724166666667
2025-04-17 00:00:00,0,3,4,0,12.26,121.6,25.0,2060.62,2049.54,2185.61,3358.0816666666665
2025-04-17 01:00:00,1,3,4,0,6.22,140.5,25.0,2177.24,2060.62,2180.25,3352.87375
2025-04-17 02:00:00,2,3,4,0,7.9,131.1,25.0,2210.29,2177.24,2051.88,3352.748333333333
2025-04-17 03:00:00,3,3,4,0,7.09,150.6,25.0,2098.49,2210.29,2023.94,3359.3487500000006
2025-04-17 04:00:00,4,3,4,0,7.72,115.9,25.0,2069.53,2098.49,2180.69,3362.455
2025-04-17 05:00:00,5,3,4,0,8.61,171.0,25.0,2232.76,2069.53,2203.37,3357.8233333333333
2025-04-17 06:00:00,6,3,4,0,15.64,146.2,25.0,2054.76,2232.76,2116.98,3359.047916666667
2025-04-17 07:00:00,7,3,4,0,18.87,118.0,32.8,1995.42,2054.76,2236.21,3356.455416666666
2025-04-17 08:00:00,8,3,4,0,19.74,309.1,40.2,4410.06,1995.42,4505.92,3346.4225
2025-04-17 09:00:00,9,3,4,0,21.85,337.6,46.8,4492.97,4410.06,4489.64,3342.4283333333333
2025-04-17 10:00:00,10,3,4,0,25.55,291.6,52.4,4241.06,4492.97,4351.03,3342.5670833333334
2025-04-17 11:00:00,11,3,4,0,30.5,282.4,56.5,4282.36,4241.06,4625.85,3337.9850000000006
2025-04-17 12:00:00,12,3,4,0,32.4,356.2,59.1,4687.35,4282.36,4413.01,3323.672916666667
2025-04-17 13:00:00,13,3,4,0,31.48,323.8,60.0,4535.95,4687.35,4467.13,3335.10375
2025-04-17 14:00:00,14,3,4,0,30.93,326.0,59.1,4511.72,4535.95,4652.75,3337.97125
2025-04-17 15:00:00,15,3,4,0,30.8,296.1,56.5,4487.73,4511.72,4364.35,3332.095
2025-04-17 16:00:00,16,3,4,0,27.91,320.4,52.4,4456.34,4487.73,4402.92,3337.2358333333336
2025-04-17 17:00:00,17,3,4,0,28.95,250.4,46.8,3578.98,4456.34,3554.59,3339.4616666666666
2025-04-17 18:00:00,18,3,4,0,22.56,243.8,40.2,3457.11,3578.98,3543.69,3340.4779166666667
2025-04-17 19:00:00,19,3,4,0,24.14,269.3,32.8,3575.93,3457.11,3610.36,3336.8704166666666
2025-04-17 20:00:00,20,3,4,0,19.09,267.8,25.0,3485.05,3575.93,3385.05,3335.4358333333334
2025-04-17 21:00:00,21,3,4,0,18.65,247.6,25.0,3422.9,3485.05,3657.45,3339.6024999999995
2025-04-17 22:00:00,22,3,4,0,13.57,236.3,25.0,3368.7,3422.9,3341.75,3329.8295833333336
2025-04-17 23:00:00,23,3,4,0,12.34,178.6,25.0,2208.03,3368.7,2049.54,3330.9525
2025-04-18 00:00:00,0,4,4,0,9.57,140.3,25.0,2087.65,2208.03,2060.62,3337.55625
2025-04-18 01:00:00,1,4,4,0,10.04,159.2,25.0,2196.16,2087.65,2177.24,3338.6824999999994
2025-04-18 02:00:00,2,4,4,0,9.78,130.2,25.0,1999.39,2196.16,2210.29,3339.4708333333333
2025-04-18 03:00:00,3,4,4,0,10.19,165.4,25.0,2174.91,1999.39,2098.49,3330.683333333333
2025-04-18 04:00:00,4,4,4,0,8.47,119.5,25.0,2023.62,2174.91,2069.53,3333.8675000000003
2025-04-18 05:00:00,5,4,4,0,12.61,166.8,25.0,2181.54,2023.62,2232.76,3331.9545833333336
2025-04-18 06:00:00,6,4,4,0,17.76,176.0,25.0,2336.85,2181.54,2054.76,3329.820416666667
2025-04-18 07:00:00,7,4,4,0,16.47,142.3,32.8,2039.16,2336.85,1995.42,3341.5741666666668
2025-04-18 08:00:00,8,4,4,0,23.13,328.2,40.2,4407.37,2039.16,4410.06,3343.396666666667
2025-04-18 09:00:00,9,4,4,0,23.78,351.6,46.8,4510.7,4407.37,4492.97,3343.2845833333326
2025-04-18 10:00:00,10,4,4,0,28.36,313.3,52.4,4482.37,4510.7,4241.06,3344.023333333334
2025-04-18 11:00:00,11,4,4,0,29.71,356.0,56.5,4597.0,4482.37,4282.36,3354.0779166666666
2025-04-18 12:00:00,12,4,4,0,31.71,321.7,59.1,4507.35,4597.0,4687.35,3367.1879166666663
2025-04-18 13:00:00,13,4,4,0,29.69,324.2,60.0,4565.48,4507.35,4535.95,3359.687916666667
2025-04-18 14:00:00,14,4,4,0,29.93,318.5,59.1,4572.92,4565.48,4511.72,3360.9183333333335
2025-04-18 15:00:00,15,4,4,0,31.61,295.9,56.5,4465.99,4572.92,4487.73,3363.4683333333337
2025-04-18 16:00:00,16,4,4,0,27.74,338.7,52.4,4484.76,4465.99,4456.34,3362.5625
2025-04-18 17:00:00,17,4,4,0,30.15,242.6,46.8,3446.98,4484.76,3578.98,3363.7466666666664
2025-04-18 18:00:00,18,4,4,0,24.32,253.5,40.2,3485.5,3446.98,3457.11,3358.2466666666664
2025-04-18 19:00:00,19,4,4,0,23.02,249.7,32.8,3463.47,3485.5,3575.93,3359.429583333333
2025-04-18 20:00:00,20,4,4,0,22.46,284.6,25.0,3647.01,3463.47,3485.05,3354.7437499999996
2025-04-18 21:00:00,21,4,4,0,17.26,242.1,25.0,3469.8,3647.01,3422.9,3361.492083333333
2025-04-18 22:00:00,22,4,4,0,14.61,271.5,25.0,3543.58,3469.8,3368.7,3363.4462499999995
2025-04-18 23:00:00,23,4,4,0,11.13,167.4,25.0,2238.38,3543.58,2208.03,3370.7329166666664
2025-04-19 00:00:00,0,5,4,1,8.11,30.8,7.5,870.03,2238.38,2087.65,3371.9975
2025-04-19 01:00:00,1,5,4,1,7.13,54.2,7.5,971.9,870.03,2196.16,3321.263333333334
2025-04-19 02:00:00,2,5,4,1,8.44,29.3,7.5,968.06,971.9,1999.39,3270.2525
2025-04-19 03:00:00,3,5,4,1,5.53,20.2,7.5,805.5,968.06,2174.91,3227.280416666667
2025-04-19 04:00:00,4,5,4,1,11.39,24.6,7.5,934.83,805.5,2023.62,3170.221666666667
2025-04-19 05:00:00,5,5,4,1,12.59,48.8,7.5,1062.29,934.83,2181.54,3124.8554166666668
2025-04-19 06:00:00,6,5,4,1,17.16,57.8,7.5,960.12,1062.29,2336.85,3078.22
2025-04-19 07:00:00,7,5,4,1,19.87,39.1,9.8,943.76,960.12,2039.16,3020.8562500000003
2025-04-19 08:00:00,8,5,4,1,21.25,51.7,12.1,998.81,943.76,4407.37,2975.214583333334
2025-04-19 09:00:00,9,5,4,1,22.89,57.7,14.0,984.46,998.81,4510.7,2833.1912500000003
2025-04-19 10:00:00,10,5,4,1,26.65,20.9,15.7,831.84,984.46,4482.37,2686.264583333333
2025-04-19 11:00:00,11,5,4,1,28.76,56.4,17.0,1057.4,831.84,4597.0,2534.159166666667
2025-04-19 12:00:00,12,5,4,1,31.11,41.3,17.7,1067.1,1057.4,4507.35,2386.6758333333332
2025-04-19 13:00:00,13,5,4,1,32.95,57.1,18.0,1162.7,1067.1,4565.48,2243.3320833333332
2025-04-19 14:00:00,14,5,4,1,31.74,35.4,17.7,1145.62,1162.7,4572.92,2101.549583333333
2025-04-19 15:00:00,15,5,4,1,31.47,24.9,17.0,1058.52,1145.62,4465.99,1958.7454166666666
2025-04-19 16:00:00,16,5,4,1,30.27,49.4,15.7,1094.33,1058.52,4484.76,1816.7675
2025-04-19 17:00:00,17,5,4,1,31.44,24.0,14.0,1018.19,1094.33,3446.98,1675.4995833333332
2025-04-19 18:00:00,18,5,4,1,27.63,33.4,12.1,1035.39,1018.19,3485.5,1574.3000000000002
2025-04-19 19:00:00,19,5,4,1,24.4,48.2,9.8,984.34,1035.39,3463.47,1472.2120833333336
2025-04-19 20:00:00,20,5,4,1,17.92,39.6,7.5,934.84,984.34,3647.01,1368.915
2025-04-19 21:00:00,21,5,4,1,17.08,32.3,7.5,898.73,934.84,3469.8,1255.9079166666668
2025-04-19 22:00:00,22,5,4,1,15.54,29.9,7.5,875.13,898.73,3543.58,1148.78
2025-04-19 23:00:00,23,5,4,1,10.52,33.1,7.5,897.39,875.13,2238.38,1037.5945833333333
2025-04-20 00:00:00,0,6,4,1,9.41,51.0,7.5,940.3,897.39,870.03,981.7199999999999
2025-04-20 01:00:00,1,6,4,1,9.94,40.3,7.5,1012.51,940.3,971.9,984.6479166666667
2025-04-20 02:00:00,2,6,4,1,7.94,52.4,7.5,989.84,1012.51,968.06,986.34
2025-04-20 03:00:00,3,6,4,1,7.73,31.2,7.5,879.38,989.84,805.5,987.2475
2025-04-20 04:00:00,4,6,4,1,12.74,32.4,7.5,930.46,879.38,934.83,990.3258333333333
2025-04-20 05:00:00,5,6,4,1,10.12,35.2,7.5,984.71,930.46,1062.29,990.1437499999998
2025-04-20 06:00:00,6,6,4,1,13.37,31.6,7.5,916.59,984.71,960.12,986.9112500000001
2025-04-20 07:00:00,7,6,4,1,17.85,23.2,9.8,877.66,916.59,943.76,985.0975
2025-04-20 08:00:00,8,6,4,1,21.05,48.9,12.1,1046.66,877.66,998.81,982.3433333333334
2025-04-20 09:00:00,9,6,4,1,21.04,52.8,14.0,974.2,1046.66,984.46,984.3370833333333
2025-04-20 10:00:00,10,6,4,1,28.67,40.5,15.7,1135.06,974.2,831.84,983.9095833333334
2025-04-20 11:00:00,11,6,4,1,28.85,42.6,17.0,1057.54,1135.06,1057.4,996.5437499999999
2025-04-20 12:00:00,12,6,4,1,29.99,57.7,17.7,1101.08,1057.54,1067.1,996.5495833333334
2025-04-20 13:00:00,13,6,4,1,31.62,39.8,18.0,1137.68,1101.08,1162.7,997.9654166666666
2025-04-20 14:00:00,14,6,4,1,31.38,49.9,17.7,1090.33,1137.68,1145.62,996.9229166666665
2025-04-20 15:00:00,15,6,4,1,30.91,49.3,17.0,1060.7,1090.33,1058.52,994.6191666666667
2025-04-20 16:00:00,16,6,4,1,32.38,30.6,15.7,1018.95,1060.7,1094.33,994.71
2025-04-20 17:00:00,17,6,4,1,27.11,34.7,14.0,988.45,1018.95,1018.19,991.5691666666667
2025-04-20 18:00:00,18,6,4,1,28.18,52.2,12.1,1011.18,988.45,1035.39,990.3299999999999
2025-04-20 19:00:00,19,6,4,1,23.57,49.0,9.8,970.69,1011.18,984.34,989.32125
2025-04-20 20:00:00,20,6,4,1,18.08,44.6,7.5,951.58,970.69,934.84,988.7525
2025-04-20 21:00:00,21,6,4,1,15.75,57.7,7.5,1043.92,951.58,898.73,989.4499999999999
2025-04-20 22:00:00,22,6,4,1,14.89,33.5,7.5,964.59,1043.92,875.13,995.4995833333334
2025-04-20 23:00:00,23,6,4,1,14.11,50.6,7.5,966.1,964.59,897.39,999.2270833333333
2025-04-21 00:00:00,0,0,4,0,10.45,137.1,25.0,2055.4,966.1,940.3,1002.09
2025-04-21 01:00:00,1,0,4,0,7.82,178.3,25.0,2181.36,2055.4,1012.51,1048.5525
2025-04-21 02:00:00,2,0,4,0,9.81,157.2,25.0,2193.49,2181.36,989.84,1097.2545833333334
2025-04-21 03:00:00,3,0,4,0,9.27,163.3,25.0,2228.14,2193.49,879.38,1147.4066666666668
2025-04-21 04:00:00,4,0,4,0,10.88,155.6,25.0,2165.47,2228.14,930.46,1203.605
2025-04-21 05:00:00,5,0,4,0,11.04,124.1,25.0,2075.43,2165.47,984.71,1255.06375
2025-04-21 06:00:00,6,0,4,0,14.32,169.8,25.0,2323.44,2075.43,916.59,1300.5104166666667
2025-04-21 07:00:00,7,0,4,0,14.93,168.1,32.8,2212.97,2323.44,877.66,1359.1291666666666
2025-04-21 08:00:00,8,0,4,0,24.91,302.8,40.2,4370.66,2212.97,1046.66,1414.7670833333332
2025-04-21 09:00:00,9,0,4,0,23.68,344.4,46.8,4549.64,4370.66,974.2,1553.2670833333334
2025-04-21 10:00:00,10,0,4,0,27.22,342.5,52.4,4491.06,4549.64,1135.06,1702.2437499999999
2025-04-21 11:00:00,11,0,4,0,27.92,312.8,56.5,4469.84,4491.06,1057.54,1842.0770833333333
2025-04-21 12:00:00,12,0,4,0,31.4,280.9,59.1,4302.93,4469.84,1101.08,1984.2562500000001
2025-04-21 13:00:00,13,0,4,0,33.17,310.1,60.0,4527.02,4302.93,1137.68,2117.6666666666665
2025-04-21 14:00:00,14,0,4,0,31.59,353.0,59.1,4580.49,4527.02,1090.33,2258.8891666666664
2025-04-21 15:00:00,15,0,4,0,32.76,323.9,56.5,4526.97,4580.49,1060.7,2404.3125
2025-04-21 16:00:00,16,0,4,0,29.05,310.2,52.4,4312.67,4526.97,1018.95,2548.7404166666665
2025-04-21 17:00:00,17,0,4,0,26.78,211.8,46.8,3418.23,4312.67,988.45,2685.97875
2025-04-21 18:00:00,18,0,4,0,24.7,254.8,40.2,3474.52,3418.23,1011.18,2787.2195833333335
2025-04-21 19:00:00,19,0,4,0,23.41,242.6,32.8,3368.66,3474.52,970.69,2889.85875
2025-04-21 20:00:00,20,0,4,0,18.16,225.9,25.0,3376.75,3368.66,951.58,2989.7741666666666
2025-04-21 21:00:00,21,0,4,0,16.22,263.7,25.0,3532.15,3376.75,1043.92,3090.8229166666665
2025-04-21 22:00:00,22,0,4,0,14.24,247.4,25.0,3425.85,3532.15,964.59,3194.4991666666665
2025-04-21 23:00:00,23,0,4,0,14.16,128.5,25.0,2203.63,3425.85,966.1,3297.0516666666667
2025-04-22 00:00:00,0,1,4,0,12.92,174.7,25.0,2312.3,2203.63,2055.4,3348.615416666667
2025-04-22 01:00:00,1,1,4,0,9.57,138.1,25.0,2092.71,2312.3,2181.36,3359.319583333334
2025-04-22 02:00:00,2,1,4,0,8.6,140.3,25.0,2141.03,2092.71,2193.49,3355.6258333333335
2025-04-22 03:00:00,3,1,4,0,6.81,123.2,25.0,2103.86,2141.03,2228.14,3353.44
2025-04-22 04:00:00,4,1,4,0,11.18,130.8,25.0,2044.22,2103.86,2165.47,3348.2616666666668
2025-04-22 05:00:00,5,1,4,0,10.59,126.1,25.0,2008.12,2044.22,2075.43,3343.2095833333333
2025-04-22 06:00:00,6,1,4,0,12.55,143.3,25.0,2187.41,2008.12,2323.44,3340.405
2025-04-22 07:00:00,7,1,4,0,20.06,132.3,32.8,2053.7,2187.41,2212.97,3334.7370833333334
2025-04-22 08:00:00,8,1,4,0,20.51,291.7,40.2,4274.55,2053.7,4370.66,3328.1008333333334
2025-04-22 09:00:00,9,1,4,0,24.53,300.5,46.8,4316.94,4274.55,4549.64,3324.09625
2025-04-22 10:00:00,10,1,4,0,27.93,333.1,52.4,4465.72,4316.94,4491.06,3314.400416666667
2025-04-22 11:00:00,11,1,4,0,28.34,281.6,56.5,4405.31,4465.72,4469.84,3313.3445833333335
2025-04-22 12:00:00,12,1,4,0,30.43,345.1,59.1,4646.5,4405.31,4302.93,3310.6558333333337
2025-04-22 13:00:00,13,1,4,0,34.47,308.8,60.0,4525.33,4646.5,4527.02,3324.97125
2025-04-22 14:00:00,14,1,4,0,31.46,350.7,59.1,4674.32,4525.33,4580.49,3324.900833333333
2025-04-22 15:00:00,15,1,4,0,31.08,288.5,56.5,4374.79,4674.32,4526.97,3328.810416666667
2025-04-22 16:00:00,16,1,4,0,30.43,329.1,52.4,4443.19,4374.79,4312.67,3322.4695833333335
2025-04-22 17:00:00,17,1,4,0,26.9,213.5,46.8,3357.76,4443.19,3418.23,3327.907916666667
2025-04-22 18:00:00,18,1,4,0,25.37,261.8,40.2,3391.55,3357.76,3474.52,3325.388333333333
2025-04-22 19:00:00,19,1,4,0,25.69,244.2,32.8,3480.94,3391.55,3368.66,3321.93125
2025-04-22 20:00:00,20,1,4,0,19.72,254.5,25.0,3513.48,3480.94,3376.75,3326.6095833333334
2025-04-22 21:00:00,21,1,4,0,17.2,247.1,25.0,3421.0,3513.48,3532.15,3332.306666666667
2025-04-22 22:00:00,22,1,4,0,14.24,233.1,25.0,3347.69,3421.0,3425.85,3327.675416666667
2025-04-22 23:00:00,23,1,4,0,11.84,147.3,25.0,2128.33,3347.69,2203.63,3324.4187500000003
2025-04-23 00:00:00,0,2,4,0,9.41,153.7,25.0,2112.16,2128.33,2312.3,3321.28125
2025-04-23 01:00:00,1,2,4,0,4.84,160.4,25.0,2229.41,2112.16,2092.71,3312.9420833333334
2025-04-23 02:00:00,2,2,4,0,8.92,132.6,25.0,2100.3,2229.41,2141.03,3318.6379166666666
2025-04-23 03:00:00,3,2,4,0,8.3,157.0,25.0,2150.75,2100.3,2103.86,3316.9408333333336
2025-04-23 04:00:00,4,2,4,0,9.33,172.4,25.0,2271.11,2150.75,2044.22,3318.8945833333332
2025-04-23 05:00:00,5,2,4,0,9.29,169.1,25.0,2140.12,2271.11,2008.12,3328.3483333333334
2025-04-23 06:00:00,6,2,4,0,12.12,154.4,25.0,2193.09,2140.12,2187.41,3333.8483333333334
2025-04-23 07:00:00,7,2,4,0,16.25,134.2,32.8,2004.27,2193.09,2053.7,3334.0850000000005
2025-04-23 08:00:00,8,2,4,0,19.95,306.7,40.2,4321.59,2004.27,4274.55,3332.025416666667
2025-04-23 09:00:00,9,2,4,0,24.3,356.4,46.8,4599.53,4321.59,4316.94,3333.985416666667
2025-04-23 10:00:00,10,2,4,0,28.89,331.6,52.4,4529.64,4599.53,4465.72,3345.76
2025-04-23 11:00:00,11,2,4,0,29.0,326.9,56.5,4597.94,4529.64,4405.31,3348.4233333333336
2025-04-23 12:00:00,12,2,4,0,32.12,310.3,59.1,4436.13,4597.94,4646.5,3356.4495833333335
2025-04-23 13:00:00,13,2,4,0,33.56,351.3,60.0,4685.58,4436.13,4525.33,3347.6841666666664
2025-04-23 14:00:00,14,2,4,0,31.79,312.2,59.1,4482.13,4685.58,4674.32,3354.36125
2025-04-23 15:00:00,15,2,4,0,33.05,307.0,56.5,4547.99,4482.13,4374.79,3346.353333333334
2025-04-23 16:00:00,16,2,4,0,29.3,284.1,52.4,4313.95,4547.99,4443.19,3353.5699999999997
2025-04-23 17:00:00,17,2,4,0,27.95,253.8,46.8,3497.35,4313.95,3357.76,3348.185
2025-04-23 18:00:00,18,2,4,0,26.08,238.4,40.2,3526.58,3497.35,3391.55,3354.00125
2025-04-23 19:00:00,19,2,4,0,22.15,220.2,32.8,3420.58,3526.58,3480.94,3359.6275
2025-04-23 20:00:00,20,2,4,0,19.94,231.0,25.0,3288.78,3420.58,3513.48,3357.1124999999997
2025-04-23 21:00:00,21,2,4,0,16.05,237.4,25.0,3354.95,3288.78,3421.0,3347.75
2025-04-23 22:00:00,22,2,4,0,13.08,211.5,25.0,3343.54,3354.95,3347.69,3344.9979166666667
2025-04-23 23:00:00,23,2,4,0,13.3,113.1,25.0,2049.35,3343.54,2128.33,3344.8250000000003
2025-04-24 00:00:00,0,3,4,0,7.43,167.0,25.0,2222.69,2049.35,2112.16,3341.5341666666664
2025-04-24 01:00:00,1,3,4,0,6.85,161.6,25.0,2240.56,2222.69,2229.41,3346.139583333333
2025-04-24 02:00:00,2,3,4,0,8.63,173.2,25.0,2284.31,2240.56,2100.3,3346.6041666666665
2025-04-24 03:00:00,3,3,4,0,7.14,175.7,25.0,2284.71,2284.31,2150.75,3354.27125
2025-04-24 04:00:00,4,3,4,0,9.35,141.0,25.0,2094.79,2284.71,2271.11,3359.8529166666667
2025-04-24 05:00:00,5,3,4,0,9.16,161.9,25.0,2157.55,2094.79,2140.12,3352.50625
2025-04-24 06:00:00,6,3,4,0,12.37,151.7,25.0,2149.65,2157.55,2193.09,3353.2325
2025-04-24 07:00:00,7,3,4,0,17.35,158.7,32.8,2159.71,2149.65,2004.27,3351.4225
2025-04-24 08:00:00,8,3,4,0,19.93,302.9,40.2,4314.97,2159.71,4321.59,3357.8991666666666
2025-04-24 09:00:00,9,3,4,0,23.46,281.7,46.8,4083.9,4314.97,4599.53,3357.623333333333
2025-04-24 10:00:00,10,3,4,0,25.52,305.7,52.4,4325.47,4083.9,4529.64,3336.13875
2025-04-24 11:00:00,11,3,4,0,28.73,333.8,56.5,4600.07,4325.47,4597.94,3327.6316666666667
2025-04-24 12:00:00,12,3,4,0,29.43,327.2,59.1,4479.54,4600.07,4436.13,3327.7204166666666
2025-04-24 13:00:00,13,3,4,0,30.39,293.0,60.0,4374.54,4479.54,4685.58,3329.5291666666667
2025-04-24 14:00:00,14,3,4,0,32.97,321.6,59.1,4566.79,4374.54,4482.13,3316.5691666666667
2025-04-24 15:00:00,15,3,4,0,33.24,295.6,56.5,4491.28,4566.79,4547.99,3320.0966666666664
2025-04-24 16:00:00,16,3,4,0,29.1,324.8,52.4,4465.49,4491.28,4313.95,3317.73375
2025-04-24 17:00:00,17,3,4,0,30.09,213.1,46.8,3398.18,4465.49,3497.35,3324.0479166666664
2025-04-24 18:00:00,18,3,4,0,27.07,213.8,40.2,3341.01,3398.18,3526.58,3319.915833333333
2025-04-24 19:00:00,19,3,4,0,25.88,272.6,32.8,3567.98,3341.01,3420.58,3312.18375
2025-04-24 20:00:00,20,3,4,0,19.5,241.0,25.0,3382.43,3567.98,3288.78,3318.3254166666666
2025-04-24 21:00:00,21,3,4,0,13.79,256.4,25.0,3495.28,3382.43,3354.95,3322.2275000000004
2025-04-24 22:00:00,22,3,4,0,14.33,250.7,25.0,3527.85,3495.28,3343.54,3328.0745833333335
2025-04-24 23:00:00,23,3,4,0,10.02,141.5,25.0,2079.85,3527.85,2049.35,3335.754166666666
2025-04-25 00:00:00,0,4,4,0,6.53,136.8,25.0,2056.42,2079.85,2222.69,3337.025
2025-04-25 01:00:00,1,4,4,0,10.69,169.3,25.0,2136.72,2056.42,2240.56,3330.0970833333336
2025-04-25 02:00:00,2,4,4,0,8.33,126.2,25.0,2144.32,2136.72,2284.31,3325.7704166666667
2025-04-25 03:00:00,3,4,4,0,7.4,166.6,25.0,2252.68,2144.32,2284.71,3319.9375
2025-04-25 04:00:00,4,4,4,0,8.75,160.1,25.0,2248.27,2252.68,2094.79,3318.6029166666667
2025-04-25 05:00:00,5,4,4,0,11.51,122.1,25.0,2051.71,2248.27,2157.55,3324.997916666667
2025-04-25 06:00:00,6,4,4,0,12.0,134.7,25.0,2111.94,2051.71,2149.65,3320.587916666667
2025-04-25 07:00:00,7,4,4,0,15.64,170.2,32.8,2202.91,2111.94,2159.71,3319.0166666666664
2025-04-25 08:00:00,8,4,4,0,17.75,318.5,40.2,4389.16,2202.91,4314.97,3320.816666666667
2025-04-25 09:00:00,9,4,4,0,23.91,301.7,46.8,4289.7,4389.16,4083.9,3323.907916666667
2025-04-25 10:00:00,10,4,4,0,28.7,341.6,52.4,4547.71,4289.7,4325.47,3332.4829166666664
2025-04-25 11:00:00,11,4,4,0,27.74,338.9,56.5,4558.7,4547.71,4600.07,3341.742916666666
2025-04-25 12:00:00,12,4,4,0,30.09,294.9,59.1,4483.87,4558.7,4479.54,3340.0191666666665
2025-04-25 13:00:00,13,4,4,0,32.52,342.6,60.0,4700.15,4483.87,4374.54,3340.1995833333335
2025-04-25 14:00:00,14,4,4,0,30.3,334.9,59.1,4605.34,4700.15,4566.79,3353.7666666666664
2025-04-25 15:00:00,15,4,4,0,30.61,335.0,56.5,4616.09,4605.34,4491.28,3355.3729166666667
2025-04-25 16:00:00,16,4,4,0,30.1,282.9,52.4,4388.62,4616.09,4465.49,3360.5733333333337
2025-04-25 17:00:00,17,4,4,0,30.85,218.5,46.8,3468.45,4388.62,3398.18,3357.3704166666666
2025-04-25 18:00:00,18,4,4,0,24.64,227.7,40.2,3357.35,3468.45,3341.01,3360.2983333333336
2025-04-25 19:00:00,19,4,4,0,23.6,289.3,32.8,3556.42,3357.35,3567.98,3360.9791666666665
2025-04-25 20:00:00,20,4,4,0,20.87,284.0,25.0,3540.92,3556.42,3382.43,3360.4975
2025-04-25 21:00:00,21,4,4,0,15.82,270.9,25.0,3599.28,3540.92,3495.28,3367.1012499999997
2025-04-25 22:00:00,22,4,4,0,16.04,224.1,25.0,3351.93,3599.28,3527.85,3371.434583333333
2025-04-25 23:00:00,23,4,4,0,11.76,142.5,25.0,2131.86,3351.93,2079.85,3364.1045833333337
2025-04-26 00:00:00,0,5,4,1,7.29,36.0,7.5,991.08,2131.86,2056.42,3366.271666666666
2025-04-26 01:00:00,1,5,4,1,8.97,35.7,7.5,938.02,991.08,2136.72,3321.8824999999997
2025-04-26 02:00:00,2,5,4,1,7.66,41.7,7.5,960.01,938.02,2144.32,3271.9366666666665
2025-04-26 03:00:00,3,5,4,1,7.8,28.4,7.5,903.0,960.01,2252.68,3222.5904166666664
2025-04-26 04:00:00,4,5,4,1,9.09,30.1,7.5,909.81,903.0,2248.27,3166.3537499999998
2025-04-26 05:00:00,5,5,4,1,15.58,30.6,7.5,934.43,909.81,2051.71,3110.5845833333333
2025-04-26 06:00:00,6,5,4,1,12.42,57.0,7.5,1092.5,934.43,2111.94,3064.03125
2025-04-26 07:00:00,7,5,4,1,15.95,57.2,9.8,1039.21,1092.5,2202.91,3021.554583333333
2025-04-26 08:00:00,8,5,4,1,20.96,25.2,12.1,975.49,1039.21,4389.16,2973.0670833333334
2025-04-26 09:00:00,9,5,4,1,24.2,51.6,14.0,1057.1,975.49,4289.7,2830.8308333333334
2025-04-26 10:00:00,10,5,4,1,24.5,59.5,15.7,1033.62,1057.1,4547.71,2696.139166666667
2025-04-26 11:00:00,11,5,4,1,29.7,53.1,17.0,1066.71,1033.62,4558.7,2549.71875
2025-04-26 12:00:00,12,5,4,1,31.59,58.3,17.7,1226.38,1066.71,4483.87,2404.2191666666668
2025-04-26 13:00:00,13,5,4,1,29.48,38.4,18.0,981.03,1226.38,4700.15,2268.4904166666665
2025-04-26 14:00:00,14,5,4,1,33.21,45.5,17.7,1184.34,981.03,4605.34,2113.5270833333334
2025-04-26 15:00:00,15,5,4,1,33.79,27.9,17.0,1075.89,1184.34,4616.09,1970.9854166666667
2025-04-26 16:00:00,16,5,4,1,32.7,39.0,15.7,1109.1,1075.89,4388.62,1823.4770833333334
2025-04-26 17:00:00,17,5,4,1,29.82,46.5,14.0,1066.94,1109.1,3468.45,1686.8304166666667
2025-04-26 18:00:00,18,5,4,1,27.23,26.5,12.1,912.68,1066.94,3357.35,1586.7675
2025-04-26 19:00:00,19,5,4,1,24.67,52.4,9.8,960.24,912.68,3556.42,1484.90625
2025-04-26 20:00:00,20,5,4,1,21.66,24.6,7.5,875.03,960.24,3540.92,1376.7320833333333
2025-04-26 21:00:00,21,5,4,1,17.06,34.7,7.5,1044.02,875.03,3599.28,1265.6533333333334
2025-04-26 22:00:00,22,5,4,1,15.61,45.8,7.5,978.85,1044.02,3351.93,1159.1841666666667
2025-04-26 23:00:00,23,5,4,1,11.69,39.3,7.5,908.29,978.85,2131.86,1060.3058333333333
2025-04-27 00:00:00,0,6,4,1,9.9,33.3,7.5,912.68,908.29,991.08,1009.32375
2025-04-27 01:00:00,1,6,4,1,6.4,40.9,7.5,935.72,912.68,938.02,1006.0570833333333
2025-04-27 02:00:00,2,6,4,1,7.18,56.4,7.5,971.67,935.72,960.01,1005.96125
2025-04-27 03:00:00,3,6,4,1,7.16,40.7,7.5,918.79,971.67,903.0,1006.4470833333334
2025-04-27 04:00:00,4,6,4,1,11.74,44.0,7.5,924.88,918.79,909.81,1007.105
2025-04-27 05:00:00,5,6,4,1,13.97,42.2,7.5,868.63,924.88,934.43,1007.7329166666667
2025-04-27 06:00:00,6,6,4,1,15.08,34.6,7.5,940.75,868.63,1092.5,1004.99125
2025-04-27 07:00:00,7,6,4,1,16.03,52.2,9.8,952.68,940.75,1039.21,998.6683333333334
2025-04-27 08:00:00,8,6,4,1,21.46,48.7,12.1,1021.71,952.68,975.49,995.0629166666666
2025-04-27 09:00:00,9,6,4,1,24.55,24.0,14.0,948.41,1021.71,1057.1,996.98875
2025-04-27 10:00:00,10,6,4,1,24.48,53.2,15.7,989.16,948.41,1033.62,992.4599999999999
2025-04-27 11:00:00,11,6,4,1,28.19,42.3,17.0,1064.71,989.16,1066.71,990.6075
2025-04-27 12:00:00,12,6,4,1,28.89,53.8,17.7,1186.03,1064.71,1226.38,990.5241666666667
2025-04-27 13:00:00,13,6,4,1,31.18,57.5,18.0,1126.38,1186.03,981.03,988.8429166666666
2025-04-27 14:00:00,14,6,4,1,29.48,21.2,17.7,951.44,1126.38,1184.34,994.8991666666667
2025-04-27 15:00:00,15,6,4,1,33.98,54.8,17.0,1248.63,951.44,1075.89,985.195
2025-04-27 16:00:00,16,6,4,1,30.22,41.3,15.7,1024.28,1248.63,1109.1,992.3925
2025-04-27 17:00:00,17,6,4,1,27.51,60.0,14.0,1071.22,1024.28,1066.94,988.8583333333332
2025-04-27 18:00:00,18,6,4,1,27.18,38.9,12.1,1016.55,1071.22,912.68,989.0366666666667
2025-04-27 19:00:00,19,6,4,1,21.6,50.0,9.8,946.23,1016.55,960.24,993.3645833333334
2025-04-27 20:00:00,20,6,4,1,20.13,33.2,7.5,842.02,946.23,875.03,992.7808333333334
2025-04-27 21:00:00,21,6,4,1,19.98,37.6,7.5,944.38,842.02,1044.02,991.4054166666666
2025-04-27 22:00:00,22,6,4,1,12.97,35.5,7.5,906.65,944.38,978.85,987.25375
2025-04-27 23:00:00,23,6,4,1,12.8,34.0,7.5,960.41,906.65,908.29,984.2454166666666
2025-04-28 00:00:00,0,0,4,0,10.33,156.7,25.0,2120.03,960.41,912.68,986.4170833333333
2025-04-28 01:00:00,1,0,4,0,12.71,149.9,25.0,2118.86,2120.03,935.72,1036.7233333333334
2025-04-28 02:00:00,2,0,4,0,10.56,144.4,25.0,2161.82,2118.86,971.67,1086.0208333333333
2025-04-28 03:00:00,3,0,4,0,7.54,117.7,25.0,2054.77,2161.82,918.79,1135.6104166666667
2025-04-28 04:00:00,4,0,4,0,9.47,114.7,25.0,1994.38,2054.77,924.88,1182.9429166666666
2025-04-28 05:00:00,5,0,4,0,13.44,123.0,25.0,2054.62,1994.38,868.63,1227.5054166666666
2025-04-28 06:00:00,6,0,4,0,11.88,176.5,25.0,2319.06,2054.62,940.75,1276.9216666666669
2025-04-28 07:00:00,7,0,4,0,17.77,152.2,32.8,2156.07,2319.06,952.68,1334.35125
2025-04-28 08:00:00,8,0,4,0,17.16,349.6,40.2,4536.23,2156.07,1021.71,1384.4925
2025-04-28 09:00:00,9,0,4,0,20.2,303.5,46.8,4307.78,4536.23,948.41,1530.9308333333336
2025-04-28 10:00:00,10,0,4,0,25.72,317.7,52.4,4424.62,4307.78,989.16,1670.9045833333332
2025-04-28 11:00:00,11,0,4,0,26.48,348.6,56.5,4526.72,4424.62,1064.71,1814.04875
2025-04-28 12:00:00,12,0,4,0,28.89,309.9,59.1,4421.75,4526.72,1186.03,1958.2991666666667
2025-04-28 13:00:00,13,0,4,0,33.26,328.6,60.0,4591.39,4421.75,1126.38,2093.1208333333334
2025-04-28 14:00:00,14,0,4,0,33.88,282.6,59.1,4461.85,4591.39,951.44,2237.4962499999997
2025-04-28 15:00:00,15,0,4,0,32.09,340.8,56.5,4645.28,4461.85,1248.63,2383.763333333334
2025-04-28 16:00:00,16,0,4,0,30.45,354.2,52.4,4547.36,4645.28,1024.28,2525.2904166666667
2025-04-28 17:00:00,17,0,4,0,28.07,211.1,46.8,3371.97,4547.36,1071.22,2672.085416666667
2025-04-28 18:00:00,18,0,4,0,26.45,224.2,40.2,3447.43,3371.97,1016.55,2767.9500000000003
2025-04-28 19:00:00,19,0,4,0,21.22,263.8,32.8,3577.32,3447.43,946.23,2869.236666666667
2025-04-28 20:00:00,20,0,4,0,20.79,281.5,25.0,3508.03,3577.32,842.02,2978.865416666667
2025-04-28 21:00:00,21,0,4,0,17.36,218.0,25.0,3278.46,3508.03,944.38,3089.9491666666668
2025-04-28 22:00:00,22,0,4,0,12.0,271.1,25.0,3573.99,3278.46,906.65,3187.2025
2025-04-28 23:00:00,23,0,4,0,11.25,110.1,25.0,2069.11,3573.99,960.41,3298.341666666667
2025-04-29 00:00:00,0,1,4,0,10.64,173.3,25.0,2135.74,2069.11,2120.03,3344.5375
2025-04-29 01:00:00,1,1,4,0,10.65,143.4,25.0,2121.76,2135.74,2118.86,3345.1920833333334
2025-04-29 02:00:00,2,1,4,0,6.31,146.9,25.0,2109.35,2121.76,2161.82,3345.3129166666663
2025-04-29 03:00:00,3,1,4,0,6.24,112.6,25.0,2037.71,2109.35,2054.77,3343.1266666666666
2025-04-29 04:00:00,4,1,4,0,11.58,120.4,25.0,2097.28,2037.71,1994.38,3342.415833333334
2025-04-29 05:00:00,5,1,4,0,12.98,162.7,25.0,2208.12,2097.28,2054.62,3346.7033333333334
2025-04-29 06:00:00,6,1,4,0,14.76,175.5,25.0,2308.64,2208.12,2319.06,3353.099166666667
2025-04-29 07:00:00,7,1,4,0,16.49,131.3,32.8,2025.9,2308.64,2156.07,3352.6649999999995
2025-04-29 08:00:00,8,1,4,0,20.09,284.5,40.2,4275.17,2025.9,4536.23,3347.2412499999996
2025-04-29 09:00:00,9,1,4,0,23.04,324.6,46.8,4509.77,4275.17,4307.78,3336.3637500000004
2025-04-29 10:00:00,10,1,4,0,28.26,282.6,52.4,4364.86,4509.77,4424.62,3344.78
2025-04-29 11:00:00,11,1,4,0,27.32,313.3,56.5,4462.75,4364.86,4526.72,3342.2899999999995
2025-04-29 12:00:00,12,1,4,0,29.79,297.7,59.1,4366.93,4462.75,4421.75,3339.624583333333
2025-04-29 13:00:00,13,1,4,0,30.98,347.8,60.0,4677.48,4366.93,4591.39,3337.3404166666664
2025-04-29 14:00:00,14,1,4,0,30.58,327.1,59.1,4577.15,4677.48,4461.85,3340.9275
2025-04-29 15:00:00,15,1,4,0,31.71,293.5,56.5,4447.65,4577.15,4645.28,3345.7316666666666
2025-04-29 16:00:00,16,1,4,0,32.29,358.5,52.4,4645.39,4447.65,4547.36,3337.4970833333336
2025-04-29 17:00:00,17,1,4,0,28.61,227.8,46.8,3388.45,4645.39,3371.97,3341.581666666667
2025-04-29 18:00:00,18,1,4,0,25.22,235.6,40.2,3401.01,3388.45,3447.43,3342.2683333333334
2025-04-29 19:00:00,19,1,4,0,23.0,212.9,32.8,3410.83,3401.01,3577.32,3340.334166666666
2025-04-29 20:00:00,20,1,4,0,18.8,217.5,25.0,3353.56,3410.83,3508.03,3333.3970833333333
2025-04-29 21:00:00,21,1,4,0,17.38,270.3,25.0,3570.37,3353.56,3278.46,3326.960833333333
2025-04-29 22:00:00,22,1,4,0,13.96,215.8,25.0,3396.98,3570.37,3573.99,3339.12375
2025-04-29 23:00:00,23,1,4,0,13.97,169.3,25.0,2273.75,3396.98,2069.11,3331.7483333333334
2025-04-30 00:00:00,0,2,4,0,10.52,179.5,25.0,2212.59,2273.75,2135.74,3340.275
2025-04-30 01:00:00,1,2,4,0,8.9,142.2,25.0,2092.51,2212.59,2121.76,3343.477083333333
2025-04-30 02:00:00,2,2,4,0,7.27,149.7,25.0,2161.0,2092.51,2109.35,3342.2583333333337
2025-04-30 03:00:00,3,2,4,0,8.15,142.9,25.0,2164.65,2161.0,2037.71,3344.410416666667
2025-04-30 04:00:00,4,2,4,0,10.62,153.7,25.0,2203.95,2164.65,2097.28,3349.699583333333
2025-04-30 05:00:00,5,2,4,0,11.05,146.3,25.0,2192.17,2203.95,2208.12,3354.1441666666665
2025-04-30 06:00:00,6,2,4,0,12.8,172.2,25.0,2201.42,2192.17,2308.64,3353.4795833333333
2025-04-30 07:00:00,7,2,4,0,16.33,113.7,32.8,2082.3,2201.42,2025.9,3349.0120833333335
2025-04-30 08:00:00,8,2,4,0,20.47,298.3,40.2,4303.58,2082.3,4275.17,3351.3620833333334
2025-04-30 09:00:00,9,2,4,0,26.29,346.7,46.8,4581.98,4303.58,4509.77,3352.545833333333
2025-04-30 10:00:00,10,2,4,0,27.13,317.9,52.4,4435.02,4581.98,4364.86,3355.554583333333
2025-04-30 11:00:00,11,2,4,0,25.77,290.0,56.5,4270.51,4435.02,4462.75,3358.4779166666667
2025-04-30 12:00:00,12,2,4,0,32.28,319.9,59.1,4416.96,4270.51,4366.93,3350.467916666667
2025-04-30 13:00:00,13,2,4,0,29.15,291.2,60.0,4382.33,4416.96,4677.48,3352.5525
2025-04-30 14:00:00,14,2,4,0,34.89,294.7,59.1,4445.68,4382.33,4577.15,3340.2545833333334
2025-04-30 15:00:00,15,2,4,0,31.1,338.2,56.5,4681.65,4445.68,4447.65,3334.776666666667
2025-04-30 16:00:00,16,2,4,0,32.62,311.0,52.4,4457.2,4681.65,4645.39,3344.5266666666666
2025-04-30 17:00:00,17,2,4,0,28.18,249.6,46.8,3532.39,4457.2,3388.45,3336.6854166666667
2025-04-30 18:00:00,18,2,4,0,25.61,260.4,40.2,3552.23,3532.39,3401.01,3342.6829166666666
2025-04-30 19:00:00,19,2,4,0,24.54,284.3,32.8,3642.59,3552.23,3410.83,3348.98375
2025-04-30 20:00:00,20,2,4,0,20.19,226.1,25.0,3305.06,3642.59,3353.56,3358.640416666667
2025-04-30 21:00:00,21,2,4,0,15.27,223.8,25.0,3314.28,3305.06,3570.37,3356.6195833333336
2025-04-30 22:00:00,22,2,4,0,14.92,222.8,25.0,3335.27,3314.28,3396.98,3345.9491666666668
2025-04-30 23:00:00,23,2,4,0,11.63,121.7,25.0,2039.16,3335.27,2273.75,3343.377916666667
2025-05-01 00:00:00,0,3,5,0,8.44,178.3,25.0,2188.49,2039.16,2212.59,3333.603333333333
2025-05-01 01:00:00,1,3,5,0,8.57,149.9,25.0,2102.9,2188.49,2092.51,3332.599166666667
2025-05-01 02:00:00,2,3,5,0,8.65,153.6,25.0,2023.56,2102.9,2161.0,3333.032083333333
2025-05-01 03:00:00,3,3,5,0,10.16,116.4,25.0,2010.33,2023.56,2164.65,3327.3054166666666
2025-05-01 04:00:00,4,3,5,0,12.32,177.6,25.0,2219.07,2010.33,2203.95,3320.875416666667
2025-05-01 05:00:00,5,3,5,0,10.59,165.3,25.0,2118.88,2219.07,2192.17,3321.505416666667
2025-05-01 06:00:00,6,3,5,0,15.29,145.9,25.0,2062.5,2118.88,2201.42,3318.4516666666673
2025-05-01 07:00:00,7,3,5,0,17.43,143.2,32.8,2130.46,2062.5,2082.3,3312.6633333333334
2025-05-01 08:00:00,8,3,5,0,21.46,341.8,40.2,4329.69,2130.46,4303.58,3314.67
2025-05-01 09:00:00,9,3,5,0,20.92,302.0,46.8,4210.85,4329.69,4581.98,3315.757916666667
2025-05-01 10:00:00,10,3,5,0,24.29,318.0,52.4,4226.41,4210.85,4435.02,3300.2941666666666
2025-05-01 11:00:00,11,3,5,0,29.15,357.4,56.5,4479.94,4226.41,4270.51,3291.6020833333337
2025-05-01 12:00:00,12,3,5,0,31.38,358.7,59.1,4542.25,4479.94,4416.96,3300.328333333333
2025-05-01 13:00:00,13,3,5,0,31.65,280.9,60.0,4376.8,4542.25,4382.33,3305.54875
2025-05-01 14:00:00,14,3,5,0,32.37,349.9,59.1,4507.37,4376.8,4445.68,3305.318333333333
2025-05-01 15:00:00,15,3,5,0,32.24,334.4,56.5,4479.44,4507.37,4681.65,3307.8887499999996
2025-05-01 16:00:00,16,3,5,0,30.34,345.8,52.4,4454.79,4479.44,4457.2,3299.463333333333
2025-05-01 17:00:00,17,3,5,0,27.76,241.8,46.8,3319.17,4454.79,3532.39,3299.362916666667
2025-05-01 18:00:00,18,3,5,0,26.54,240.7,40.2,3374.97,3319.17,3552.23,3290.47875
2025-05-01 19:00:00,19,3,5,0,23.05,217.1,32.8,3278.59,3374.97,3642.59,3283.092916666667
2025-05-01 20:00:00,20,3,5,0,19.33,259.9,25.0,3452.24,3278.59,3305.06,3267.92625
2025-05-01 21:00:00,21,3,5,0,14.26,244.4,25.0,3288.54,3452.24,3314.28,3274.05875
2025-05-01 22:00:00,22,3,5,0,13.74,284.0,25.0,3453.99,3288.54,3335.27,3272.98625
2025-05-01 23:00:00,23,3,5,0,9.99,116.9,25.0,1985.9,3453.99,2039.16,3277.9329166666666
2025-05-02 00:00:00,0,4,5,0,9.33,146.6,25.0,2174.47,1985.9,2188.49,3275.7137500000003
2025-05-02 01:00:00,1,4,5,0,7.91,178.5,25.0,2244.46,2174.47,2102.9,3275.1295833333334
2025-05-02 02:00:00,2,4,5,0,7.7,113.2,25.0,1964.35,2244.46,2023.56,3281.0279166666674
2025-05-02 03:00:00,3,4,5,0,9.73,179.9,25.0,2167.25,1964.35,2010.33,3278.560833333333
2025-05-02 04:00:00,4,4,5,0,10.03,173.6,25.0,2177.8,2167.25,2219.07,3285.099166666667
2025-05-02 05:00:00,5,4,5,0,11.94,131.7,25.0,2109.19,2177.8,2118.88,3283.3795833333334
2025-05-02 06:00:00,6,4,5,0,15.09,143.5,25.0,2027.45,2109.19,2062.5,3282.9758333333334
2025-05-02 07:00:00,7,4,5,0,14.47,123.4,32.8,2010.74,2027.45,2130.46,3281.5154166666666
2025-05-02 08:00:00,8,4,5,0,19.26,356.4,40.2,4340.62,2010.74,4329.69,3276.527083333334
2025-05-02 09:00:00,9,4,5,0,24.73,298.6,46.8,4199.6,4340.62,4210.85,3276.9825
2025-05-02 10:00:00,10,4,5,0,24.76,337.0,52.4,4354.18,4199.6,4226.41,3276.51375
2025-05-02 11:00:00,11,4,5,0,29.19,335.5,56.5,4396.63,4354.18,4479.94,3281.8375
2025-05-02 12:00:00,12,4,5,0,27.67,300.0,59.1,4213.74,4396.63,4542.25,3278.3662500000005
2025-05-02 13:00:00,13,4,5,0,31.86,348.7,60.0,4472.82,4213.74,4376.8,3264.6783333333333
2025-05-02 14:00:00,14,4,5,0,32.83,291.4,59.1,4331.6,4472.82,4507.37,3268.679166666667
2025-05-02 15:00:00,15,4,5,0,32.78,314.8,56.5,4405.92,4331.6,4479.44,3261.3554166666668
2025-05-02 16:00:00,16,4,5,0,34.41,321.7,52.4,4443.52,4405.92,4454.79,3258.2920833333337
2025-05-02 17:00:00,17,4,5,0,27.36,265.1,46.8,3479.61,4443.52,3319.17,3257.8224999999998
2025-05-02 18:00:00,18,4,5,0,24.79,272.9,40.2,3456.78,3479.61,3374.97,3264.5074999999997
2025-05-02 19:00:00,19,4,5,0,22.4,260.7,32.8,3457.92,3456.78,3278.59,3267.9162499999998
2025-05-02 20:00:00,20,4,5,0,17.56,258.1,25.0,3455.23,3457.92,3452.24,3275.388333333334
2025-05-02 21:00:00,21,4,5,0,12.03,282.4,25.0,3503.13,3455.23,3288.54,3275.5129166666666
2025-05-02 22:00:00,22,4,5,0,12.01,289.8,25.0,3516.84,3503.13,3453.99,3284.454166666667
2025-05-02 23:00:00,23,4,5,0,12.35,145.9,25.0,2109.33,3516.84,1985.9,3287.0729166666665
2025-05-03 00:00:00,0,5,5,1,8.09,51.5,7.5,997.64,2109.33,2174.47,3292.2158333333336
2025-05-03 01:00:00,1,5,5,1,8.3,54.5,7.5,974.34,997.64,2244.46,3243.18125
2025-05-03 02:00:00,2,5,5,1,11.15,25.2,7.5,885.91,974.34,1964.35,3190.259583333333
2025-05-03 03:00:00,3,5,5,1,11.72,41.8,7.5,925.68,885.91,2167.25,3145.3245833333335
2025-05-03 04:00:00,4,5,5,1,7.66,40.1,7.5,914.15,925.68,2177.8,3093.5925
2025-05-03 05:00:00,5,5,5,1,10.92,31.1,7.5,861.47,914.15,2109.19,3040.940416666667
2025-05-03 06:00:00,6,5,5,1,13.29,58.9,7.5,955.08,861.47,2027.45,2988.952083333333
2025-05-03 07:00:00,7,5,5,1,15.28,43.6,9.8,944.41,955.08,2010.74,2944.27
2025-05-03 08:00:00,8,5,5,1,18.98,51.7,12.1,993.23,944.41,4340.62,2899.839583333333
2025-05-03 09:00:00,9,5,5,1,22.35,31.5,14.0,893.87,993.23,4199.6,2760.365
2025-05-03 10:00:00,10,5,5,1,24.02,36.7,15.7,914.38,893.87,4354.18,2622.62625
2025-05-03 11:00:00,11,5,5,1,26.01,37.9,17.0,986.97,914.38,4396.63,2479.30125
2025-05-03 12:00:00,12,5,5,1,29.68,51.2,17.7,1101.34,986.97,4213.74,2337.232083333334
2025-05-03 13:00:00,13,5,5,1,30.94,53.5,18.0,1189.99,1101.34,4472.82,2207.54875
2025-05-03 14:00:00,14,5,5,1,29.92,56.3,17.7,1043.55,1189.99,4331.6,2070.7641666666664
2025-05-03 15:00:00,15,5,5,1,28.52,40.0,17.0,970.69,1043.55,4405.92,1933.7620833333333
2025-05-03 16:00:00,16,5,5,1,31.27,47.7,15.7,1094.9,970.69,4443.52,1790.6275000000003
2025-05-03 17:00:00,17,5,5,1,29.86,58.9,14.0,1048.07,1094.9,3479.61,1651.1016666666667
2025-05-03 18:00:00,18,5,5,1,25.59,35.8,12.1,1018.23,1048.07,3456.78,1549.7875000000001
2025-05-03 19:00:00,19,5,5,1,22.85,59.8,9.8,1050.49,1018.23,3457.92,1448.1812499999999
2025-05-03 20:00:00,20,5,5,1,19.77,30.1,7.5,875.64,1050.49,3455.23,1347.8716666666667
2025-05-03 21:00:00,21,5,5,1,21.96,41.0,7.5,949.29,875.64,3503.13,1240.38875
2025-05-03 22:00:00,22,5,5,1,12.36,59.0,7.5,902.2,949.29,3516.84,1133.97875
2025-05-03 23:00:00,23,5,5,1,11.69,34.4,7.5,958.23,902.2,2109.33,1025.0354166666666
2025-05-04 00:00:00,0,6,5,1,10.12,42.9,7.5,943.89,958.23,997.64,977.0729166666666
2025-05-04 01:00:00,1,6,5,1,7.63,25.3,7.5,936.62,943.89,974.34,974.8333333333334
2025-05-04 02:00:00,2,6,5,1,7.97,31.8,7.5,854.83,936.62,885.91,973.2616666666667
2025-05-04 03:00:00,3,6,5,1,9.66,34.2,7.5,845.18,854.83,925.68,971.9666666666667
2025-05-04 04:00:00,4,6,5,1,9.86,50.8,7.5,982.58,845.18,914.15,968.6124999999998
2025-05-04 05:00:00,5,6,5,1,10.72,32.9,7.5,870.64,982.58,861.47,971.46375
2025-05-04 06:00:00,6,6,5,1,14.16,44.5,7.5,875.44,870.64,955.08,971.8458333333333
2025-05-04 07:00:00,7,6,5,1,15.6,43.6,9.8,980.0,875.44,944.41,968.5275000000001
2025-05-04 08:00:00,8,6,5,1,17.72,51.9,12.1,860.86,980.0,993.23,970.0104166666666
2025-05-04 09:00:00,9,6,5,1,21.6,40.5,14.0,959.66,860.86,893.87,964.4949999999999
2025-05-04 10:00:00,10,6,5,1,23.13,24.9,15.7,885.58,959.66,914.38,967.2362499999999
2025-05-04 11:00:00,11,6,5,1,28.35,37.7,17.0,1084.29,885.58,986.97,966.03625
2025-05-04 12:00:00,12,6,5,1,32.89,44.8,17.7,1107.37,1084.29,1101.34,970.0912500000001
2025-05-04 13:00:00,13,6,5,1,34.55,48.2,18.0,1153.42,1107.37,1189.99,970.3425000000001
2025-05-04 14:00:00,14,6,5,1,29.09,54.9,17.7,995.74,1153.42,1043.55,968.8187499999999
2025-05-04 15:00:00,15,6,5,1,30.51,50.6,17.0,1078.77,995.74,970.69,966.8266666666667
2025-05-04 16:00:00,16,6,5,1,30.58,55.7,15.7,1066.72,1078.77,1094.9,971.33
2025-05-04 17:00:00,17,6,5,1,27.52,37.1,14.0,955.73,1066.72,1048.07,970.1558333333334
2025-05-04 18:00:00,18,6,5,1,24.55,42.5,12.1,932.38,955.73,1018.23,966.3083333333334
2025-05-04 19:00:00,19,6,5,1,24.4,44.5,9.8,974.14,932.38,1050.49,962.7312499999999
2025-05-04 20:00:00,20,6,5,1,20.83,56.2,7.5,971.86,974.14,875.64,959.5500000000001
2025-05-04 21:00:00,21,6,5,1,15.66,54.6,7.5,948.56,971.86,949.29,963.5591666666666
2025-05-04 22:00:00,22,6,5,1,16.16,37.4,7.5,821.23,948.56,902.2,963.52875
2025-05-04 23:00:00,23,6,5,1,11.61,43.3,7.5,1002.71,821.23,958.23,960.1550000000001
2025-05-05 00:00:00,0,0,5,0,8.96,117.3,25.0,2008.63,1002.71,943.89,962.0083333333332
2025-05-05 01:00:00,1,0,5,0,8.17,178.0,25.0,2191.81,2008.63,936.62,1006.3725
2025-05-05 02:00:00,2,0,5,0,9.18,113.3,25.0,1977.55,2191.81,854.83,1058.6720833333334
2025-05-05 03:00:00,3,0,5,0,8.63,140.4,25.0,2091.92,1977.55,845.18,1105.4520833333333
2025-05-05 04:00:00,4,0,5,0,8.89,154.1,25.0,2148.47,2091.92,982.58,1157.3995833333336
2025-05-05 05:00:00,5,0,5,0,11.74,134.8,25.0,2030.93,2148.47,870.64,1205.9783333333332
2025-05-05 06:00:00,6,0,5,0,13.98,138.7,25.0,2065.12,2030.93,875.44,1254.32375
2025-05-05 07:00:00,7,0,5,0,13.91,148.8,32.8,2106.68,2065.12,980.0,1303.89375
2025-05-05 08:00:00,8,0,5,0,20.11,286.0,40.2,4143.96,2106.68,860.86,1350.83875
2025-05-05 09:00:00,9,0,5,0,23.98,291.2,46.8,4217.0,4143.96,959.66,1487.6345833333335
2025-05-05 10:00:00,10,0,5,0,26.92,312.7,52.4,4274.87,4217.0,885.58,1623.3570833333333
2025-05-05 11:00:00,11,0,5,0,31.78,336.0,56.5,4512.62,4274.87,1084.29,1764.5775
2025-05-05 12:00:00,12,0,5,0,28.31,287.3,59.1,4216.69,4512.62,1107.37,1907.4245833333334
2025-05-05 13:00:00,13,0,5,0,32.57,296.7,60.0,4346.04,4216.69,1153.42,2036.9795833333335
2025-05-05 14:00:00,14,0,5,0,32.88,312.3,59.1,4347.36,4346.04,995.74,2170.005416666667
2025-05-05 15:00:00,15,0,5,0,32.44,349.7,56.5,4550.87,4347.36,1078.77,2309.6562499999995
2025-05-05 16:00:00,16,0,5,0,29.51,322.9,52.4,4397.62,4550.87,1066.72,2454.327083333333
2025-05-05 17:00:00,17,0,5,0,28.86,237.9,46.8,3298.32,4397.62,955.73,2593.1145833333335
2025-05-05 18:00:00,18,0,5,0,25.3,284.3,40.2,3472.79,3298.32,932.38,2690.7225000000003
2025-05-05 19:00:00,19,0,5,0,24.32,233.3,32.8,3319.33,3472.79,974.14,2796.5729166666665
2025-05-05 20:00:00,20,0,5,0,21.49,287.0,25.0,3527.63,3319.33,971.86,2894.289166666667
2025-05-05 21:00:00,21,0,5,0,17.08,252.0,25.0,3308.84,3527.63,948.56,3000.779583333333
2025-05-05 22:00:00,22,0,5,0,12.76,254.4,25.0,3415.8,3308.84,821.23,3099.1245833333337
2025-05-05 23:00:00,23,0,5,0,12.11,135.8,25.0,2037.1,3415.8,1002.71,3207.2316666666666
2025-05-06 00:00:00,0,1,5,0,10.82,141.1,25.0,2099.62,2037.1,2008.63,3250.3312499999997
2025-05-06 01:00:00,1,1,5,0,9.8,128.6,25.0,2022.62,2099.62,2191.81,3254.1224999999995
2025-05-06 02:00:00,2,1,5,0,8.66,143.3,25.0,2079.0,2022.62,1977.55,3247.0729166666665
2025-05-06 03:00:00,3,1,5,0,8.76,167.9,25.0,2216.79,2079.0,2091.92,3251.3000000000006
2025-05-06 04:00:00,4,1,5,0,9.44,136.8,25.0,2077.95,2216.79,2148.47,3256.5029166666664
2025-05-06 05:00:00,5,1,5,0,14.59,147.7,25.0,2010.96,2077.95,2030.93,3253.564583333333
2025-05-06 06:00:00,6,1,5,0,17.18,142.9,25.0,2009.93,2010.96,2065.12,3252.7325
2025-05-06 07:00:00,7,1,5,0,16.03,119.7,32.8,1994.71,2009.93,2106.68,3250.4329166666666
2025-05-06 08:00:00,8,1,5,0,19.04,352.7,40.2,4365.34,1994.71,4143.96,3245.7675
2025-05-06 09:00:00,9,1,5,0,23.54,294.5,46.8,4214.45,4365.34,4217.0,3254.991666666667
2025-05-06 10:00:00,10,1,5,0,25.69,295.1,52.4,4122.58,4214.45,4274.87,3254.8854166666665
2025-05-06 11:00:00,11,1,5,0,29.73,356.3,56.5,4469.32,4122.58,4512.62,3248.5399999999995
2025-05-06 12:00:00,12,1,5,0,29.79,315.2,59.1,4272.05,4469.32,4216.69,3246.7358333333336
2025-05-06 13:00:00,13,1,5,0,30.64,285.7,60.0,4291.24,4272.05,4346.04,3249.0424999999996
2025-05-06 14:00:00,14,1,5,0,32.32,338.0,59.1,4479.38,4291.24,4347.36,3246.7591666666667
2025-05-06 15:00:00,15,1,5,0,31.55,344.8,56.5,4521.85,4479.38,4550.87,3252.26
2025-05-06 16:00:00,16,1,5,0,28.68,338.2,52.4,4400.99,4521.85,4397.62,3251.050833333333
2025-05-06 17:00:00,17,1,5,0,28.77,245.4,46.8,3397.01,4400.99,3298.32,3251.19125
2025-05-06 18:00:00,18,1,5,0,29.06,260.1,40.2,3517.92,3397.01,3472.79,3255.3033333333333
2025-05-06 19:00:00,19,1,5,0,20.47,219.3,32.8,3270.54,3517.92,3319.33,3257.18375
2025-05-06 20:00:00,20,1,5,0,21.17,285.2,25.0,3450.11,3270.54,3527.63,3255.150833333333
2025-05-06 21:00:00,21,1,5,0,18.41,228.5,25.0,3286.1,3450.11,3308.84,3251.9208333333336
2025-05-06 22:00:00,22,1,5,0,11.57,265.5,25.0,3365.41,3286.1,3415.8,3250.9733333333334
2025-05-06 23:00:00,23,1,5,0,12.2,141.9,25.0,2015.91,3365.41,2037.1,3248.87375
2025-05-07 00:00:00,0,2,5,0,10.26,135.5,25.0,2068.22,2015.91,2099.62,3247.9908333333333
2025-05-07 01:00:00,1,2,5,0,6.6,152.7,25.0,2081.33,2068.22,2022.62,3246.6825000000003
2025-05-07 02:00:00,2,2,5,0,5.69,164.3,25.0,2147.43,2081.33,2079.0,3249.12875
2025-05-07 03:00:00,3,2,5,0,9.13,123.7,25.0,1970.34,2147.43,2216.79,3251.9799999999996
2025-05-07 04:00:00,4,2,5,0,5.71,126.0,25.0,2069.66,1970.34,2077.95,3241.7112500000003
2025-05-07 05:00:00,5,2,5,0,11.03,150.6,25.0,2097.11,2069.66,2010.96,3241.3658333333333
2025-05-07 06:00:00,6,2,5,0,15.71,139.9,25.0,2152.04,2097.11,2009.93,3244.955416666666
2025-05-07 07:00:00,7,2,5,0,17.52,155.6,32.8,2073.35,2152.04,1994.71,3250.876666666667
2025-05-07 08:00:00,8,2,5,0,18.83,294.6,40.2,4226.85,2073.35,4365.34,3254.153333333333
2025-05-07 09:00:00,9,2,5,0,22.94,336.8,46.8,4307.62,4226.85,4214.45,3248.382916666667
2025-05-07 10:00:00,10,2,5,0,27.03,336.4,52.4,4357.12,4307.62,4122.58,3252.265
2025-05-07 11:00:00,11,2,5,0,25.82,330.5,56.5,4389.12,4357.12,4469.32,3262.0375000000004
2025-05-07 12:00:00,12,2,5,0,29.36,318.6,59.1,4469.42,4389.12,4272.05,3258.695833333333
2025-05-07 13:00:00,13,2,5,0,29.53,335.9,60.0,4414.92,4469.42,4291.24,3266.919583333333
2025-05-07 14:00:00,14,2,5,0,33.17,297.1,59.1,4376.54,4414.92,4479.38,3272.0729166666665
2025-05-07 15:00:00,15,2,5,0,31.6,296.2,56.5,4341.38,4376.54,4521.85,3267.7879166666667
2025-05-07 16:00:00,16,2,5,0,31.94,353.4,52.4,4581.82,4341.38,4400.99,3260.2683333333334
2025-05-07 17:00:00,17,2,5,0,27.09,216.8,46.8,3354.33,4581.82,3397.01,3267.802916666667
2025-05-07 18:00:00,18,2,5,0,27.55,272.9,40.2,3494.39,3354.33,3517.92,3266.024583333334
2025-05-07 19:00:00,19,2,5,0,22.36,220.5,32.8,3208.81,3494.39,3270.54,3265.0441666666666
2025-05-07 20:00:00,20,2,5,0,21.84,242.7,25.0,3307.38,3208.81,3450.11,3262.4720833333336
2025-05-07 21:00:00,21,2,5,0,18.41,217.8,25.0,3224.21,3307.38,3286.1,3256.525
2025-05-07 22:00:00,22,2,5,0,13.62,215.3,25.0,3212.34,3224.21,3365.41,3253.9462499999995
2025-05-07 23:00:00,23,2,5,0,12.23,136.1,25.0,2105.7,3212.34,2015.91,3247.568333333333
2025-05-08 00:00:00,0,3,5,0,8.9,155.1,25.0,2130.19,2105.7,2068.22,3251.309583333333
2025-05-08 01:00:00,1,3,5,0,9.37,168.3,25.0,2242.43,2130.19,2081.33,3253.8916666666664
2025-05-08 02:00:00,2,3,5,0,6.57,172.3,25.0,2209.91,2242.43,2147.43,3260.6041666666665
2025-05-08 03:00:00,3,3,5,0,7.38,140.1,25.0,2058.3,2209.91,1970.34,3263.2075000000004
2025-05-08 04:00:00,4,3,5,0,10.19,176.8,25.0,2165.3,2058.3,2069.66,3266.8724999999995
2025-05-08 05:00:00,5,3,5,0,11.64,145.4,25.0,2132.11,2165.3,2097.11,3270.8575
2025-05-08 06:00:00,6,3,5,0,13.52,126.0,25.0,1965.82,2132.11,2152.04,3272.3158333333336
2025-05-08 07:00:00,7,3,5,0,17.68,127.9,32.8,2012.68,1965.82,2073.35,3264.556666666667
2025-05-08 08:00:00,8,3,5,0,20.46,326.0,40.2,4327.09,2012.68,4226.85,3262.02875
2025-05-08 09:00:00,9,3,5,0,22.96,318.0,46.8,4313.61,4327.09,4307.62,3266.205416666666
2025-05-08 10:00:00,10,3,5,0,24.95,349.5,52.4,4380.3,4313.61,4357.12,3266.455
2025-05-08 11:00:00,11,3,5,0,29.88,348.4,56.5,4491.99,4380.3,4389.12,3267.420833333333
2025-05-08 12:00:00,12,3,5,0,30.39,355.0,59.1,4486.69,4491.99,4469.42,3271.7070833333332
2025-05-08 13:00:00,13,3,5,0,33.44,310.0,60.0,4424.39,4486.69,4414.92,3272.4266666666667
2025-05-08 14:00:00,14,3,5,0,34.65,302.4,59.1,4415.42,4424.39,4376.54,3272.8212500000004
2025-05-08 15:00:00,15,3,5,0,32.21,290.8,56.5,4360.05,4415.42,4341.38,3274.44125
2025-05-08 16:00:00,16,3,5,0,29.26,356.0,52.4,4486.24,4360.05,4581.82,3275.219166666667
2025-05-08 17:00:00,17,3,5,0,25.1,250.5,46.8,3408.0,4486.24,3354.33,3271.236666666666
2025-05-08 18:00:00,18,3,5,0,27.89,215.3,40.2,3386.04,3408.0,3494.39,3273.472916666666
2025-05-08 19:00:00,19,3,5,0,22.71,232.5,32.8,3325.25,3386.04,3208.81,3268.9583333333335
2025-05-08 20:00:00,20,3,5,0,18.61,246.0,25.0,3356.09,3325.25,3307.38,3273.81
2025-05-08 21:00:00,21,3,5,0,15.84,284.6,25.0,3488.76,3356.09,3224.21,3275.839583333333
2025-05-08 22:00:00,22,3,5,0,14.51,241.0,25.0,3445.27,3488.76,3212.34,3286.8624999999997
2025-05-08 23:00:00,23,3,5,0,11.37,158.6,25.0,2120.24,3445.27,2105.7,3296.567916666667
2025-05-09 00:00:00,0,4,5,0,11.52,167.3,25.0,2091.26,2120.24,2130.19,3297.17375
2025-05-09 01:00:00,1,4,5,0,7.83,120.7,25.0,1950.77,2091.26,2242.43,3295.5516666666667
2025-05-09 02:00:00,2,4,5,0,10.03,146.0,25.0,2099.87,1950.77,2209.91,3283.3991666666666
2025-05-09 03:00:00,3,4,5,0,6.28,155.9,25.0,2197.81,2099.87,2058.3,3278.8141666666666
2025-05-09 04:00:00,4,4,5,0,11.33,143.2,25.0,2057.55,2197.81,2165.3,3284.6270833333333
2025-05-09 05:00:00,5,4,5,0,11.84,126.1,25.0,1998.07,2057.55,2132.11,3280.1375000000003
2025-05-09 06:00:00,6,4,5,0,17.7,170.1,25.0,2168.01,1998.07,1965.82,3274.5525
2025-05-09 07:00:00,7,4,5,0,17.93,129.2,32.8,2088.83,2168.01,2012.68,3282.977083333333
2025-05-09 08:00:00,8,4,5,0,20.82,306.0,40.2,4194.59,2088.83,4327.09,3286.15
2025-05-09 09:00:00,9,4,5,0,24.64,313.6,46.8,4265.57,4194.59,4313.61,3280.629166666667
2025-05-09 10:00:00,10,4,5,0,24.15,349.1,52.4,4357.7,4265.57,4380.3,3278.6275
2025-05-09 11:00:00,11,4,5,0,26.49,342.0,56.5,4384.34,4357.7,4491.99,3277.6858333333334
2025-05-09 12:00:00,12,4,5,0,30.47,352.4,59.1,4499.45,4384.34,4486.69,3273.2004166666666
2025-05-09 13:00:00,13,4,5,0,29.92,332.9,60.0,4372.01,4499.45,4424.39,3273.732083333333
2025-05-09 14:00:00,14,4,5,0,31.4,307.2,59.1,4360.54,4372.01,4415.42,3271.5495833333334
2025-05-09 15:00:00,15,4,5,0,32.36,354.3,56.5,4521.92,4360.54,4360.05,3269.2629166666666
2025-05-09 16:00:00,16,4,5,0,29.97,297.9,52.4,4339.51,4521.92,4486.24,3276.0074999999997
2025-05-09 17:00:00,17,4,5,0,30.2,266.2,46.8,3548.25,4339.51,3408.0,3269.8937499999997
2025-05-09 18:00:00,18,4,5,0,23.32,235.2,40.2,3440.7,3548.25,3386.04,3275.7374999999997
2025-05-09 19:00:00,19,4,5,0,23.48,238.3,32.8,3271.75,3440.7,3325.25,3278.015
2025-05-09 20:00:00,20,4,5,0,19.34,262.6,25.0,3358.93,3271.75,3356.09,3275.7858333333334
2025-05-09 21:00:00,21,4,5,0,18.06,285.7,25.0,3449.72,3358.93,3488.76,3275.9041666666667
2025-05-09 22:00:00,22,4,5,0,15.06,269.2,25.0,3436.04,3449.72,3445.27,3274.2775
2025-05-09 23:00:00,23,4,5,0,14.97,161.6,25.0,2077.38,3436.04,2120.24,3273.892916666666
2025-05-10 00:00:00,0,5,5,1,11.06,47.7,7.5,955.1,2077.38,2091.26,3272.107083333333
2025-05-10 01:00:00,1,5,5,1,6.94,34.3,7.5,862.54,955.1,1950.77,3224.7670833333336
2025-05-10 02:00:00,2,5,5,1,9.72,21.5,7.5,902.26,862.54,2099.87,3179.424166666666
2025-05-10 03:00:00,3,5,5,1,8.31,44.6,7.5,986.34,902.26,2197.81,3129.5237500000003
2025-05-10 04:00:00,4,5,5,1,10.54,54.8,7.5,962.29,986.34,2057.55,3079.0458333333336
2025-05-10 05:00:00,5,5,5,1,12.15,47.9,7.5,873.18,962.29,1998.07,3033.41
2025-05-10 06:00:00,6,5,5,1,14.4,41.3,7.5,873.07,873.18,2168.01,2986.5395833333337
2025-05-10 07:00:00,7,5,5,1,18.2,32.6,9.8,901.77,873.07,2088.83,2932.58375
2025-05-10 08:00:00,8,5,5,1,20.3,47.0,12.1,841.82,901.77,4194.59,2883.1229166666667
2025-05-10 09:00:00,9,5,5,1,23.87,47.0,14.0,950.99,841.82,4265.57,2743.424166666666
2025-05-10 10:00:00,10,5,5,1,26.11,35.9,15.7,944.62,950.99,4357.7,2605.3166666666666
2025-05-10 11:00:00,11,5,5,1,28.43,21.7,17.0,966.14,944.62,4384.34,2463.105
2025-05-10 12:00:00,12,5,5,1,28.68,38.4,17.7,1003.15,966.14,4499.45,2320.68
2025-05-10 13:00:00,13,5,5,1,33.98,38.8,18.0,1063.69,1003.15,4372.01,2175.0008333333335
2025-05-10 14:00:00,14,5,5,1,32.21,52.0,17.7,1134.22,1063.69,4360.54,2037.1541666666665
2025-05-10 15:00:00,15,5,5,1,34.21,30.2,17.0,1091.5,1134.22,4521.92,1902.7241666666666
2025-05-10 16:00:00,16,5,5,1,29.08,57.0,15.7,1134.78,1091.5,4339.51,1759.79
2025-05-10 17:00:00,17,5,5,1,28.32,48.5,14.0,1004.92,1134.78,3548.25,1626.2595833333332
2025-05-10 18:00:00,18,5,5,1,26.56,36.3,12.1,907.36,1004.92,3440.7,1520.2875000000001
2025-05-10 19:00:00,19,5,5,1,24.07,52.1,9.8,969.04,907.36,3271.75,1414.7316666666668
2025-05-10 20:00:00,20,5,5,1,21.44,26.7,7.5,901.53,969.04,3358.93,1318.7854166666668
2025-05-10 21:00:00,21,5,5,1,17.31,23.6,7.5,867.13,901.53,3449.72,1216.39375
2025-05-10 22:00:00,22,5,5,1,14.18,21.3,7.5,749.8,867.13,3436.04,1108.7858333333334
2025-05-10 23:00:00,23,5,5,1,12.13,41.3,7.5,909.62,749.8,2077.38,996.8591666666666
2025-05-11 00:00:00,0,6,5,1,9.51,34.7,7.5,888.19,909.62,955.1,948.2024999999999
2025-05-11 01:00:00,1,6,5,1,6.05,41.2,7.5,891.27,888.19,862.54,945.4145833333333
2025-05-11 02:00:00,2,6,5,1,6.4,25.3,7.5,789.84,891.27,902.26,946.6116666666667
2025-05-11 03:00:00,3,6,5,1,7.28,44.7,7.5,1001.55,789.84,986.34,941.9275000000001
2025-05-11 04:00:00,4,6,5,1,7.0,56.2,7.5,1071.34,1001.55,962.29,942.5612500000001
2025-05-11 05:00:00,5,6,5,1,11.37,45.9,7.5,925.24,1071.34,873.18,947.105
2025-05-11 06:00:00,6,6,5,1,15.71,38.8,7.5,863.13,925.24,873.07,949.2741666666666
2025-05-11 07:00:00,7,6,5,1,17.82,53.1,9.8,947.9,863.13,901.77,948.86
2025-05-11 08:00:00,8,6,5,1,22.02,50.7,12.1,920.07,947.9,841.82,950.7820833333332
2025-05-11 09:00:00,9,6,5,1,23.35,24.2,14.0,920.8,920.07,950.99,954.0425
2025-05-11 10:00:00,10,6,5,1,27.88,31.7,15.7,1015.35,920.8,944.62,952.7845833333334
2025-05-11 11:00:00,11,6,5,1,28.39,28.4,17.0,929.56,1015.35,966.14,955.7316666666666
2025-05-11 12:00:00,12,6,5,1,32.84,42.8,17.7,1093.12,929.56,1003.15,954.2075
2025-05-11 13:00:00,13,6,5,1,30.41,37.6,18.0,1050.9,1093.12,1063.69,957.9562500000001
2025-05-11 14:00:00,14,6,5,1,33.16,34.8,17.7,1083.7,1050.9,1134.22,957.4233333333333
2025-05-11 15:00:00,15,6,5,1,33.33,36.0,17.0,1060.04,1083.7,1091.5,955.3183333333333
2025-05-11 16:00:00,16,6,5,1,28.91,51.0,15.7,992.06,1060.04,1134.78,954.0075
2025-05-11 17:00:00,17,6,5,1,26.68,47.2,14.0,1000.76,992.06,1004.92,948.0608333333333
2025-05-11 18:00:00,18,6,5,1,26.45,32.4,12.1,958.96,1000.76,907.36,947.8874999999999
2025-05-11 19:00:00,19,6,5,1,24.12,59.4,9.8,959.36,958.96,969.04,950.0375
2025-05-11 20:00:00,20,6,5,1,19.45,20.8,7.5,933.4,959.36,901.53,949.6341666666666
2025-05-11 21:00:00,21,6,5,1,16.99,33.9,7.5,879.49,933.4,867.13,950.9620833333333
2025-05-11 22:00:00,22,6,5,1,15.79,34.7,7.5,881.49,879.49,749.8,951.4770833333333
2025-05-11 23:00:00,23,6,5,1,13.4,32.4,7.5,939.74,881.49,909.62,956.9641666666666
2025-05-12 00:00:00,0,0,5,0,11.01,127.7,25.0,1989.4,939.74,888.19,958.2191666666668
2025-05-12 01:00:00,1,0,5,0,9.01,163.3,25.0,2056.41,1989.4,891.27,1004.1029166666666
2025-05-12 02:00:00,2,0,5,0,7.89,114.3,25.0,1894.8,2056.41,789.84,1052.6504166666666
2025-05-12 03:00:00,3,0,5,0,9.14,116.0,25.0,2001.8,1894.8,1001.55,1098.6904166666666
2025-05-12 04:00:00,4,0,5,0,10.15,176.1,25.0,2202.53,2001.8,1071.34,1140.3675
2025-05-12 05:00:00,5,0,5,0,11.98,148.8,25.0,2094.86,2202.53,925.24,1187.5004166666665
2025-05-12 06:00:00,6,0,5,0,16.65,154.9,25.0,2154.05,2094.86,863.13,1236.2345833333334
2025-05-12 07:00:00,7,0,5,0,17.29,179.3,32.8,2178.59,2154.05,947.9,1290.0229166666666
2025-05-12 08:00:00,8,0,5,0,21.86,302.7,40.2,4275.75,2178.59,920.07,1341.3016666666667
2025-05-12 09:00:00,9,0,5,0,23.88,292.3,46.8,4107.42,4275.75,920.8,1481.1216666666667
2025-05-12 10:00:00,10,0,5,0,27.1,290.3,52.4,4188.47,4107.42,1015.35,1613.8975
2025-05-12 11:00:00,11,0,5,0,29.55,306.2,56.5,4315.19,4188.47,929.56,1746.1108333333332
2025-05-12 12:00:00,12,0,5,0,32.66,298.2,59.1,4271.25,4315.19,1093.12,1887.17875
2025-05-12 13:00:00,13,0,5,0,30.53,340.4,60.0,4496.36,4271.25,1050.9,2019.6008333333332
2025-05-12 14:00:00,14,0,5,0,30.48,282.0,59.1,4226.26,4496.36,1083.7,2163.161666666667
2025-05-12 15:00:00,15,0,5,0,31.08,336.8,56.5,4465.58,4226.26,1060.04,2294.1016666666665
2025-05-12 16:00:00,16,0,5,0,29.76,346.9,52.4,4404.6,4465.58,992.06,2435.9991666666665
2025-05-12 17:00:00,17,0,5,0,25.99,263.4,46.8,3363.55,4404.6,1000.76,2578.188333333333
2025-05-12 18:00:00,18,0,5,0,28.12,215.3,40.2,3285.27,3363.55,958.96,2676.6379166666666
2025-05-12 19:00:00,19,0,5,0,20.7,283.2,32.8,3411.34,3285.27,959.36,2773.5674999999997
2025-05-12 20:00:00,20,0,5,0,22.09,266.2,25.0,3415.73,3411.34,933.4,2875.733333333333
2025-05-12 21:00:00,21,0,5,0,17.31,258.8,25.0,3362.01,3415.73,879.49,2979.16375
2025-05-12 22:00:00,22,0,5,0,18.72,224.9,25.0,3321.32,3362.01,881.49,3082.602083333333
2025-05-12 23:00:00,23,0,5,0,8.86,171.3,25.0,2163.94,3321.32,939.74,3184.2616666666668
2025-05-13 00:00:00,0,1,5,0,9.49,126.2,25.0,2009.79,2163.94,1989.4,3235.2700000000004
2025-05-13 01:00:00,1,1,5,0,9.26,139.8,25.0,2028.5,2009.79,2056.41,3236.119583333333
2025-05-13 02:00:00,2,1,5,0,6.06,143.2,25.0,2008.21,2028.5,1894.8,3234.956666666667
2025-05-13 03:00:00,3,1,5,0,11.02,169.7,25.0,2190.39,2008.21,2001.8,3239.682083333333
2025-05-13 04:00:00,4,1,5,0,9.17,172.8,25.0,2213.44,2190.39,2202.53,3247.5400000000004
2025-05-13 05:00:00,5,1,5,0,11.41,176.7,25.0,2185.9,2213.44,2094.86,3247.994583333333
2025-05-13 06:00:00,6,1,5,0,12.58,172.7,25.0,2140.29,2185.9,2154.05,3251.7879166666667
2025-05-13 07:00:00,7,1,5,0,15.21,131.2,32.8,2116.95,2140.29,2178.59,3251.214583333333
2025-05-13 08:00:00,8,1,5,0,20.46,338.1,40.2,4369.3,2116.95,4275.75,3248.64625
2025-05-13 09:00:00,9,1,5,0,22.93,296.4,46.8,4188.6,4369.3,4107.42,3252.5441666666666
2025-05-13 10:00:00,10,1,5,0,26.2,292.0,52.4,4163.51,4188.6,4188.47,3255.9266666666667
2025-05-13 11:00:00,11,1,5,0,27.85,289.1,56.5,4186.22,4163.51,4315.19,3254.8866666666668
2025-05-13 12:00:00,12,1,5,0,32.21,302.5,59.1,4368.04,4186.22,4271.25,3249.5129166666666
2025-05-13 13:00:00,13,1,5,0,30.27,340.9,60.0,4424.23,4368.04,4496.36,3253.5458333333336
2025-05-13 14:00:00,14,1,5,0,30.89,357.3,59.1,4446.71,4424.23,4226.26,3250.5404166666667
2025-05-13 15:00:00,15,1,5,0,29.02,336.6,56.5,4459.26,4446.71,4465.58,3259.7258333333334
2025-05-13 16:00:00,16,1,5,0,30.36,324.3,52.4,4387.23,4459.26,4404.6,3259.4625
2025-05-13 17:00:00,17,1,5,0,26.81,220.5,46.8,3334.34,4387.23,3363.55,3258.73875
2025-05-13 18:00:00,18,1,5,0,26.33,244.6,40.2,3326.14,3334.34,3285.27,3257.521666666666
2025-05-13 19:00:00,19,1,5,0,22.56,219.3,32.8,3258.03,3326.14,3411.34,3259.224583333333
2025-05-13 20:00:00,20,1,5,0,15.29,218.7,25.0,3283.4,3258.03,3415.73,3252.8366666666666
2025-05-13 21:00:00,21,1,5,0,15.41,286.1,25.0,3604.92,3283.4,3362.01,3247.3229166666665
2025-05-13 22:00:00,22,1,5,0,14.2,238.5,25.0,3348.81,3604.92,3321.32,3257.4441666666667
2025-05-13 23:00:00,23,1,5,0,11.3,150.5,25.0,2114.07,3348.81,2163.94,3258.589583333333
2025-05-14 00:00:00,0,2,5,0,8.48,141.0,25.0,2085.28,2114.07,2009.79,3256.5116666666668
2025-05-14 01:00:00,1,2,5,0,7.0,149.6,25.0,2070.32,2085.28,2028.5,3259.6570833333335
2025-05-14 02:00:00,2,2,5,0,5.55,170.1,25.0,2102.97,2070.32,2008.21,3261.3995833333333
2025-05-14 03:00:00,3,2,5,0,9.84,121.9,25.0,1976.1,2102.97,2190.39,3265.347916666667
2025-05-14 04:00:00,4,2,5,0,9.2,135.4,25.0,2027.47,1976.1,2213.44,3256.4191666666666
2025-05-14 05:00:00,5,2,5,0,12.52,170.4,25.0,2104.34,2027.47,2185.9,3248.6704166666673
2025-05-14 06:00:00,6,2,5,0,14.2,165.9,25.0,2167.34,2104.34,2140.29,3245.2720833333333
2025-05-14 07:00:00,7,2,5,0,16.31,151.3,32.8,2167.86,2167.34,2116.95,3246.3991666666666
2025-05-14 08:00:00,8,2,5,0,18.0,340.7,40.2,4317.26,2167.86,4369.3,3248.5204166666667
2025-05-14 09:00:00,9,2,5,0,23.57,338.3,46.8,4336.11,4317.26,4188.6,3246.3520833333337
2025-05-14 10:00:00,10,2,5,0,27.1,308.0,52.4,4250.24,4336.11,4163.51,3252.498333333333
2025-05-14 11:00:00,11,2,5,0,28.34,314.6,56.5,4363.71,4250.24,4186.22,3256.1120833333334
2025-05-14 12:00:00,12,2,5,0,28.08,339.5,59.1,4408.18,4363.71,4368.04,3263.5075
2025-05-14 13:00:00,13,2,5,0,33.88,295.9,60.0,4335.18,4408.18,4424.23,3265.18
2025-05-14 14:00:00,14,2,5,0,30.32,328.4,59.1,4458.21,4335.18,4446.71,3261.4695833333335
2025-05-14 15:00:00,15,2,5,0,31.56,318.5,56.5,4403.85,4458.21,4459.26,3261.94875
2025-05-14 16:00:00,16,2,5,0,31.1,280.9,52.4,4201.88,4403.85,4387.23,3259.64
2025-05-14 17:00:00,17,2,5,0,27.46,259.0,46.8,3499.17,4201.88,3334.34,3251.9170833333337
2025-05-14 18:00:00,18,2,5,0,24.33,271.1,40.2,3506.07,3499.17,3326.14,3258.7850000000003
2025-05-14 19:00:00,19,2,5,0,22.87,253.6,32.8,3328.62,3506.07,3258.03,3266.2820833333335
2025-05-14 20:00:00,20,2,5,0,21.76,280.5,25.0,3470.46,3328.62,3283.4,3269.2233333333334
2025-05-14 21:00:00,21,2,5,0,17.41,257.2,25.0,3335.81,3470.46,3604.92,3277.0175
2025-05-14 22:00:00,22,2,5,0,12.58,250.5,25.0,3357.29,3335.81,3348.81,3265.804583333333
2025-05-14 23:00:00,23,2,5,0,8.96,139.2,25.0,2022.18,3357.29,2114.07,3266.157916666667
2025-05-15 00:00:00,0,3,5,0,11.63,174.8,25.0,2161.41,2022.18,2085.28,3262.3291666666664
2025-05-15 01:00:00,1,3,5,0,6.86,147.1,25.0,2125.09,2161.41,2070.32,3265.50125
2025-05-15 02:00:00,2,3,5,0,9.91,175.9,25.0,2200.14,2125.09,2102.97,3267.7833333333333
2025-05-15 03:00:00,3,3,5,0,8.85,135.6,25.0,2010.93,2200.14,1976.1,3271.8320833333332
2025-05-15 04:00:00,4,3,5,0,7.53,110.5,25.0,1941.45,2010.93,2027.47,3273.2833333333333
2025-05-15 05:00:00,5,3,5,0,11.47,153.9,25.0,2129.07,1941.45,2104.34,3269.6991666666668
2025-05-15 06:00:00,6,3,5,0,11.16,167.2,25.0,2321.34,2129.07,2167.34,3270.7295833333333
2025-05-15 07:00:00,7,3,5,0,17.22,175.1,32.8,2205.2,2321.34,2167.86,3277.1462500000002
2025-05-15 08:00:00,8,3,5,0,17.74,303.7,40.2,4217.9,2205.2,4317.26,3278.7020833333336
2025-05-15 09:00:00,9,3,5,0,25.02,315.5,46.8,4267.43,4217.9,4336.11,3274.562083333333
2025-05-15 10:00:00,10,3,5,0,25.58,351.7,52.4,4415.3,4267.43,4250.24,3271.700416666667
2025-05-15 11:00:00,11,3,5,0,29.12,348.9,56.5,4420.13,4415.3,4363.71,3278.5779166666666
2025-05-15 12:00:00,12,3,5,0,30.65,282.0,59.1,4242.46,4420.13,4408.18,3280.9287499999996
2025-05-15 13:00:00,13,3,5,0,28.97,288.1,60.0,4205.89,4242.46,4335.18,3274.0237500000003
2025-05-15 14:00:00,14,3,5,0,31.45,352.4,59.1,4549.18,4205.89,4458.21,3268.6366666666668
2025-05-15 15:00:00,15,3,5,0,29.37,286.5,56.5,4289.93,4549.18,4403.85,3272.4270833333335
2025-05-15 16:00:00,16,3,5,0,28.85,333.8,52.4,4438.4,4289.93,4201.88,3267.6804166666666
2025-05-15 17:00:00,17,3,5,0,27.14,278.6,46.8,3557.84,4438.4,3499.17,3277.535416666667
2025-05-15 18:00:00,18,3,5,0,24.61,258.8,40.2,3462.07,3557.84,3506.07,3279.9799999999996
2025-05-15 19:00:00,19,3,5,0,20.71,276.3,32.8,3533.84,3462.07,3328.62,3278.146666666667
2025-05-15 20:00:00,20,3,5,0,18.21,254.6,25.0,3396.67,3533.84,3470.46,3286.6975
2025-05-15 21:00:00,21,3,5,0,15.3,242.2,25.0,3261.46,3396.67,3335.81,3283.6229166666667
2025-05-15 22:00:00,22,3,5,0,15.07,270.9,25.0,3444.91,3261.46,3357.29,3280.525
2025-05-15 23:00:00,23,3,5,0,13.58,130.6,25.0,2004.33,3444.91,2022.18,3284.1758333333332
2025-05-16 00:00:00,0,4,5,0,8.63,148.2,25.0,2092.73,2004.33,2161.41,3283.4320833333336
2025-05-16 01:00:00,1,4,5,0,9.45,137.9,25.0,2034.79,2092.73,2125.09,3280.570416666667
2025-05-16 02:00:00,2,4,5,0,8.83,157.3,25.0,2032.86,2034.79,2200.14,3276.8079166666666
2025-05-16 03:00:00,3,4,5,0,6.51,168.8,25.0,2112.65,2032.86,2010.93,3269.837916666667
2025-05-16 04:00:00,4,4,5,0,11.21,112.9,25.0,1968.87,2112.65,1941.45,3274.07625
2025-05-16 05:00:00,5,4,5,0,12.61,136.7,25.0,2107.92,1968.87,2129.07,3275.21875
2025-05-16 06:00:00,6,4,5,0,14.65,136.3,25.0,2010.88,2107.92,2321.34,3274.3375
2025-05-16 07:00:00,7,4,5,0,19.19,169.8,32.8,2190.64,2010.88,2205.2,3261.4016666666666
2025-05-16 08:00:00,8,4,5,0,20.3,288.8,40.2,4204.97,2190.64,4217.9,3260.795
2025-05-16 09:00:00,9,4,5,0,24.7,335.2,46.8,4324.58,4204.97,4267.43,3260.2562500000004
2025-05-16 10:00:00,10,4,5,0,29.87,352.5,52.4,4505.73,4324.58,4415.3,3262.6375000000003
2025-05-16 11:00:00,11,4,5,0,28.36,336.7,56.5,4472.55,4505.73,4420.13,3266.4054166666665
2025-05-16 12:00:00,12,4,5,0,30.89,316.0,59.1,4255.38,4472.55,4242.46,3268.589583333334
2025-05-16 13:00:00,13,4,5,0,32.5,355.6,60.0,4559.98,4255.38,4205.89,3269.1279166666664
2025-05-16 14:00:00,14,4,5,0,33.25,294.4,59.1,4365.02,4559.98,4549.18,3283.8816666666667
2025-05-16 15:00:00,15,4,5,0,33.42,334.3,56.5,4583.46,4365.02,4289.93,3276.2083333333335
2025-05-16 16:00:00,16,4,5,0,30.19,348.9,52.4,4495.11,4583.46,4438.4,3288.43875
2025-05-16 17:00:00,17,4,5,0,26.2,277.9,46.8,3488.47,4495.11,3557.84,3290.8016666666667
2025-05-16 18:00:00,18,4,5,0,27.99,279.6,40.2,3537.83,3488.47,3462.07,3287.9112500000006
2025-05-16 19:00:00,19,4,5,0,23.1,231.1,32.8,3286.9,3537.83,3533.84,3291.067916666667
2025-05-16 20:00:00,20,4,5,0,18.76,218.0,25.0,3287.4,3286.9,3396.67,3280.77875
2025-05-16 21:00:00,21,4,5,0,16.52,245.5,25.0,3328.07,3287.4,3261.46,3276.2258333333334
2025-05-16 22:00:00,22,4,5,0,14.62,272.5,25.0,3408.57,3328.07,3444.91,3279.00125
2025-05-16 23:00:00,23,4,5,0,13.01,174.2,25.0,2214.34,3408.57,2004.33,3277.4870833333334
2025-05-17 00:00:00,0,5,5,1,10.27,24.4,7.5,843.14,2214.34,2092.73,3286.2374999999997
2025-05-17 01:00:00,1,5,5,1,10.51,48.6,7.5,1001.5,843.14,2034.79,3234.17125
2025-05-17 02:00:00,2,5,5,1,7.54,36.6,7.5,991.9,1001.5,2032.86,3191.1175000000003
2025-05-17 03:00:00,3,5,5,1,6.53,56.0,7.5,931.01,991.9,2112.65,3147.744166666667
2025-05-17 04:00:00,4,5,5,1,9.72,54.9,7.5,1036.66,931.01,1968.87,3098.5091666666667
2025-05-17 05:00:00,5,5,5,1,12.46,25.2,7.5,807.27,1036.66,2107.92,3059.6670833333333
2025-05-17 06:00:00,6,5,5,1,13.28,35.4,7.5,951.73,807.27,2010.88,3005.4733333333334
2025-05-17 07:00:00,7,5,5,1,15.35,51.5,9.8,938.46,951.73,2190.64,2961.342083333333
2025-05-17 08:00:00,8,5,5,1,21.21,21.3,12.1,834.0,938.46,4204.97,2909.1679166666668
2025-05-17 09:00:00,9,5,5,1,22.85,29.6,14.0,872.55,834.0,4324.58,2768.710833333333
2025-05-17 10:00:00,10,5,5,1,26.24,56.7,15.7,968.85,872.55,4505.73,2624.87625
2025-05-17 11:00:00,11,5,5,1,28.35,31.0,17.0,1031.65,968.85,4472.55,2477.50625
2025-05-17 12:00:00,12,5,5,1,31.48,33.7,17.7,1019.71,1031.65,4255.38,2334.1354166666665
2025-05-17 13:00:00,13,5,5,1,32.52,56.4,18.0,1146.56,1019.71,4559.98,2199.3158333333336
2025-05-17 14:00:00,14,5,5,1,34.19,32.8,17.7,1002.56,1146.56,4365.02,2057.09
2025-05-17 15:00:00,15,5,5,1,27.86,44.9,17.0,982.85,1002.56,4583.46,1916.9875
2025-05-17 16:00:00,16,5,5,1,30.01,59.4,15.7,1154.54,982.85,4495.11,1766.962083333333
2025-05-17 17:00:00,17,5,5,1,27.75,49.1,14.0,1004.51,1154.54,3488.47,1627.7716666666665
2025-05-17 18:00:00,18,5,5,1,25.65,34.1,12.1,920.44,1004.51,3537.83,1524.2733333333333
2025-05-17 19:00:00,19,5,5,1,24.68,52.6,9.8,892.44,920.44,3286.9,1415.215416666667
2025-05-17 20:00:00,20,5,5,1,20.81,23.0,7.5,856.28,892.44,3287.4,1315.4462500000002
2025-05-17 21:00:00,21,5,5,1,14.72,60.0,7.5,949.42,856.28,3328.07,1214.1495833333333
2025-05-17 22:00:00,22,5,5,1,14.93,54.3,7.5,999.02,949.42,3408.57,1115.0391666666667
2025-05-17 23:00:00,23,5,5,1,13.32,34.2,7.5,905.32,999.02,2214.34,1014.64125
2025-05-18 00:00:00,0,6,5,1,8.99,47.5,7.5,919.14,905.32,843.14,960.09875
2025-05-18 01:00:00,1,6,5,1,9.82,56.2,7.5,907.99,919.14,1001.5,963.2654166666667
2025-05-18 02:00:00,2,6,5,1,7.17,41.4,7.5,899.39,907.99,991.9,959.3691666666667
2025-05-18 03:00:00,3,6,5,1,5.76,29.5,7.5,876.07,899.39,931.01,955.5145833333332
2025-05-18 04:00:00,4,6,5,1,8.56,57.9,7.5,980.67,876.07,1036.66,953.2254166666667
2025-05-18 05:00:00,5,6,5,1,13.28,49.2,7.5,890.99,980.67,807.27,950.8925
2025-05-18 06:00:00,6,6,5,1,16.2,31.2,7.5,898.88,890.99,951.73,954.3808333333333
2025-05-18 07:00:00,7,6,5,1,15.64,57.1,9.8,925.69,898.88,938.46,952.17875
2025-05-18 08:00:00,8,6,5,1,18.53,38.6,12.1,909.27,925.69,834.0,951.6466666666666
2025-05-18 09:00:00,9,6,5,1,23.68,33.8,14.0,847.13,909.27,872.55,954.7829166666666
2025-05-18 10:00:00,10,6,5,1,27.59,58.0,15.7,1061.34,847.13,968.85,953.72375
2025-05-18 11:00:00,11,6,5,1,27.28,24.7,17.0,991.49,1061.34,1031.65,957.5775
2025-05-18 12:00:00,12,6,5,1,29.3,28.2,17.7,958.46,991.49,1019.71,955.9041666666667
2025-05-18 13:00:00,13,6,5,1,30.34,47.8,18.0,1009.66,958.46,1146.56,953.3520833333333
2025-05-18 14:00:00,14,6,5,1,31.97,24.8,17.7,1051.6,1009.66,1002.56,947.6479166666667
2025-05-18 15:00:00,15,6,5,1,28.7,42.9,17.0,1078.03,1051.6,982.85,949.69125
2025-05-18 16:00:00,16,6,5,1,29.55,27.7,15.7,984.98,1078.03,1154.54,953.6570833333334
2025-05-18 17:00:00,17,6,5,1,27.09,24.2,14.0,940.84,984.98,1004.51,946.5920833333334
2025-05-18 18:00:00,18,6,5,1,22.02,32.3,12.1,827.41,940.84,920.44,943.9391666666667
2025-05-18 19:00:00,19,6,5,1,25.35,48.3,9.8,1028.72,827.41,892.44,940.0629166666668
2025-05-18 20:00:00,20,6,5,1,18.48,48.6,7.5,894.58,1028.72,856.28,945.7412499999999
2025-05-18 21:00:00,21,6,5,1,16.26,37.5,7.5,923.67,894.58,949.42,947.3370833333333
2025-05-18 22:00:00,22,6,5,1,14.13,20.2,7.5,794.7,923.67,999.02,946.2641666666667
2025-05-18 23:00:00,23,6,5,1,10.25,54.3,7.5,1001.21,794.7,905.32,937.7508333333334
2025-05-19 00:00:00,0,0,5,0,11.68,138.0,25.0,2052.2,1001.21,919.14,941.74625
2025-05-19 01:00:00,1,0,5,0,8.44,168.7,25.0,2207.73,2052.2,907.99,988.9570833333332
2025-05-19 02:00:00,2,0,5,0,8.24,158.6,25.0,2085.67,2207.73,899.39,1043.1129166666667
2025-05-19 03:00:00,3,0,5,0,11.34,127.4,25.0,1965.78,2085.67,876.07,1092.54125
2025-05-19 04:00:00,4,0,5,0,9.18,128.0,25.0,1993.74,1965.78,980.67,1137.9458333333334
2025-05-19 05:00:00,5,0,5,0,11.71,125.5,25.0,1955.41,1993.74,890.99,1180.1570833333333
2025-05-19 06:00:00,6,0,5,0,12.23,170.1,25.0,2218.98,1955.41,898.88,1224.5079166666667
2025-05-19 07:00:00,7,0,5,0,18.39,149.3,32.8,2135.97,2218.98,925.69,1279.5120833333333
2025-05-19 08:00:00,8,0,5,0,17.52,333.3,40.2,4403.32,2135.97,909.27,1329.9404166666666
2025-05-19 09:00:00,9,0,5,0,24.72,331.3,46.8,4320.97,4403.32,847.13,1475.5258333333334
2025-05-19 10:00:00,10,0,5,0,24.34,298.0,52.4,4188.26,4320.97,1061.34,1620.2691666666667
2025-05-19 11:00:00,11,0,5,0,27.79,311.6,56.5,4255.7,4188.26,991.49,1750.5575
2025-05-19 12:00:00,12,0,5,0,30.9,309.9,59.1,4328.49,4255.7,958.46,1886.56625
2025-05-19 13:00:00,13,0,5,0,30.92,284.1,60.0,4238.78,4328.49,1009.66,2026.9841666666669
2025-05-19 14:00:00,14,0,5,0,36.08,299.2,59.1,4434.78,4238.78,1051.6,2161.5308333333332
2025-05-19 15:00:00,15,0,5,0,30.39,297.7,56.5,4347.63,4434.78,1078.03,2302.4966666666664
2025-05-19 16:00:00,16,0,5,0,29.22,353.8,52.4,4577.85,4347.63,984.98,2438.73
2025-05-19 17:00:00,17,0,5,0,27.62,273.2,46.8,3559.38,4577.85,940.84,2588.4329166666666
2025-05-19 18:00:00,18,0,5,0,25.91,237.2,40.2,3326.71,3559.38,827.41,2697.53875
2025-05-19 19:00:00,19,0,5,0,23.15,274.1,32.8,3459.32,3326.71,1028.72,2801.67625
2025-05-19 20:00:00,20,0,5,0,20.29,252.7,25.0,3337.67,3459.32,894.58,2902.95125
2025-05-19 21:00:00,21,0,5,0,16.94,272.3,25.0,3444.15,3337.67,923.67,3004.7466666666664
2025-05-19 22:00:00,22,0,5,0,13.14,280.9,25.0,3527.84,3444.15,794.7,3109.7666666666664
2025-05-19 23:00:00,23,0,5,0,12.43,178.1,25.0,2188.42,3527.84,1001.21,3223.6475000000005
2025-05-20 00:00:00,0,1,5,0,10.18,171.7,25.0,2248.23,2188.42,2052.2,3273.1145833333335
2025-05-20 01:00:00,1,1,5,0,5.17,118.4,25.0,1998.03,2248.23,2207.73,3281.2825
2025-05-20 02:00:00,2,1,5,0,8.44,165.5,25.0,2163.49,1998.03,2085.67,3272.545
2025-05-20 03:00:00,3,1,5,0,7.82,111.0,25.0,1962.25,2163.49,1965.78,3275.7875000000004
2025-05-20 04:00:00,4,1,5,0,9.68,115.7,25.0,1958.38,1962.25,1993.74,3275.640416666667
2025-05-20 05:00:00,5,1,5,0,11.47,154.1,25.0,2118.16,1958.38,1955.41,3274.1670833333333
2025-05-20 06:00:00,6,1,5,0,15.68,133.2,25.0,2051.98,2118.16,2218.98,3280.9483333333333
2025-05-20 07:00:00,7,1,5,0,16.41,175.6,32.8,2253.68,2051.98,2135.97,3273.99
2025-05-20 08:00:00,8,1,5,0,19.95,330.8,40.2,4362.16,2253.68,4403.32,3278.8945833333332
2025-05-20 09:00:00,9,1,5,0,22.22,297.3,46.8,4197.57,4362.16,4320.97,3277.179583333334
2025-05-20 10:00:00,10,1,5,0,26.8,299.5,52.4,4161.18,4197.57,4188.26,3272.0379166666667
2025-05-20 11:00:00,11,1,5,0,27.89,311.8,56.5,4314.79,4161.18,4255.7,3270.9095833333336
2025-05-20 12:00:00,12,1,5,0,27.22,289.9,59.1,4211.91,4314.79,4328.49,3273.3716666666664
2025-05-20 13:00:00,13,1,5,0,30.51,303.7,60.0,4340.34,4211.91,4238.78,3268.5141666666664
2025-05-20 14:00:00,14,1,5,0,34.53,285.2,59.1,4295.06,4340.34,4434.78,3272.745833333333
2025-05-20 15:00:00,15,1,5,0,31.41,340.5,56.5,4548.28,4295.06,4347.63,3266.924166666666
2025-05-20 16:00:00,16,1,5,0,28.46,314.4,52.4,4347.95,4548.28,4577.85,3275.2845833333336
2025-05-20 17:00:00,17,1,5,0,29.44,283.6,46.8,3570.91,4347.95,3559.38,3265.705416666666
2025-05-20 18:00:00,18,1,5,0,25.54,275.8,40.2,3483.54,3570.91,3326.71,3266.185833333333
2025-05-20 19:00:00,19,1,5,0,24.18,288.4,32.8,3498.06,3483.54,3459.32,3272.720416666667
2025-05-20 20:00:00,20,1,5,0,19.96,210.3,25.0,3198.0,3498.06,3337.67,3274.3345833333333
2025-05-20 21:00:00,21,1,5,0,17.83,229.1,25.0,3368.61,3198.0,3444.15,3268.515
2025-05-20 22:00:00,22,1,5,0,13.45,216.2,25.0,3188.46,3368.61,3527.84,3265.3675000000003
2025-05-20 23:00:00,23,1,5,0,10.93,123.0,25.0,2054.78,3188.46,2188.42,3251.226666666667
2025-05-21 00:00:00,0,2,5,0,8.27,116.5,25.0,1967.71,2054.78,2248.23,3245.658333333333
2025-05-21 01:00:00,1,2,5,0,9.25,119.0,25.0,1960.49,1967.71,1998.03,3233.97
2025-05-21 02:00:00,2,2,5,0,7.24,174.7,25.0,2235.15,1960.49,2163.49,3232.4058333333337
2025-05-21 03:00:00,3,2,5,0,11.01,129.1,25.0,2034.16,2235.15,1962.25,3235.3916666666664
2025-05-21 04:00:00,4,2,5,0,10.93,179.5,25.0,2231.88,2034.16,1958.38,3238.3879166666666
2025-05-21 05:00:00,5,2,5,0,11.95,169.2,25.0,2174.7,2231.88,2118.16,3249.78375
2025-05-21 06:00:00,6,2,5,0,13.3,145.8,25.0,2118.47,2174.7,2051.98,3252.1395833333336
2025-05-21 07:00:00,7,2,5,0,13.93,123.7,32.8,2087.8,2118.47,2253.68,3254.9100000000003
2025-05-21 08:00:00,8,2,5,0,19.6,350.2,40.2,4363.72,2087.8,4362.16,3247.998333333333
2025-05-21 09:00:00,9,2,5,0,22.68,340.1,46.8,4316.69,4363.72,4197.57,3248.063333333333
2025-05-21 10:00:00,10,2,5,0,24.4,311.0,52.4,4258.93,4316.69,4161.18,3253.0266666666666
2025-05-21 11:00:00,11,2,5,0,29.73,348.8,56.5,4476.8,4258.93,4314.79,3257.099583333333
2025-05-21 12:00:00,12,2,5,0,29.35,317.4,59.1,4335.81,4476.8,4211.91,3263.85
2025-05-21 13:00:00,13,2,5,0,30.13,280.3,60.0,4231.91,4335.81,4340.34,3269.0125000000003
2025-05-21 14:00:00,14,2,5,0,29.62,311.3,59.1,4365.47,4231.91,4295.06,3264.494583333333
2025-05-21 15:00:00,15,2,5,0,31.02,294.0,56.5,4329.71,4365.47,4548.28,3267.4283333333333
2025-05-21 16:00:00,16,2,5,0,32.05,355.1,52.4,4488.01,4329.71,4347.95,3258.3212500000004
2025-05-21 17:00:00,17,2,5,0,29.65,216.4,46.8,3307.91,4488.01,3570.91,3264.1570833333335
2025-05-21 18:00:00,18,2,5,0,25.81,252.3,40.2,3441.62,3307.91,3483.54,3253.19875
2025-05-21 19:00:00,19,2,5,0,23.68,279.6,32.8,3477.4,3441.62,3498.06,3251.452083333333
2025-05-21 20:00:00,20,2,5,0,21.13,286.8,25.0,3491.59,3477.4,3198.0,3250.59125
2025-05-21 21:00:00,21,2,5,0,17.7,277.8,25.0,3416.24,3491.59,3368.61,3262.8241666666668
2025-05-21 22:00:00,22,2,5,0,13.47,215.8,25.0,3253.46,3416.24,3188.46,3264.80875
2025-05-21 23:00:00,23,2,5,0,13.67,115.0,25.0,1879.55,3253.46,2054.78,3267.5170833333336
2025-05-22 00:00:00,0,3,5,0,9.53,169.8,25.0,2190.71,1879.55,1967.71,3260.2158333333336
2025-05-22 01:00:00,1,3,5,0,9.03,114.2,25.0,2031.41,2190.71,1960.49,3269.5074999999997
2025-05-22 02:00:00,2,3,5,0,8.04,141.4,25.0,1975.2,2031.41,2235.15,3272.4624999999996
2025-05-22 03:00:00,3,3,5,0,8.82,133.7,25.0,2106.07,1975.2,2034.16,3261.63125
2025-05-22 04:00:00,4,3,5,0,7.25,171.4,25.0,2189.4,2106.07,2231.88,3264.6275
2025-05-22 05:00:00,5,3,5,0,9.4,169.6,25.0,2183.17,2189.4,2174.7,3262.8575
2025-05-22 06:00:00,6,3,5,0,15.5,153.6,25.0,2091.62,2183.17,2118.47,3263.2104166666663
2025-05-22 07:00:00,7,3,5,0,16.17,141.7,32.8,2077.08,2091.62,2087.8,3262.0916666666667
2025-05-22 08:00:00,8,3,5,0,19.25,311.7,40.2,4202.86,2077.08,4363.72,3261.6450000000004
2025-05-22 09:00:00,9,3,5,0,24.97,306.4,46.8,4267.25,4202.86,4316.69,3254.9425000000006
2025-05-22 10:00:00,10,3,5,0,28.07,340.0,52.4,4419.82,4267.25,4258.93,3252.8825
2025-05-22 11:00:00,11,3,5,0,28.75,315.0,56.5,4289.03,4419.82,4476.8,3259.58625
2025-05-22 12:00:00,12,3,5,0,30.94,356.2,59.1,4592.7,4289.03,4335.81,3251.7625000000003
2025-05-22 13:00:00,13,3,5,0,31.41,331.7,60.0,4479.52,4592.7,4231.91,3262.4662499999995
2025-05-22 14:00:00,14,3,5,0,31.39,306.5,59.1,4261.65,4479.52,4365.47,3272.7833333333333
2025-05-22 15:00:00,15,3,5,0,33.06,313.2,56.5,4394.83,4261.65,4329.71,3268.4575000000004
2025-05-22 16:00:00,16,3,5,0,29.77,295.1,52.4,4280.04,4394.83,4488.01,3271.170833333333
2025-05-22 17:00:00,17,3,5,0,31.26,271.1,46.8,3631.32,4280.04,3307.91,3262.505416666667
2025-05-22 18:00:00,18,3,5,0,27.3,214.1,40.2,3225.21,3631.32,3441.62,3275.980833333333
2025-05-22 19:00:00,19,3,5,0,24.54,255.3,32.8,3494.31,3225.21,3477.4,3266.9637500000003
2025-05-22 20:00:00,20,3,5,0,19.15,231.8,25.0,3279.92,3494.31,3491.59,3267.668333333333
2025-05-22 21:00:00,21,3,5,0,15.11,277.9,25.0,3492.8,3279.92,3416.24,3258.8487499999997
2025-05-22 22:00:00,22,3,5,0,14.56,224.2,25.0,3294.41,3492.8,3253.46,3262.0387499999997
2025-05-22 23:00:00,23,3,5,0,9.23,156.2,25.0,2092.94,3294.41,1879.55,3263.7450000000003
2025-05-23 00:00:00,0,4,5,0,8.64,178.6,25.0,2248.34,2092.94,2190.71,3272.63625
2025-05-23 01:00:00,1,4,5,0,7.21,169.3,25.0,2215.69,2248.34,2031.41,3275.0375000000004
2025-05-23 02:00:00,2,4,5,0,7.97,139.9,25.0,2057.09,2215.69,1975.2,3282.7158333333336
2025-05-23 03:00:00,3,4,5,0,9.58,160.6,25.0,2111.06,2057.09,2106.07,3286.127916666667
2025-05-23 04:00:00,4,4,5,0,9.53,179.7,25.0,2172.82,2111.06,2189.4,3286.335833333333
2025-05-23 05:00:00,5,4,5,0,12.52,166.1,25.0,2191.32,2172.82,2183.17,3285.6450000000004
2025-05-23 06:00:00,6,4,5,0,17.36,134.4,25.0,1988.18,2191.32,2091.62,3285.9845833333334
2025-05-23 07:00:00,7,4,5,0,17.73,178.2,32.8,2193.27,1988.18,2077.08,3281.6745833333334
2025-05-23 08:00:00,8,4,5,0,23.42,301.5,40.2,4165.66,2193.27,4202.86,3286.515833333333
2025-05-23 09:00:00,9,4,5,0,22.24,301.8,46.8,4184.54,4165.66,4267.25,3284.965833333333
2025-05-23 10:00:00,10,4,5,0,27.83,289.1,52.4,4188.6,4184.54,4419.82,3281.5195833333332
2025-05-23 11:00:00,11,4,5,0,29.19,328.6,56.5,4399.7,4188.6,4289.03,3271.8854166666665
2025-05-23 12:00:00,12,4,5,0,30.23,333.6,59.1,4374.06,4399.7,4592.7,3276.4966666666664
2025-05-23 13:00:00,13,4,5,0,31.03,331.9,60.0,4415.18,4374.06,4479.52,3267.386666666667
2025-05-23 14:00:00,14,4,5,0,30.3,314.4,59.1,4358.97,4415.18,4261.65,3264.7058333333334
2025-05-23 15:00:00,15,4,5,0,29.18,333.9,56.5,4448.57,4358.97,4394.83,3268.7608333333337
2025-05-23 16:00:00,16,4,5,0,30.12,281.1,52.4,4198.79,4448.57,4280.04,3271.0
2025-05-23 17:00:00,17,4,5,0,30.68,222.3,46.8,3318.52,4198.79,3631.32,3267.6145833333335
2025-05-23 18:00:00,18,4,5,0,24.96,253.8,40.2,3344.82,3318.52,3225.21,3254.5812500000006
2025-05-23 19:00:00,19,4,5,0,23.72,259.1,32.8,3427.61,3344.82,3494.31,3259.565
2025-05-23 20:00:00,20,4,5,0,17.95,254.3,25.0,3320.28,3427.61,3279.92,3256.7858333333334
2025-05-23 21:00:00,21,4,5,0,18.77,280.4,25.0,3533.28,3320.28,3492.8,3258.4675
2025-05-23 22:00:00,22,4,5,0,13.47,213.0,25.0,3337.09,3533.28,3294.41,3260.1541666666667
2025-05-23 23:00:00,23,4,5,0,12.37,117.4,25.0,1957.95,3337.09,2092.94,3261.9325000000003
2025-05-24 00:00:00,0,5,5,1,8.52,42.0,7.5,916.18,1957.95,2248.34,3256.3079166666666
2025-05-24 01:00:00,1,5,5,1,9.69,48.6,7.5,1016.36,916.18,2215.69,3200.80125
2025-05-24 02:00:00,2,5,5,1,10.97,40.4,7.5,853.48,1016.36,2057.09,3150.8291666666664
2025-05-24 03:00:00,3,5,5,1,8.6,29.3,7.5,903.28,853.48,2111.06,3100.6787500000005
2025-05-24 04:00:00,4,5,5,1,11.66,32.4,7.5,876.39,903.28,2172.82,3050.3545833333337
2025-05-24 05:00:00,5,5,5,1,13.04,26.5,7.5,811.03,876.39,2191.32,2996.3366666666666
2025-05-24 06:00:00,6,5,5,1,13.43,32.6,7.5,900.74,811.03,1988.18,2938.8245833333335
2025-05-24 07:00:00,7,5,5,1,17.17,50.5,9.8,995.26,900.74,2193.27,2893.514583333333
2025-05-24 08:00:00,8,5,5,1,20.88,34.1,12.1,832.17,995.26,4165.66,2843.5975000000003
2025-05-24 09:00:00,9,5,5,1,21.81,40.4,14.0,1008.37,832.17,4184.54,2704.7020833333336
2025-05-24 10:00:00,10,5,5,1,25.01,39.6,15.7,945.63,1008.37,4188.6,2572.3616666666667
2025-05-24 11:00:00,11,5,5,1,28.38,33.1,17.0,904.7,945.63,4399.7,2437.237916666667
2025-05-24 12:00:00,12,5,5,1,27.25,51.4,17.7,1008.62,904.7,4374.06,2291.6129166666665
2025-05-24 13:00:00,13,5,5,1,29.04,23.3,18.0,959.26,1008.62,4415.18,2151.38625
2025-05-24 14:00:00,14,5,5,1,31.79,44.6,17.7,1006.63,959.26,4358.97,2007.3895833333333
2025-05-24 15:00:00,15,5,5,1,32.06,58.7,17.0,1141.25,1006.63,4448.57,1867.70875
2025-05-24 16:00:00,16,5,5,1,30.15,33.3,15.7,990.72,1141.25,4198.79,1729.9037500000002
2025-05-24 17:00:00,17,5,5,1,30.17,58.8,14.0,1128.18,990.72,3318.52,1596.2341666666669
2025-05-24 18:00:00,18,5,5,1,28.13,51.0,12.1,1039.1,1128.18,3344.82,1504.9700000000003
2025-05-24 19:00:00,19,5,5,1,24.02,43.8,9.8,847.17,1039.1,3427.61,1408.8983333333335
2025-05-24 20:00:00,20,5,5,1,22.18,41.3,7.5,898.23,847.17,3320.28,1301.3799999999999
2025-05-24 21:00:00,21,5,5,1,16.01,24.0,7.5,911.71,898.23,3533.28,1200.46125
2025-05-24 22:00:00,22,5,5,1,15.93,21.6,7.5,773.67,911.71,3337.09,1091.2291666666667
2025-05-24 23:00:00,23,5,5,1,11.8,24.8,7.5,874.81,773.67,1957.95,984.4200000000001
2025-05-25 00:00:00,0,6,5,1,11.79,33.2,7.5,859.64,874.81,916.18,939.2891666666668
2025-05-25 01:00:00,1,6,5,1,6.87,44.1,7.5,1002.15,859.64,1016.36,936.9333333333334
2025-05-25 02:00:00,2,6,5,1,5.5,39.5,7.5,883.73,1002.15,853.48,936.34125
2025-05-25 03:00:00,3,6,5,1,7.24,50.6,7.5,1000.13,883.73,903.28,937.6016666666666
2025-05-25 04:00:00,4,6,5,1,9.56,23.3,7.5,841.73,1000.13,876.39,941.6370833333334
2025-05-25 05:00:00,5,6,5,1,11.49,36.4,7.5,914.77,841.73,811.03,940.1929166666665
2025-05-25 06:00:00,6,6,5,1,13.97,30.3,7.5,922.72,914.77,900.74,944.5154166666666
2025-05-25 07:00:00,7,6,5,1,16.55,44.0,9.8,894.41,922.72,995.26,945.4312500000001
2025-05-25 08:00:00,8,6,5,1,17.37,57.8,12.1,1028.18,894.41,832.17,941.2291666666666
2025-05-25 09:00:00,9,6,5,1,22.74,45.0,14.0,954.4,1028.18,1008.37,949.3962500000001
2025-05-25 10:00:00,10,6,5,1,27.16,40.2,15.7,1039.78,954.4,945.63,947.1474999999999
2025-05-25 11:00:00,11,6,5,1,26.47,47.2,17.0,938.55,1039.78,904.7,951.0704166666668
2025-05-25 12:00:00,12,6,5,1,29.8,47.4,17.7,984.82,938.55,1008.62,952.4808333333334
2025-05-25 13:00:00,13,6,5,1,32.27,27.5,18.0,1013.74,984.82,959.26,951.4891666666667
2025-05-25 14:00:00,14,6,5,1,30.02,25.6,17.7,986.24,1013.74,1006.63,953.7591666666666
2025-05-25 15:00:00,15,6,5,1,31.1,51.6,17.0,1097.86,986.24,1141.25,952.9095833333332
2025-05-25 16:00:00,16,6,5,1,31.07,56.5,15.7,1049.88,1097.86,990.72,951.1016666666666
2025-05-25 17:00:00,17,6,5,1,27.36,59.4,14.0,1036.0,1049.88,1128.18,953.5666666666667
2025-05-25 18:00:00,18,6,5,1,28.19,27.5,12.1,943.39,1036.0,1039.1,949.7258333333334
2025-05-25 19:00:00,19,6,5,1,21.19,26.0,9.8,914.07,943.39,847.17,945.7379166666666
2025-05-25 20:00:00,20,6,5,1,19.37,33.6,7.5,983.86,914.07,898.23,948.5254166666667
2025-05-25 21:00:00,21,6,5,1,17.52,52.5,7.5,940.28,983.86,911.71,952.0933333333334
2025-05-25 22:00:00,22,6,5,1,14.84,22.6,7.5,799.84,940.28,773.67,953.28375
2025-05-25 23:00:00,23,6,5,1,10.29,54.2,7.5,916.71,799.84,874.81,954.3741666666666
2025-05-26 00:00:00,0,0,5,0,10.5,147.6,25.0,2062.48,916.71,859.64,956.1199999999999
2025-05-26 01:00:00,1,0,5,0,8.23,164.2,25.0,2098.12,2062.48,1002.15,1006.2383333333332
2025-05-26 02:00:00,2,0,5,0,9.77,164.2,25.0,2085.66,2098.12,883.73,1051.9037500000002
2025-05-26 03:00:00,3,0,5,0,6.8,113.5,25.0,1972.9,2085.66,1000.13,1101.9841666666669
2025-05-26 04:00:00,4,0,5,0,7.6,168.1,25.0,2125.4,1972.9,841.73,1142.51625
2025-05-26 05:00:00,5,0,5,0,11.32,168.9,25.0,2143.28,2125.4,914.77,1196.0025
2025-05-26 06:00:00,6,0,5,0,14.72,135.9,25.0,2031.52,2143.28,922.72,1247.1904166666666
2025-05-26 07:00:00,7,0,5,0,17.12,162.6,32.8,2130.57,2031.52,894.41,1293.3904166666666
2025-05-26 08:00:00,8,0,5,0,19.56,322.2,40.2,4305.64,2130.57,1028.18,1344.8970833333333
2025-05-26 09:00:00,9,0,5,0,17.22,325.9,46.8,4304.12,4305.64,954.4,1481.4579166666665
2025-05-26 10:00:00,10,0,5,0,26.98,316.5,52.4,4275.23,4304.12,1039.78,1621.0295833333332
2025-05-26 11:00:00,11,0,5,0,29.09,316.1,56.5,4353.0,4275.23,938.55,1755.84
2025-05-26 12:00:00,12,0,5,0,30.59,333.1,59.1,4443.83,4353.0,984.82,1898.10875
2025-05-26 13:00:00,13,0,5,0,29.93,308.8,60.0,4347.5,4443.83,1013.74,2042.2341666666669
2025-05-26 14:00:00,14,0,5,0,33.14,322.8,59.1,4406.35,4347.5,986.24,2181.1408333333334
2025-05-26 15:00:00,15,0,5,0,29.24,322.2,56.5,4344.68,4406.35,1097.86,2323.6454166666667
2025-05-26 16:00:00,16,0,5,0,29.99,359.9,52.4,4544.27,4344.68,1049.88,2458.929583333333
2025-05-26 17:00:00,17,0,5,0,28.76,287.8,46.8,3552.88,4544.27,1036.0,2604.5291666666667
2025-05-26 18:00:00,18,0,5,0,26.25,272.5,40.2,3490.66,3552.88,943.39,2709.3991666666666
2025-05-26 19:00:00,19,0,5,0,22.93,244.8,32.8,3293.62,3490.66,914.07,2815.535416666667
2025-05-26 20:00:00,20,0,5,0,19.77,264.3,25.0,3477.8,3293.62,983.86,2914.683333333333
2025-05-26 21:00:00,21,0,5,0,18.13,257.5,25.0,3336.24,3477.8,940.28,3018.5975
2025-05-26 22:00:00,22,0,5,0,11.62,288.9,25.0,3532.5,3336.24,799.84,3118.429166666667
2025-05-26 23:00:00,23,0,5,0,8.41,176.8,25.0,2189.18,3532.5,916.71,3232.2900000000004
2025-05-27 00:00:00,0,1,5,0,10.6,122.7,25.0,1969.74,2189.18,2062.48,3285.309583333333
2025-05-27 01:00:00,1,1,5,0,8.21,153.0,25.0,2117.08,1969.74,2098.12,3281.445416666667
2025-05-27 02:00:00,2,1,5,0,8.01,118.5,25.0,1966.71,2117.08,2085.66,3282.235416666667
2025-05-27 03:00:00,3,1,5,0,6.77,179.9,25.0,2259.83,1966.71,1972.9,3277.2791666666667
2025-05-27 04:00:00,4,1,5,0,8.75,171.4,25.0,2218.61,2259.83,2125.4,3289.2345833333334
2025-05-27 05:00:00,5,1,5,0,11.25,120.5,25.0,1915.18,2218.61,2143.28,3293.1183333333333
2025-05-27 06:00:00,6,1,5,0,12.74,139.7,25.0,2033.11,1915.18,2031.52,3283.6141666666667
2025-05-27 07:00:00,7,1,5,0,15.37,163.4,32.8,2110.49,2033.11,2130.57,3283.680416666666
2025-05-27 08:00:00,8,1,5,0,20.23,297.4,40.2,4133.39,2110.49,4305.64,3282.84375
2025-05-27 09:00:00,9,1,5,0,24.64,328.4,46.8,4365.0,4133.39,4304.12,3275.6666666666665
2025-05-27 10:00:00,10,1,5,0,27.83,303.4,52.4,4223.26,4365.0,4275.23,3278.2033333333334
2025-05-27 11:00:00,11,1,5,0,27.66,308.0,56.5,4232.68,4223.26,4353.0,3276.0379166666667
2025-05-27 12:00:00,12,1,5,0,29.79,301.8,59.1,4326.46,4232.68,4443.83,3271.0245833333333
2025-05-27 13:00:00,13,1,5,0,30.35,285.2,60.0,4281.62,4326.46,4347.5,3266.1341666666667
2025-05-27 14:00:00,14,1,5,0,32.89,311.5,59.1,4422.0,4281.62,4406.35,3263.3891666666664
2025-05-27 15:00:00,15,1,5,0,30.3,296.6,56.5,4275.92,4422.0,4344.68,3264.04125
2025-05-27 16:00:00,16,1,5,0,32.73,285.9,52.4,4307.53,4275.92,4544.27,3261.17625
2025-05-27 17:00:00,17,1,5,0,29.28,277.2,46.8,3516.96,4307.53,3552.88,3251.3120833333337
2025-05-27 18:00:00,18,1,5,0,25.39,240.1,40.2,3391.13,3516.96,3490.66,3249.815416666667
2025-05-27 19:00:00,19,1,5,0,23.19,289.2,32.8,3460.38,3391.13,3293.62,3245.668333333333
2025-05-27 20:00:00,20,1,5,0,18.23,273.4,25.0,3343.62,3460.38,3477.8,3252.616666666667
2025-05-27 21:00:00,21,1,5,0,19.74,288.9,25.0,3453.41,3343.62,3336.24,3247.025833333333
2025-05-27 22:00:00,22,1,5,0,14.65,214.4,25.0,3276.11,3453.41,3532.5,3251.9079166666666
2025-05-27 23:00:00,23,1,5,0,11.58,138.3,25.0,2040.95,3276.11,2189.18,3241.225
2025-05-28 00:00:00,0,2,5,0,8.84,110.9,25.0,1924.46,2040.95,1969.74,3235.04875
2025-05-28 01:00:00,1,2,5,0,8.2,155.7,25.0,2103.07,1924.46,2117.08,3233.162083333333
2025-05-28 02:00:00,2,2,5,0,10.71,120.5,25.0,2024.49,2103.07,1966.71,3232.578333333333
2025-05-28 03:00:00,3,2,5,0,7.86,160.5,25.0,2126.48,2024.49,2259.83,3234.9858333333336
2025-05-28 04:00:00,4,2,5,0,10.55,115.5,25.0,1960.65,2126.48,2218.61,3229.429583333333
2025-05-28 05:00:00,5,2,5,0,10.85,125.2,25.0,1990.15,1960.65,1915.18,3218.68125
2025-05-28 06:00:00,6,2,5,0,15.65,152.4,25.0,2167.62,1990.15,2033.11,3221.805
2025-05-28 07:00:00,7,2,5,0,15.22,170.3,32.8,2171.59,2167.62,2110.49,3227.4095833333336
2025-05-28 08:00:00,8,2,5,0,21.65,303.2,40.2,4275.87,2171.59,4133.39,3229.955416666667
2025-05-28 09:00:00,9,2,5,0,24.7,322.5,46.8,4354.43,4275.87,4365.0,3235.8920833333336
2025-05-28 10:00:00,10,2,5,0,28.11,350.5,52.4,4478.11,4354.43,4223.26,3235.4516666666664
2025-05-28 11:00:00,11,2,5,0,29.47,299.9,56.5,4303.86,4478.11,4232.68,3246.070416666666
2025-05-28 12:00:00,12,2,5,0,31.48,310.9,59.1,4409.12,4303.86,4326.46,3249.0362499999997
2025-05-28 13:00:00,13,2,5,0,30.05,284.8,60.0,4253.95,4409.12,4281.62,3252.4804166666668
2025-05-28 14:00:00,14,2,5,0,31.91,357.4,59.1,4555.39,4253.95,4422.0,3251.3275
2025-05-28 15:00:00,15,2,5,0,29.01,289.7,56.5,4291.15,4555.39,4275.92,3256.8854166666665
2025-05-28 16:00:00,16,2,5,0,27.03,282.8,52.4,4219.4,4291.15,4307.53,3257.52
2025-05-28 17:00:00,17,2,5,0,29.52,218.1,46.8,3369.49,4219.4,3516.96,3253.847916666667
2025-05-28 18:00:00,18,2,5,0,24.75,227.3,40.2,3263.78,3369.49,3391.13,3247.703333333333
2025-05-28 19:00:00,19,2,5,0,23.2,271.2,32.8,3452.95,3263.78,3460.38,3242.3970833333333
2025-05-28 20:00:00,20,2,5,0,18.08,280.5,25.0,3553.75,3452.95,3343.62,3242.0875
2025-05-28 21:00:00,21,2,5,0,16.04,244.1,25.0,3425.3,3553.75,3453.41,3250.842916666667
2025-05-28 22:00:00,22,2,5,0,11.44,254.2,25.0,3402.56,3425.3,3276.11,3249.6716666666666
2025-05-28 23:00:00,23,2,5,0,8.0,143.3,25.0,2043.36,3402.56,2040.95,3254.940416666667
2025-05-29 00:00:00,0,3,5,0,12.9,167.4,25.0,2116.14,2043.36,1924.46,3255.040833333333
2025-05-29 01:00:00,1,3,5,0,7.07,172.7,25.0,2139.37,2116.14,2103.07,3263.0275
2025-05-29 02:00:00,2,3,5,0,7.03,173.7,25.0,2196.7,2139.37,2024.49,3264.5400000000004
2025-05-29 03:00:00,3,3,5,0,9.0,119.5,25.0,1933.85,2196.7,2126.48,3271.7154166666664
2025-05-29 04:00:00,4,3,5,0,8.66,161.5,25.0,2095.39,1933.85,1960.65,3263.689166666667
2025-05-29 05:00:00,5,3,5,0,12.55,126.8,25.0,1997.77,2095.39,1990.15,3269.3033333333333
2025-05-29 06:00:00,6,3,5,0,13.89,150.3,25.0,2174.77,1997.77,2167.62,3269.620833333333
2025-05-29 07:00:00,7,3,5,0,16.99,112.0,32.8,1919.3,2174.77,2171.59,3269.9187500000003
2025-05-29 08:00:00,8,3,5,0,21.05,337.5,40.2,4294.79,1919.3,4275.87,3259.4066666666663
2025-05-29 09:00:00,9,3,5,0,25.38,344.9,46.8,4363.68,4294.79,4354.43,3260.1949999999997
2025-05-29 10:00:00,10,3,5,0,27.67,312.3,52.4,4339.49,4363.68,4478.11,3260.580416666667
2025-05-29 11:00:00,11,3,5,0,26.97,359.4,56.5,4392.54,4339.49,4303.86,3254.804583333333
2025-05-29 12:00:00,12,3,5,0,31.36,293.2,59.1,4255.24,4392.54,4409.12,3258.4995833333337
2025-05-29 13:00:00,13,3,5,0,29.8,353.4,60.0,4482.34,4255.24,4253.95,3252.087916666666
2025-05-29 14:00:00,14,3,5,0,29.3,302.8,59.1,4281.45,4482.34,4555.39,3261.6041666666665
2025-05-29 15:00:00,15,3,5,0,33.74,298.7,56.5,4371.77,4281.45,4291.15,3250.19
2025-05-29 16:00:00,16,3,5,0,32.86,301.3,52.4,4402.33,4371.77,4219.4,3253.549166666667
2025-05-29 17:00:00,17,3,5,0,25.49,262.4,46.8,3408.97,4402.33,3369.49,3261.17125
2025-05-29 18:00:00,18,3,5,0,24.84,276.9,40.2,3534.43,3408.97,3263.78,3262.81625
2025-05-29 19:00:00,19,3,5,0,22.21,218.2,32.8,3251.09,3534.43,3452.95,3274.0933333333337
2025-05-29 20:00:00,20,3,5,0,18.76,237.0,25.0,3362.88,3251.09,3553.75,3265.6824999999994
2025-05-29 21:00:00,21,3,5,0,15.62,271.1,25.0,3483.68,3362.88,3425.3,3257.7295833333333
2025-05-29 22:00:00,22,3,5,0,13.09,268.3,25.0,3502.0,3483.68,3402.56,3260.162083333333
2025-05-29 23:00:00,23,3,5,0,12.75,124.7,25.0,2002.24,3502.0,2043.36,3264.305416666666
2025-05-30 00:00:00,0,4,5,0,10.39,154.8,25.0,2072.33,2002.24,2116.14,3262.5920833333334
2025-05-30 01:00:00,1,4,5,0,10.73,139.9,25.0,2085.22,2072.33,2139.37,3260.766666666667
2025-05-30 02:00:00,2,4,5,0,8.89,146.0,25.0,2119.01,2085.22,2196.7,3258.5104166666665
2025-05-30 03:00:00,3,4,5,0,8.78,153.1,25.0,2096.53,2119.01,1933.85,3255.273333333333
2025-05-30 04:00:00,4,4,5,0,9.55,175.5,25.0,2142.5,2096.53,2095.39,3262.0516666666663
2025-05-30 05:00:00,5,4,5,0,12.75,128.1,25.0,2055.82,2142.5,1997.77,3264.014583333333
2025-05-30 06:00:00,6,4,5,0,13.79,119.9,25.0,1989.49,2055.82,2174.77,3266.433333333334
2025-05-30 07:00:00,7,4,5,0,13.93,165.8,32.8,2134.19,1989.49,1919.3,3258.713333333333
2025-05-30 08:00:00,8,4,5,0,20.72,292.7,40.2,4120.45,2134.19,4294.79,3267.6670833333333
2025-05-30 09:00:00,9,4,5,0,23.29,324.0,46.8,4274.38,4120.45,4363.68,3260.4029166666664
2025-05-30 10:00:00,10,4,5,0,26.14,337.0,52.4,4341.44,4274.38,4339.49,3256.682083333333
2025-05-30 11:00:00,11,4,5,0,29.16,286.8,56.5,4244.88,4341.44,4392.54,3256.763333333334
2025-05-30 12:00:00,12,4,5,0,30.79,344.9,59.1,4541.15,4244.88,4255.24,3250.6108333333336
2025-05-30 13:00:00,13,4,5,0,30.58,304.5,60.0,4279.05,4541.15,4482.34,3262.5237500000003
2025-05-30 14:00:00,14,4,5,0,31.19,330.3,59.1,4404.38,4279.05,4281.45,3254.0533333333333
2025-05-30 15:00:00,15,4,5,0,32.31,317.4,56.5,4343.86,4404.38,4371.77,3259.1754166666665
2025-05-30 16:00:00,16,4,5,0,31.59,353.9,52.4,4587.73,4343.86,4402.33,3258.0124999999994
2025-05-30 17:00:00,17,4,5,0,26.44,256.6,46.8,3433.47,4587.73,3408.97,3265.7374999999997
2025-05-30 18:00:00,18,4,5,0,25.48,281.6,40.2,3503.9,3433.47,3534.43,3266.7583333333337
2025-05-30 19:00:00,19,4,5,0,22.44,270.0,32.8,3392.56,3503.9,3251.09,3265.48625
2025-05-30 20:00:00,20,4,5,0,19.69,212.3,25.0,3213.14,3392.56,3362.88,3271.380833333333
2025-05-30 21:00:00,21,4,5,0,18.38,214.4,25.0,3252.0,3213.14,3483.68,3265.1416666666664
2025-05-30 22:00:00,22,4,5,0,13.56,239.9,25.0,3345.55,3252.0,3502.0,3255.4883333333332
2025-05-30 23:00:00,23,4,5,0,12.05,132.8,25.0,1984.16,3345.55,2002.24,3248.9695833333335
2025-05-31 00:00:00,0,5,5,1,11.67,36.8,7.5,929.82,1984.16,2072.33,3248.21625
2025-05-31 01:00:00,1,5,5,1,9.31,41.8,7.5,930.05,929.82,2085.22,3200.611666666666
2025-05-31 02:00:00,2,5,5,1,10.04,32.0,7.5,845.04,930.05,2119.01,3152.4795833333333
2025-05-31 03:00:00,3,5,5,1,7.75,44.5,7.5,880.86,845.04,2096.53,3099.3975000000005
2025-05-31 04:00:00,4,5,5,1,7.74,38.7,7.5,896.3,880.86,2142.5,3048.744583333333
2025-05-31 05:00:00,5,5,5,1,11.34,57.0,7.5,1051.67,896.3,2055.82,2996.8195833333334
2025-05-31 06:00:00,6,5,5,1,14.42,47.2,7.5,869.4,1051.67,1989.49,2954.9799999999996
2025-05-31 07:00:00,7,5,5,1,13.74,52.0,9.8,930.34,869.4,2134.19,2908.3095833333336
2025-05-31 08:00:00,8,5,5,1,20.73,31.7,12.1,859.11,930.34,4120.45,2858.1491666666666
2025-05-31 09:00:00,9,5,5,1,23.95,58.2,14.0,979.59,859.11,4274.38,2722.2599999999998
2025-05-31 10:00:00,10,5,5,1,29.06,53.0,15.7,1045.43,979.59,4341.44,2584.977083333333
2025-05-31 11:00:00,11,5,5,1,27.48,37.4,17.0,971.94,1045.43,4244.88,2447.643333333333
2025-05-31 12:00:00,12,5,5,1,29.59,47.9,17.7,1075.33,971.94,4541.15,2311.2708333333335
2025-05-31 13:00:00,13,5,5,1,35.35,32.9,18.0,1070.84,1075.33,4279.05,2166.8616666666667
2025-05-31 14:00:00,14,5,5,1,29.54,31.5,17.7,1016.37,1070.84,4404.38,2033.1862499999997
2025-05-31 15:00:00,15,5,5,1,32.3,22.2,17.0,874.53,1016.37,4343.86,1892.0191666666667
2025-05-31 16:00:00,16,5,5,1,28.68,25.9,15.7,953.18,874.53,4587.73,1747.46375
2025-05-31 17:00:00,17,5,5,1,27.2,44.4,14.0,977.43,953.18,3433.47,1596.0241666666668
2025-05-31 18:00:00,18,5,5,1,25.35,34.1,12.1,867.05,977.43,3503.9,1493.6891666666668
2025-05-31 19:00:00,19,5,5,1,24.63,36.7,9.8,855.73,867.05,3392.56,1383.8204166666667
2025-05-31 20:00:00,20,5,5,1,18.12,56.8,7.5,960.6,855.73,3213.14,1278.1191666666666
2025-05-31 21:00:00,21,5,5,1,17.23,30.8,7.5,930.66,960.6,3252.0,1184.2633333333333
2025-05-31 22:00:00,22,5,5,1,13.75,38.2,7.5,856.0,930.66,3345.55,1087.5408333333332
2025-05-31 23:00:00,23,5,5,1,11.57,31.1,7.5,843.07,856.0,1984.16,983.8095833333333
2025-06-01 00:00:00,0,6,6,1,11.08,29.0,7.5,819.73,843.07,929.82,936.2641666666667
2025-06-01 01:00:00,1,6,6,1,6.76,41.1,7.5,848.16,819.73,930.05,931.6770833333334
2025-06-01 02:00:00,2,6,6,1,7.13,52.0,7.5,1019.25,848.16,845.04,928.265
2025-06-01 03:00:00,3,6,6,1,8.83,28.7,7.5,824.47,1019.25,880.86,935.52375
2025-06-01 04:00:00,4,6,6,1,10.41,40.8,7.5,763.99,824.47,896.3,933.1741666666667
2025-06-01 05:00:00,5,6,6,1,9.97,51.2,7.5,891.32,763.99,1051.67,927.66125
2025-06-01 06:00:00,6,6,6,1,15.86,43.4,7.5,928.33,891.32,869.4,920.9799999999999
2025-06-01 07:00:00,7,6,6,1,15.9,55.3,9.8,921.04,928.33,930.34,923.4354166666667
2025-06-01 08:00:00,8,6,6,1,23.0,58.3,12.1,894.22,921.04,859.11,923.0479166666668
2025-06-01 09:00:00,9,6,6,1,20.98,46.7,14.0,907.36,894.22,979.59,924.5108333333333
2025-06-01 10:00:00,10,6,6,1,26.36,50.2,15.7,1014.88,907.36,1045.43,921.5012499999999
2025-06-01 11:00:00,11,6,6,1,26.57,39.5,17.0,867.77,1014.88,971.94,920.2283333333334
2025-06-01 12:00:00,12,6,6,1,31.36,58.1,17.7,1124.73,867.77,1075.33,915.8879166666667
2025-06-01 13:00:00,13,6,6,1,30.34,40.7,18.0,976.78,1124.73,1070.84,917.94625
2025-06-01 14:00:00,14,6,6,1,34.18,39.8,17.7,1138.97,976.78,1016.37,914.0270833333333
2025-06-01 15:00:00,15,6,6,1,32.03,52.5,17.0,1073.75,1138.97,874.53,919.1354166666666
2025-06-01 16:00:00,16,6,6,1,26.73,42.1,15.7,928.94,1073.75,953.18,927.4362500000001
2025-06-01 17:00:00,17,6,6,1,28.5,44.5,14.0,939.2,928.94,977.43,926.42625
2025-06-01 18:00:00,18,6,6,1,25.46,54.8,12.1,891.49,939.2,867.05,924.8333333333334
2025-06-01 19:00:00,19,6,6,1,20.24,57.6,9.8,895.37,891.49,855.73,925.8516666666668
2025-06-01 20:00:00,20,6,6,1,23.41,37.6,7.5,878.04,895.37,960.6,927.5033333333334
2025-06-01 21:00:00,21,6,6,1,18.87,52.0,7.5,908.77,878.04,930.66,924.0633333333334
2025-06-01 22:00:00,22,6,6,1,15.87,41.3,7.5,819.77,908.77,856.0,923.15125
2025-06-01 23:00:00,23,6,6,1,10.52,48.7,7.5,909.0,819.77,843.07,921.6416666666668
2025-06-02 00:00:00,0,0,6,0,8.11,121.9,25.0,1858.8,909.0,819.73,924.3887500000001
2025-06-02 01:00:00,1,0,6,0,7.07,157.1,25.0,1987.45,1858.8,848.16,967.6833333333334
2025-06-02 02:00:00,2,0,6,0,8.51,147.0,25.0,1987.09,1987.45,1019.25,1015.1537500000001
2025-06-02 03:00:00,3,0,6,0,10.15,116.0,25.0,1872.39,1987.09,824.47,1055.4804166666665
2025-06-02 04:00:00,4,0,6,0,8.64,153.1,25.0,1946.1,1872.39,763.99,1099.14375
2025-06-02 05:00:00,5,0,6,0,10.8,159.5,25.0,2069.19,1946.1,891.32,1148.3983333333333
2025-06-02 06:00:00,6,0,6,0,13.37,114.3,25.0,1806.77,2069.19,928.33,1197.47625
2025-06-02 07:00:00,7,0,6,0,14.9,161.1,32.8,2080.74,1806.77,921.04,1234.0779166666666
2025-06-02 08:00:00,8,0,6,0,19.52,320.3,40.2,4103.81,2080.74,894.22,1282.39875
2025-06-02 09:00:00,9,0,6,0,23.9,282.8,46.8,3920.11,4103.81,907.36,1416.131666666667
2025-06-02 10:00:00,10,0,6,0,24.64,294.7,52.4,4012.51,3920.11,1014.88,1541.662916666667
2025-06-02 11:00:00,11,0,6,0,29.51,353.7,56.5,4311.4,4012.51,867.77,1666.5641666666663
2025-06-02 12:00:00,12,0,6,0,30.37,355.6,59.1,4337.08,4311.4,1124.73,1810.04875
2025-06-02 13:00:00,13,0,6,0,31.65,282.0,60.0,4129.5,4337.08,976.78,1943.8966666666668
2025-06-02 14:00:00,14,0,6,0,31.61,286.0,59.1,4064.58,4129.5,1138.97,2075.2599999999998
2025-06-02 15:00:00,15,0,6,0,32.74,355.2,56.5,4405.12,4064.58,1073.75,2197.160416666667
2025-06-02 16:00:00,16,0,6,0,30.79,309.3,52.4,4119.82,4405.12,928.94,2335.9675
2025-06-02 17:00:00,17,0,6,0,27.34,261.0,46.8,3357.63,4119.82,939.2,2468.920833333333
2025-06-02 18:00:00,18,0,6,0,27.5,286.7,40.2,3450.61,3357.63,891.49,2569.68875
2025-06-02 19:00:00,19,0,6,0,23.62,253.2,32.8,3239.39,3450.61,895.37,2676.31875
2025-06-02 20:00:00,20,0,6,0,20.81,256.6,25.0,3342.1,3239.39,878.04,2773.98625
2025-06-02 21:00:00,21,0,6,0,16.01,210.3,25.0,3045.26,3342.1,908.77,2876.6554166666665
2025-06-02 22:00:00,22,0,6,0,12.42,234.4,25.0,3087.37,3045.26,819.77,2965.6758333333332
2025-06-02 23:00:00,23,0,6,0,11.67,116.9,25.0,1872.09,3087.37,909.0,3060.1591666666664
2025-06-03 00:00:00,0,1,6,0,12.69,147.6,25.0,1962.57,1872.09,1858.8,3100.287916666666
2025-06-03 01:00:00,1,1,6,0,11.27,167.9,25.0,2034.18,1962.57,1987.45,3104.611666666667
2025-06-03 02:00:00,2,1,6,0,7.61,176.8,25.0,2164.67,2034.18,1987.09,3106.5587499999997
2025-06-03 03:00:00,3,1,6,0,8.77,155.1,25.0,1972.17,2164.67,1872.39,3113.9579166666663
2025-06-03 04:00:00,4,1,6,0,10.79,178.7,25.0,2120.55,1972.17,1946.1,3118.115416666667
2025-06-03 05:00:00,5,1,6,0,11.66,138.5,25.0,1942.84,2120.55,2069.19,3125.3841666666663
2025-06-03 06:00:00,6,1,6,0,15.3,129.2,25.0,1901.49,1942.84,1806.77,3120.1195833333336
2025-06-03 07:00:00,7,1,6,0,18.73,130.2,32.8,1859.57,1901.49,2080.74,3124.06625
2025-06-03 08:00:00,8,1,6,0,21.25,328.8,40.2,4134.89,1859.57,4103.81,3114.8508333333334
2025-06-03 09:00:00,9,1,6,0,24.66,334.0,46.8,4148.54,4134.89,3920.11,3116.1458333333335
2025-06-03 10:00:00,10,1,6,0,26.94,294.5,52.4,4054.75,4148.54,4012.51,3125.6637499999997
2025-06-03 11:00:00,11,1,6,0,29.26,330.0,56.5,4276.74,4054.75,4311.4,3127.42375
2025-06-03 12:00:00,12,1,6,0,30.34,347.1,59.1,4316.55,4276.74,4337.08,3125.9795833333333
2025-06-03 13:00:00,13,1,6,0,34.43,293.6,60.0,4176.63,4316.55,4129.5,3125.1241666666665
2025-06-03 14:00:00,14,1,6,0,30.11,298.2,59.1,4104.87,4176.63,4064.58,3127.087916666667
2025-06-03 15:00:00,15,1,6,0,30.91,308.5,56.5,4086.64,4104.87,4405.12,3128.766666666667
2025-06-03 16:00:00,16,1,6,0,28.95,296.4,52.4,4066.79,4086.64,4119.82,3115.4966666666664
2025-06-03 17:00:00,17,1,6,0,29.82,271.9,46.8,3481.01,4066.79,3357.63,3113.287083333333
2025-06-03 18:00:00,18,1,6,0,25.23,241.0,40.2,3190.9,3481.01,3450.61,3118.427916666667
2025-06-03 19:00:00,19,1,6,0,22.91,252.1,32.8,3199.07,3190.9,3239.39,3107.6066666666666
2025-06-03 20:00:00,20,1,6,0,16.91,256.5,25.0,3266.95,3199.07,3342.1,3105.9266666666667
2025-06-03 21:00:00,21,1,6,0,16.35,253.4,25.0,3248.42,3266.95,3045.26,3102.7954166666673
2025-06-03 22:00:00,22,1,6,0,12.58,215.3,25.0,3103.77,3248.42,3087.37,3111.2604166666665
2025-06-03 23:00:00,23,1,6,0,11.88,111.6,25.0,1808.03,3103.77,1872.09,3111.9437500000004
2025-06-04 00:00:00,0,2,6,0,10.52,159.2,25.0,1996.77,1808.03,1962.57,3109.274583333334
2025-06-04 01:00:00,1,2,6,0,6.35,122.8,25.0,1985.96,1996.77,2034.18,3110.699583333333
2025-06-04 02:00:00,2,2,6,0,6.81,155.8,25.0,1965.62,1985.96,2164.67,3108.690416666667
2025-06-04 03:00:00,3,2,6,0,8.9,116.4,25.0,1856.94,1965.62,1972.17,3100.396666666666
2025-06-04 04:00:00,4,2,6,0,11.88,176.1,25.0,2144.13,1856.94,2120.55,3095.5954166666666
2025-06-04 05:00:00,5,2,6,0,11.26,163.3,25.0,2054.09,2144.13,1942.84,3096.577916666667
2025-06-04 06:00:00,6,2,6,0,14.18,174.0,25.0,2050.42,2054.09,1901.49,3101.213333333333
2025-06-04 07:00:00,7,2,6,0,15.51,151.5,32.8,2020.27,2050.42,1859.57,3107.4187500000003
2025-06-04 08:00:00,8,2,6,0,19.81,305.5,40.2,4015.83,2020.27,4134.89,3114.1145833333335
2025-06-04 09:00:00,9,2,6,0,25.82,295.1,46.8,4060.21,4015.83,4148.54,3109.15375
2025-06-04 10:00:00,10,2,6,0,23.0,322.6,52.4,4053.18,4060.21,4054.75,3105.4733333333334
2025-06-04 11:00:00,11,2,6,0,29.56,347.3,56.5,4261.3,4053.18,4276.74,3105.407916666667
2025-06-04 12:00:00,12,2,6,0,27.85,340.6,59.1,4213.31,4261.3,4316.55,3104.7645833333336
2025-06-04 13:00:00,13,2,6,0,31.5,317.6,60.0,4218.44,4213.31,4176.63,3100.462916666667
2025-06-04 14:00:00,14,2,6,0,31.34,320.3,59.1,4255.53,4218.44,4104.87,3102.2050000000004
2025-06-04 15:00:00,15,2,6,0,30.96,354.8,56.5,4400.57,4255.53,4086.64,3108.4825
2025-06-04 16:00:00,16,2,6,0,32.94,285.8,52.4,4216.52,4400.57,4066.79,3121.5629166666663
2025-06-04 17:00:00,17,2,6,0,28.49,278.0,46.8,3425.21,4216.52,3481.01,3127.8016666666667
2025-06-04 18:00:00,18,2,6,0,30.38,237.6,40.2,3319.25,3425.21,3190.9,3125.476666666666
2025-06-04 19:00:00,19,2,6,0,24.39,276.0,32.8,3336.19,3319.25,3199.07,3130.824583333333
2025-06-04 20:00:00,20,2,6,0,19.68,260.2,25.0,3278.1,3336.19,3266.95,3136.537916666666
2025-06-04 21:00:00,21,2,6,0,15.46,278.4,25.0,3360.83,3278.1,3248.42,3137.0025
2025-06-04 22:00:00,22,2,6,0,11.11,225.2,25.0,3118.27,3360.83,3103.77,3141.68625
2025-06-04 23:00:00,23,2,6,0,10.88,156.6,25.0,2081.16,3118.27,1808.03,3142.2904166666663
2025-06-05 00:00:00,0,3,6,0,9.39,139.9,25.0,2013.13,2081.16,1996.77,3153.670833333333
2025-06-05 01:00:00,1,3,6,0,10.83,126.4,25.0,1890.59,2013.13,1985.96,3154.3525000000004
2025-06-05 02:00:00,2,3,6,0,9.86,117.7,25.0,1875.56,1890.59,1965.62,3150.37875
2025-06-05 03:00:00,3,3,6,0,9.14,111.7,25.0,1873.44,1875.56,1856.94,3146.62625
2025-06-05 04:00:00,4,3,6,0,11.19,126.6,25.0,1963.5,1873.44,2144.13,3147.31375
2025-06-05 05:00:00,5,3,6,0,10.03,157.2,25.0,2015.26,1963.5,2054.09,3139.7875
2025-06-05 06:00:00,6,3,6,0,16.64,150.7,25.0,2006.83,2015.26,2050.42,3138.169583333334
2025-06-05 07:00:00,7,3,6,0,14.99,140.9,32.8,1930.87,2006.83,2020.27,3136.353333333333
2025-06-05 08:00:00,8,3,6,0,19.33,296.9,40.2,3996.7,1930.87,4015.83,3132.6283333333336
2025-06-05 09:00:00,9,3,6,0,21.88,307.7,46.8,4101.58,3996.7,4060.21,3131.8312499999997
2025-06-05 10:00:00,10,3,6,0,26.92,333.5,52.4,4273.7,4101.58,4053.18,3133.5550000000003
2025-06-05 11:00:00,11,3,6,0,27.74,356.7,56.5,4259.87,4273.7,4261.3,3142.7433333333333
2025-06-05 12:00:00,12,3,6,0,32.74,293.8,59.1,4187.5,4259.87,4213.31,3142.6837499999997
2025-06-05 13:00:00,13,3,6,0,34.44,305.4,60.0,4246.05,4187.5,4218.44,3141.608333333333
2025-06-05 14:00:00,14,3,6,0,32.62,313.7,59.1,4251.28,4246.05,4255.53,3142.7587499999995
2025-06-05 15:00:00,15,3,6,0,29.58,285.2,56.5,4091.73,4251.28,4400.57,3142.5816666666665
2025-06-05 16:00:00,16,3,6,0,27.98,324.6,52.4,4152.11,4091.73,4216.52,3129.713333333333
2025-06-05 17:00:00,17,3,6,0,26.97,228.8,46.8,3206.6,4152.11,3425.21,3127.029583333333
2025-06-05 18:00:00,18,3,6,0,24.71,253.9,40.2,3316.25,3206.6,3319.25,3117.9208333333336
2025-06-05 19:00:00,19,3,6,0,20.87,217.4,32.8,3110.15,3316.25,3336.19,3117.7958333333336
2025-06-05 20:00:00,20,3,6,0,20.57,252.9,25.0,3290.9,3110.15,3278.1,3108.3775
2025-06-05 21:00:00,21,3,6,0,18.06,260.7,25.0,3274.03,3290.9,3360.83,3108.9108333333334
2025-06-05 22:00:00,22,3,6,0,11.09,284.6,25.0,3367.01,3274.03,3118.27,3105.2941666666666
2025-06-05 23:00:00,23,3,6,0,12.25,142.2,25.0,1929.35,3367.01,2081.16,3115.6583333333333
2025-06-06 00:00:00,0,4,6,0,9.52,145.0,25.0,1987.5,1929.35,2013.13,3109.3329166666667
2025-06-06 01:00:00,1,4,6,0,8.66,143.6,25.0,2029.06,1987.5,1890.59,3108.265
2025-06-06 02:00:00,2,4,6,0,9.24,157.7,25.0,1955.25,2029.06,1875.56,3114.0345833333336
2025-06-06 03:00:00,3,4,6,0,7.79,141.3,25.0,1983.56,1955.25,1873.44,3117.355
2025-06-06 04:00:00,4,4,6,0,8.07,144.5,25.0,1935.12,1983.56,1963.5,3121.943333333333
2025-06-06 05:00:00,5,4,6,0,10.67,177.3,25.0,2071.01,1935.12,2015.26,3120.7608333333333
2025-06-06 06:00:00,6,4,6,0,13.64,145.7,25.0,2041.23,2071.01,2006.83,3123.0837500000002
2025-06-06 07:00:00,7,4,6,0,16.24,162.1,32.8,2092.57,2041.23,1930.87,3124.5170833333336
2025-06-06 08:00:00,8,4,6,0,21.56,311.4,40.2,4043.19,2092.57,3996.7,3131.2545833333334
2025-06-06 09:00:00,9,4,6,0,24.75,283.5,46.8,3918.28,4043.19,4101.58,3133.191666666667
2025-06-06 10:00:00,10,4,6,0,28.19,325.2,52.4,4086.43,3918.28,4273.7,3125.554166666667
2025-06-06 11:00:00,11,4,6,0,28.59,295.8,56.5,3960.19,4086.43,4259.87,3117.75125
2025-06-06 12:00:00,12,4,6,0,31.3,352.1,59.1,4331.65,3960.19,4187.5,3105.2645833333336
2025-06-06 13:00:00,13,4,6,0,31.01,331.5,60.0,4298.09,4331.65,4246.05,3111.2708333333335
2025-06-06 14:00:00,14,4,6,0,29.7,300.6,59.1,4068.0,4298.09,4251.28,3113.439166666667
2025-06-06 15:00:00,15,4,6,0,33.11,309.8,56.5,4152.93,4068.0,4091.73,3105.8025000000002
2025-06-06 16:00:00,16,4,6,0,30.92,293.1,52.4,4136.26,4152.93,4152.11,3108.3525000000004
2025-06-06 17:00:00,17,4,6,0,27.83,248.1,46.8,3319.27,4136.26,3206.6,3107.6920833333334
2025-06-06 18:00:00,18,4,6,0,24.83,211.4,40.2,3197.77,3319.27,3316.25,3112.3866666666668
2025-06-06 19:00:00,19,4,6,0,25.04,255.4,32.8,3298.67,3197.77,3110.15,3107.4500000000003
2025-06-06 20:00:00,20,4,6,0,20.75,216.7,25.0,3070.78,3298.67,3290.9,3115.3050000000003
2025-06-06 21:00:00,21,4,6,0,14.12,244.5,25.0,3185.66,3070.78,3274.03,3106.133333333333
2025-06-06 22:00:00,22,4,6,0,14.7,258.6,25.0,3210.69,3185.66,3367.01,3102.45125
2025-06-06 23:00:00,23,4,6,0,11.24,122.2,25.0,1882.66,3210.69,1929.35,3095.937916666667
2025-06-07 00:00:00,0,5,6,1,9.9,29.2,7.5,773.15,1882.66,1987.5,3093.9925
2025-06-07 01:00:00,1,5,6,1,7.68,39.2,7.5,769.33,773.15,2029.06,3043.3945833333332
2025-06-07 02:00:00,2,5,6,1,9.91,30.7,7.5,776.91,769.33,1955.25,2990.9058333333337
2025-06-07 03:00:00,3,5,6,1,9.01,55.3,7.5,913.54,776.91,1983.56,2941.808333333333
2025-06-07 04:00:00,4,5,6,1,8.4,24.9,7.5,810.99,913.54,1935.12,2897.224166666667
2025-06-07 05:00:00,5,5,6,1,12.02,58.4,7.5,964.38,810.99,2071.01,2850.3854166666674
2025-06-07 06:00:00,6,5,6,1,14.84,57.3,7.5,916.87,964.38,2041.23,2804.275833333333
2025-06-07 07:00:00,7,5,6,1,17.33,47.6,9.8,917.03,916.87,2092.57,2757.4275000000002
2025-06-07 08:00:00,8,5,6,1,18.89,33.9,12.1,887.18,917.03,4043.19,2708.4466666666667
2025-06-07 09:00:00,9,5,6,1,23.38,33.1,14.0,762.53,887.18,3918.28,2576.94625
2025-06-07 10:00:00,10,5,6,1,25.85,35.7,15.7,901.57,762.53,4086.43,2445.4566666666665
2025-06-07 11:00:00,11,5,6,1,28.18,51.1,17.0,1040.08,901.57,3960.19,2312.7541666666666
2025-06-07 12:00:00,12,5,6,1,30.89,35.1,17.7,986.52,1040.08,4331.65,2191.0829166666667
2025-06-07 13:00:00,13,5,6,1,32.15,50.2,18.0,1045.66,986.52,4298.09,2051.7025
2025-06-07 14:00:00,14,5,6,1,33.82,35.5,17.7,1044.11,1045.66,4068.0,1916.1845833333334
2025-06-07 15:00:00,15,5,6,1,32.28,27.5,17.0,1034.5,1044.11,4152.93,1790.1891666666668
2025-06-07 16:00:00,16,5,6,1,29.95,55.7,15.7,984.05,1034.5,4136.26,1660.2545833333334
2025-06-07 17:00:00,17,5,6,1,30.44,53.3,14.0,1006.29,984.05,3319.27,1528.9125000000001
2025-06-07 18:00:00,18,5,6,1,27.37,46.3,12.1,1068.59,1006.29,3197.77,1432.5383333333332
2025-06-07 19:00:00,19,5,6,1,22.61,53.7,9.8,855.42,1068.59,3298.67,1343.8225
2025-06-07 20:00:00,20,5,6,1,17.78,26.2,7.5,845.2,855.42,3070.78,1242.0204166666665
2025-06-07 21:00:00,21,5,6,1,16.2,33.4,7.5,845.49,845.2,3185.66,1149.2879166666667
2025-06-07 22:00:00,22,5,6,1,12.97,23.7,7.5,890.66,845.49,3210.69,1051.7808333333335
2025-06-07 23:00:00,23,5,6,1,10.33,54.6,7.5,937.63,890.66,1882.66,955.1129166666668
2025-06-08 00:00:00,0,6,6,1,9.63,51.2,7.5,925.75,937.63,773.15,915.7366666666666
2025-06-08 01:00:00,1,6,6,1,7.86,47.3,7.5,831.05,925.75,769.33,922.0949999999999
2025-06-08 02:00:00,2,6,6,1,7.22,54.2,7.5,892.74,831.05,776.91,924.6666666666666
2025-06-08 03:00:00,3,6,6,1,7.13,37.8,7.5,929.16,892.74,913.54,929.4929166666666
2025-06-08 04:00:00,4,6,6,1,9.24,57.1,7.5,902.6,929.16,810.99,930.1437500000001
2025-06-08 05:00:00,5,6,6,1,12.52,48.4,7.5,850.73,902.6,964.38,933.9608333333334
2025-06-08 06:00:00,6,6,6,1,14.14,26.6,7.5,854.83,850.73,916.87,929.2254166666667
2025-06-08 07:00:00,7,6,6,1,18.32,51.9,9.8,839.87,854.83,917.03,926.6404166666666
2025-06-08 08:00:00,8,6,6,1,17.58,39.8,12.1,980.53,839.87,887.18,923.4254166666666
2025-06-08 09:00:00,9,6,6,1,21.8,57.1,14.0,895.63,980.53,762.53,927.315
2025-06-08 10:00:00,10,6,6,1,25.21,36.5,15.7,863.8,895.63,901.57,932.8608333333332
2025-06-08 11:00:00,11,6,6,1,30.14,54.3,17.0,1044.84,863.8,1040.08,931.2870833333333
2025-06-08 12:00:00,12,6,6,1,30.97,53.2,17.7,968.8,1044.84,986.52,931.4854166666668
2025-06-08 13:00:00,13,6,6,1,31.32,23.3,18.0,975.5,968.8,1045.66,930.7470833333333
2025-06-08 14:00:00,14,6,6,1,31.44,35.7,17.7,905.53,975.5,1044.11,927.82375
2025-06-08 15:00:00,15,6,6,1,33.41,30.1,17.0,980.87,905.53,1034.5,922.0495833333333
2025-06-08 16:00:00,16,6,6,1,29.94,53.4,15.7,944.25,980.87,984.05,919.8149999999999
2025-06-08 17:00:00,17,6,6,1,29.51,55.0,14.0,979.58,944.25,1006.29,918.1566666666666
2025-06-08 18:00:00,18,6,6,1,27.68,43.3,12.1,958.16,979.58,1068.59,917.0437499999999
2025-06-08 19:00:00,19,6,6,1,23.89,24.1,9.8,717.64,958.16,855.42,912.4425
2025-06-08 20:00:00,20,6,6,1,20.95,52.5,7.5,892.76,717.64,845.2,906.7016666666667
2025-06-08 21:00:00,21,6,6,1,17.78,36.0,7.5,824.95,892.76,845.49,908.6833333333334
2025-06-08 22:00:00,22,6,6,1,12.89,23.6,7.5,810.94,824.95,890.66,907.8274999999999
2025-06-08 23:00:00,23,6,6,1,13.28,34.3,7.5,945.4,810.94,937.63,904.5058333333333
2025-06-09 00:00:00,0,0,6,0,7.41,138.3,25.0,1948.54,945.4,925.75,904.8295833333333
2025-06-09 01:00:00,1,0,6,0,8.48,141.9,25.0,2012.97,1948.54,831.05,947.4458333333333
2025-06-09 02:00:00,2,0,6,0,6.96,147.6,25.0,2048.35,2012.97,892.74,996.6925
2025-06-09 03:00:00,3,0,6,0,8.45,143.7,25.0,1989.4,2048.35,929.16,1044.8429166666667
2025-06-09 04:00:00,4,0,6,0,9.15,120.8,25.0,1881.82,1989.4,902.6,1089.0195833333335
2025-06-09 05:00:00,5,0,6,0,10.86,163.7,25.0,1995.44,1881.82,850.73,1129.8204166666667
2025-06-09 06:00:00,6,0,6,0,13.82,174.4,25.0,2149.3,1995.44,854.83,1177.5166666666667
2025-06-09 07:00:00,7,0,6,0,14.54,138.8,32.8,1982.45,2149.3,839.87,1231.4529166666669
2025-06-09 08:00:00,8,0,6,0,19.81,284.2,40.2,3896.4,1982.45,980.53,1279.0604166666667
2025-06-09 09:00:00,9,0,6,0,25.37,319.3,46.8,4073.07,3896.4,895.63,1400.555
2025-06-09 10:00:00,10,0,6,0,28.3,298.3,52.4,3998.16,4073.07,863.8,1532.9483333333335
2025-06-09 11:00:00,11,0,6,0,27.25,351.1,56.5,4254.9,3998.16,1044.84,1663.5466666666669
2025-06-09 12:00:00,12,0,6,0,29.68,319.1,59.1,4208.5,4254.9,968.8,1797.2991666666667
2025-06-09 13:00:00,13,0,6,0,28.75,314.0,60.0,4151.39,4208.5,975.5,1932.2866666666666
2025-06-09 14:00:00,14,0,6,0,30.49,347.6,59.1,4418.1,4151.39,905.53,2064.6154166666665
2025-06-09 15:00:00,15,0,6,0,30.72,312.6,56.5,4188.82,4418.1,980.87,2210.9725000000003
2025-06-09 16:00:00,16,0,6,0,32.27,351.4,52.4,4420.67,4188.82,944.25,2344.6370833333335
2025-06-09 17:00:00,17,0,6,0,28.01,277.8,46.8,3479.91,4420.67,979.58,2489.4879166666665
2025-06-09 18:00:00,18,0,6,0,26.2,259.0,40.2,3392.54,3479.91,958.16,2593.6683333333335
2025-06-09 19:00:00,19,0,6,0,24.3,248.1,32.8,3318.25,3392.54,717.64,2695.1008333333334
2025-06-09 20:00:00,20,0,6,0,22.24,261.5,25.0,3308.4,3318.25,892.76,2803.4595833333333
2025-06-09 21:00:00,21,0,6,0,19.89,261.4,25.0,3283.16,3308.4,824.95,2904.1112500000004
2025-06-09 22:00:00,22,0,6,0,17.09,246.0,25.0,3275.98,3283.16,810.94,3006.5366666666664
2025-06-09 23:00:00,23,0,6,0,9.64,178.0,25.0,2043.17,3275.98,945.4,3109.2466666666674
2025-06-10 00:00:00,0,1,6,0,10.54,124.1,25.0,1847.48,2043.17,1948.54,3154.9870833333334
2025-06-10 01:00:00,1,1,6,0,10.0,158.1,25.0,2037.31,1847.48,2012.97,3150.7762500000003
2025-06-10 02:00:00,2,1,6,0,8.85,141.1,25.0,1962.2,2037.31,2048.35,3151.7904166666667
2025-06-10 03:00:00,3,1,6,0,8.02,170.3,25.0,2064.81,1962.2,1989.4,3148.200833333333
2025-06-10 04:00:00,4,1,6,0,6.53,178.1,25.0,2159.23,2064.81,1881.82,3151.342916666667
2025-06-10 05:00:00,5,1,6,0,8.66,172.2,25.0,2072.67,2159.23,1995.44,3162.9016666666666
2025-06-10 06:00:00,6,1,6,0,14.3,175.9,25.0,2117.41,2072.67,2149.3,3166.119583333333
2025-06-10 07:00:00,7,1,6,0,16.04,145.9,32.8,2017.33,2117.41,1982.45,3164.790833333334
2025-06-10 08:00:00,8,1,6,0,19.93,325.9,40.2,4183.7,2017.33,3896.4,3166.244166666667
2025-06-10 09:00:00,9,1,6,0,22.15,283.2,46.8,3978.96,4183.7,4073.07,3178.215
2025-06-10 10:00:00,10,1,6,0,24.54,330.5,52.4,4112.31,3978.96,3998.16,3174.2937499999994
2025-06-10 11:00:00,11,1,6,0,28.63,290.3,56.5,4075.68,4112.31,4254.9,3179.0500000000006
2025-06-10 12:00:00,12,1,6,0,25.21,339.3,59.1,4187.6,4075.68,4208.5,3171.5825
2025-06-10 13:00:00,13,1,6,0,29.23,288.8,60.0,4088.34,4187.6,4151.39,3170.7116666666666
2025-06-10 14:00:00,14,1,6,0,31.41,358.2,59.1,4434.4,4088.34,4418.1,3168.0845833333333
2025-06-10 15:00:00,15,1,6,0,31.03,292.1,56.5,4129.24,4434.4,4188.82,3168.76375
2025-06-10 16:00:00,16,1,6,0,30.82,295.1,52.4,4059.89,4129.24,4420.67,3166.28125
2025-06-10 17:00:00,17,1,6,0,27.64,273.0,46.8,3371.56,4059.89,3479.91,3151.24875
2025-06-10 18:00:00,18,1,6,0,24.79,247.2,40.2,3265.82,3371.56,3392.54,3146.7341666666666
2025-06-10 19:00:00,19,1,6,0,22.28,227.6,32.8,3118.1,3265.82,3318.25,3141.454166666667
2025-06-10 20:00:00,20,1,6,0,20.37,237.2,25.0,3177.05,3118.1,3308.4,3133.1145833333335
2025-06-10 21:00:00,21,1,6,0,15.65,273.1,25.0,3344.5,3177.05,3283.16,3127.6416666666664
2025-06-10 22:00:00,22,1,6,0,13.46,282.8,25.0,3370.2,3344.5,3275.98,3130.1975
2025-06-10 23:00:00,23,1,6,0,10.94,171.0,25.0,2080.41,3370.2,2043.17,3134.123333333333
2025-06-11 00:00:00,0,2,6,0,8.55,156.0,25.0,2044.8,2080.41,1847.48,3135.6749999999997
2025-06-11 01:00:00,1,2,6,0,7.11,132.3,25.0,1973.99,2044.8,2037.31,3143.896666666667
2025-06-11 02:00:00,2,2,6,0,6.59,115.5,25.0,1841.25,1973.99,1962.2,3141.258333333333
2025-06-11 03:00:00,3,2,6,0,8.89,126.4,25.0,1861.19,1841.25,2064.81,3136.21875
2025-06-11 04:00:00,4,2,6,0,8.92,133.0,25.0,1966.07,1861.19,2159.23,3127.7345833333334
2025-06-11 05:00:00,5,2,6,0,11.5,142.5,25.0,1966.82,1966.07,2072.67,3119.68625
2025-06-11 06:00:00,6,2,6,0,12.69,113.9,25.0,1871.92,1966.82,2117.41,3115.275833333333
2025-06-11 07:00:00,7,2,6,0,15.83,151.5,32.8,2042.37,1871.92,2017.33,3105.047083333333
2025-06-11 08:00:00,8,2,6,0,20.85,325.5,40.2,4146.64,2042.37,4183.7,3106.0904166666664
2025-06-11 09:00:00,9,2,6,0,25.23,344.2,46.8,4122.6,4146.64,3978.96,3104.54625
2025-06-11 10:00:00,10,2,6,0,24.54,343.3,52.4,4153.84,4122.6,4112.31,3110.53125
2025-06-11 11:00:00,11,2,6,0,27.76,297.8,56.5,4090.29,4153.84,4075.68,3112.261666666667
2025-06-11 12:00:00,12,2,6,0,28.78,339.3,59.1,4293.01,4090.29,4187.6,3112.8704166666666
2025-06-11 13:00:00,13,2,6,0,33.56,300.2,60.0,4222.13,4293.01,4088.34,3117.2624999999994
2025-06-11 14:00:00,14,2,6,0,33.26,350.1,59.1,4384.57,4222.13,4434.4,3122.8370833333333
2025-06-11 15:00:00,15,2,6,0,31.55,344.7,56.5,4349.23,4384.57,4129.24,3120.7608333333337
2025-06-11 16:00:00,16,2,6,0,29.98,343.9,52.4,4250.5,4349.23,4059.89,3129.9270833333335
2025-06-11 17:00:00,17,2,6,0,27.47,231.7,46.8,3206.13,4250.5,3371.56,3137.869166666667
2025-06-11 18:00:00,18,2,6,0,26.5,274.5,40.2,3313.46,3206.13,3265.82,3130.97625
2025-06-11 19:00:00,19,2,6,0,22.98,230.3,32.8,3078.56,3313.46,3118.1,3132.96125
2025-06-11 20:00:00,20,2,6,0,19.9,262.2,25.0,3272.93,3078.56,3177.05,3131.31375
2025-06-11 21:00:00,21,2,6,0,16.78,229.8,25.0,3168.6,3272.93,3344.5,3135.30875
2025-06-11 22:00:00,22,2,6,0,13.91,257.9,25.0,3187.07,3168.6,3370.2,3127.9795833333333
2025-06-11 23:00:00,23,2,6,0,11.46,115.2,25.0,1854.0,3187.07,2080.41,3120.349166666667
2025-06-12 00:00:00,0,3,6,0,10.23,137.9,25.0,1928.14,1854.0,2044.8,3110.9154166666667
2025-06-12 01:00:00,1,3,6,0,10.85,179.5,25.0,2060.84,1928.14,1973.99,3106.054583333333
2025-06-12 02:00:00,2,3,6,0,7.79,177.4,25.0,2171.07,2060.84,1841.25,3109.6733333333336
2025-06-12 03:00:00,3,3,6,0,8.46,161.6,25.0,2005.27,2171.07,1861.19,3123.415833333334
2025-06-12 04:00:00,4,3,6,0,9.22,129.5,25.0,1879.03,2005.27,1966.07,3129.4191666666666
2025-06-12 05:00:00,5,3,6,0,10.9,119.2,25.0,1976.14,1879.03,1966.82,3125.7925
2025-06-12 06:00:00,6,3,6,0,14.37,147.2,25.0,2001.21,1976.14,1871.92,3126.180833333334
2025-06-12 07:00:00,7,3,6,0,17.92,116.7,32.8,1865.68,2001.21,2042.37,3131.567916666667
2025-06-12 08:00:00,8,3,6,0,20.1,285.8,40.2,4013.77,1865.68,4146.64,3124.2058333333334
2025-06-12 09:00:00,9,3,6,0,21.43,312.7,46.8,4020.96,4013.77,4122.6,3118.669583333333
2025-06-12 10:00:00,10,3,6,0,26.51,304.5,52.4,4108.74,4020.96,4153.84,3114.4345833333336
2025-06-12 11:00:00,11,3,6,0,27.52,333.6,56.5,4246.61,4108.74,4090.29,3112.555416666666
2025-06-12 12:00:00,12,3,6,0,32.62,329.4,59.1,4277.56,4246.61,4293.01,3119.06875
2025-06-12 13:00:00,13,3,6,0,32.86,304.7,60.0,4211.66,4277.56,4222.13,3118.4250000000006
2025-06-12 14:00:00,14,3,6,0,32.04,312.2,59.1,4177.08,4211.66,4384.57,3117.98875
2025-06-12 15:00:00,15,3,6,0,32.12,307.7,56.5,4201.26,4177.08,4349.23,3109.343333333333
2025-06-12 16:00:00,16,3,6,0,33.54,318.8,52.4,4242.64,4201.26,4250.5,3103.177916666667
2025-06-12 17:00:00,17,3,6,0,28.92,218.3,46.8,3190.35,4242.64,3206.13,3102.8504166666667
2025-06-12 18:00:00,18,3,6,0,27.64,263.6,40.2,3381.2,3190.35,3313.46,3102.1929166666664
2025-06-12 19:00:00,19,3,6,0,23.67,277.2,32.8,3325.13,3381.2,3078.56,3105.0154166666666
2025-06-12 20:00:00,20,3,6,0,21.2,254.2,25.0,3319.45,3325.13,3272.93,3115.289166666667
2025-06-12 21:00:00,21,3,6,0,18.02,219.8,25.0,3088.85,3319.45,3168.6,3117.2274999999995
2025-06-12 22:00:00,22,3,6,0,14.09,259.5,25.0,3322.2,3088.85,3187.07,3113.9045833333334
2025-06-12 23:00:00,23,3,6,0,10.91,136.4,25.0,1982.45,3322.2,1854.0,3119.535
2025-06-13 00:00:00,0,4,6,0,9.97,169.4,25.0,2035.47,1982.45,1928.14,3124.887083333333
2025-06-13 01:00:00,1,4,6,0,10.91,172.2,25.0,2086.19,2035.47,2060.84,3129.3591666666666
2025-06-13 02:00:00,2,4,6,0,8.43,166.3,25.0,2079.24,2086.19,2171.07,3130.4154166666667
2025-06-13 03:00:00,3,4,6,0,7.52,141.3,25.0,1957.84,2079.24,2005.27,3126.5891666666666
2025-06-13 04:00:00,4,4,6,0,6.98,149.1,25.0,2057.21,1957.84,1879.03,3124.612916666667
2025-06-13 05:00:00,5,4,6,0,9.75,172.6,25.0,2115.34,2057.21,1976.14,3132.0370833333327
2025-06-13 06:00:00,6,4,6,0,13.39,157.5,25.0,2106.32,2115.34,2001.21,3137.8370833333333
2025-06-13 07:00:00,7,4,6,0,16.19,170.3,32.8,2054.03,2106.32,1865.68,3142.2166666666667
2025-06-13 08:00:00,8,4,6,0,19.0,287.5,40.2,3939.08,2054.03,4013.77,3150.064583333333
2025-06-13 09:00:00,9,4,6,0,22.91,353.4,46.8,4188.01,3939.08,4020.96,3146.9525
2025-06-13 10:00:00,10,4,6,0,25.31,322.6,52.4,4139.65,4188.01,4108.74,3153.9129166666667
2025-06-13 11:00:00,11,4,6,0,26.49,312.2,56.5,4169.82,4139.65,4246.61,3155.200833333334
2025-06-13 12:00:00,12,4,6,0,31.44,301.9,59.1,4166.75,4169.82,4277.56,3152.00125
2025-06-13 13:00:00,13,4,6,0,32.74,282.8,60.0,4153.39,4166.75,4211.66,3147.3841666666667
2025-06-13 14:00:00,14,4,6,0,29.84,357.1,59.1,4346.57,4153.39,4177.08,3144.9562500000006
2025-06-13 15:00:00,15,4,6,0,32.14,323.6,56.5,4267.27,4346.57,4201.26,3152.0183333333334
2025-06-13 16:00:00,16,4,6,0,31.01,343.2,52.4,4253.31,4267.27,4242.64,3154.7687499999997
2025-06-13 17:00:00,17,4,6,0,27.17,236.6,46.8,3191.68,4253.31,3190.35,3155.213333333333
2025-06-13 18:00:00,18,4,6,0,25.05,286.8,40.2,3372.5,3191.68,3381.2,3155.2687499999997
2025-06-13 19:00:00,19,4,6,0,23.35,218.2,32.8,3075.83,3372.5,3325.13,3154.90625
2025-06-13 20:00:00,20,4,6,0,21.41,225.1,25.0,3119.32,3075.83,3319.45,3144.5187499999997
2025-06-13 21:00:00,21,4,6,0,16.89,243.9,25.0,3245.67,3119.32,3088.85,3136.1800000000003
2025-06-13 22:00:00,22,4,6,0,13.74,241.9,25.0,3203.88,3245.67,3322.2,3142.7141666666666
2025-06-13 23:00:00,23,4,6,0,11.23,116.3,25.0,1979.5,3203.88,1982.45,3137.784166666667
2025-06-14 00:00:00,0,5,6,1,9.31,51.6,7.5,949.65,1979.5,2035.47,3137.6612500000006
2025-06-14 01:00:00,1,5,6,1,8.99,43.9,7.5,886.68,949.65,2086.19,3092.4187500000003
2025-06-14 02:00:00,2,5,6,1,7.69,53.2,7.5,938.16,886.68,2079.24,3042.439166666667
2025-06-14 03:00:00,3,5,6,1,7.15,50.9,7.5,883.0,938.16,1957.84,2994.8941666666665
2025-06-14 04:00:00,4,5,6,1,10.07,57.8,7.5,924.27,883.0,2057.21,2950.1091666666666
2025-06-14 05:00:00,5,5,6,1,9.74,31.0,7.5,809.92,924.27,2115.34,2902.9033333333336
2025-06-14 06:00:00,6,5,6,1,15.96,43.4,7.5,828.17,809.92,2106.32,2848.5108333333333
2025-06-14 07:00:00,7,5,6,1,18.8,20.6,9.8,783.66,828.17,2054.03,2795.2545833333334
2025-06-14 08:00:00,8,5,6,1,20.67,55.5,12.1,862.32,783.66,3939.08,2742.3225
2025-06-14 09:00:00,9,5,6,1,22.06,50.7,14.0,839.94,862.32,4188.01,2614.1241666666665
2025-06-14 10:00:00,10,5,6,1,26.57,41.0,15.7,875.37,839.94,4139.65,2474.62125
2025-06-14 11:00:00,11,5,6,1,27.66,22.9,17.0,825.38,875.37,4169.82,2338.6095833333334
2025-06-14 12:00:00,12,5,6,1,32.73,23.1,17.7,918.03,825.38,4166.75,2199.257916666667
2025-06-14 13:00:00,13,5,6,1,32.4,43.5,18.0,1017.35,918.03,4153.39,2063.8945833333332
2025-06-14 14:00:00,14,5,6,1,31.47,39.7,17.7,1059.74,1017.35,4346.57,1933.22625
2025-06-14 15:00:00,15,5,6,1,27.17,59.4,17.0,1074.96,1059.74,4267.27,1796.2749999999999
2025-06-14 16:00:00,16,5,6,1,31.96,50.2,15.7,1026.48,1074.96,4253.31,1663.2620833333333
2025-06-14 17:00:00,17,5,6,1,26.52,28.4,14.0,881.83,1026.48,3191.68,1528.8108333333332
2025-06-14 18:00:00,18,5,6,1,27.83,33.9,12.1,996.01,881.83,3372.5,1432.5670833333334
2025-06-14 19:00:00,19,5,6,1,24.12,24.8,9.8,732.21,996.01,3075.83,1333.5466666666666
2025-06-14 20:00:00,20,5,6,1,19.1,27.5,7.5,799.76,732.21,3119.32,1235.8958333333333
2025-06-14 21:00:00,21,5,6,1,15.62,38.2,7.5,908.63,799.76,3245.67,1139.2475000000002
2025-06-14 22:00:00,22,5,6,1,14.88,20.8,7.5,801.4,908.63,3203.88,1041.8708333333334
2025-06-14 23:00:00,23,5,6,1,12.18,35.7,7.5,852.1,801.4,1979.5,941.7674999999999
2025-06-15 00:00:00,0,6,6,1,10.34,47.8,7.5,978.27,852.1,949.65,894.7925
2025-06-15 01:00:00,1,6,6,1,9.39,59.0,7.5,958.28,978.27,886.68,895.985
2025-06-15 02:00:00,2,6,6,1,6.64,48.0,7.5,947.98,958.28,938.16,898.9683333333334
2025-06-15 03:00:00,3,6,6,1,7.36,32.1,7.5,886.06,947.98,883.0,899.3775
2025-06-15 04:00:00,4,6,6,1,10.69,42.5,7.5,855.78,886.06,924.27,899.5050000000001
2025-06-15 05:00:00,5,6,6,1,12.06,24.4,7.5,865.12,855.78,809.92,896.65125
2025-06-15 06:00:00,6,6,6,1,11.34,27.5,7.5,839.82,865.12,828.17,898.95125
2025-06-15 07:00:00,7,6,6,1,16.09,32.9,9.8,836.94,839.82,783.66,899.4366666666666
2025-06-15 08:00:00,8,6,6,1,20.09,59.4,12.1,938.1,836.94,862.32,901.6566666666668
2025-06-15 09:00:00,9,6,6,1,21.12,34.8,14.0,913.0,938.1,839.94,904.8141666666667
2025-06-15 10:00:00,10,6,6,1,27.38,47.0,15.7,1009.01,913.0,875.37,907.8583333333332
2025-06-15 11:00:00,11,6,6,1,26.57,24.6,17.0,900.56,1009.01,825.38,913.4266666666666
2025-06-15 12:00:00,12,6,6,1,28.11,21.2,17.7,786.49,900.56,918.03,916.5591666666666
2025-06-15 13:00:00,13,6,6,1,30.03,38.7,18.0,1025.69,786.49,1017.35,911.0783333333334
2025-06-15 14:00:00,14,6,6,1,32.25,32.6,17.7,974.69,1025.69,1059.74,911.4258333333333
2025-06-15 15:00:00,15,6,6,1,33.58,42.7,17.0,1010.97,974.69,1074.96,907.8820833333333
2025-06-15 16:00:00,16,6,6,1,32.1,41.5,15.7,884.12,1010.97,1026.48,905.2158333333333
2025-06-15 17:00:00,17,6,6,1,26.58,45.5,14.0,982.5,884.12,881.83,899.2841666666667
2025-06-15 18:00:00,18,6,6,1,26.62,25.6,12.1,818.87,982.5,996.01,903.4787499999999
2025-06-15 19:00:00,19,6,6,1,21.33,54.9,9.8,914.06,818.87,732.21,896.0979166666667
2025-06-15 20:00:00,20,6,6,1,21.53,50.3,7.5,924.63,914.06,799.76,903.6750000000001
2025-06-15 21:00:00,21,6,6,1,16.35,20.6,7.5,806.38,924.63,908.63,908.8779166666667
2025-06-15 22:00:00,22,6,6,1,11.09,39.9,7.5,858.86,806.38,801.4,904.6175
2025-06-15 23:00:00,23,6,6,1,10.82,54.8,7.5,881.44,858.86,852.1,907.0116666666668
2025-06-16 00:00:00,0,0,6,0,9.06,164.2,25.0,2098.41,881.44,978.27,908.2341666666666
2025-06-16 01:00:00,1,0,6,0,8.17,151.0,25.0,2001.37,2098.41,958.28,954.9066666666666
2025-06-16 02:00:00,2,0,6,0,9.14,116.6,25.0,1866.26,2001.37,947.98,998.36875
2025-06-16 03:00:00,3,0,6,0,5.54,134.3,25.0,2030.32,1866.26,886.06,1036.6304166666666
2025-06-16 04:00:00,4,0,6,0,7.86,142.1,25.0,2063.63,2030.32,855.78,1084.3079166666666
2025-06-16 05:00:00,5,0,6,0,13.56,114.3,25.0,1872.17,2063.63,865.12,1134.635
2025-06-16 06:00:00,6,0,6,0,15.17,116.9,25.0,1925.85,1872.17,839.82,1176.5954166666668
2025-06-16 07:00:00,7,0,6,0,18.39,149.6,32.8,2004.63,1925.85,836.94,1221.8466666666666
2025-06-16 08:00:00,8,0,6,0,20.75,341.3,40.2,4199.36,2004.63,938.1,1270.5004166666665
2025-06-16 09:00:00,9,0,6,0,24.76,331.4,46.8,4147.39,4199.36,913.0,1406.3862499999998
2025-06-16 10:00:00,10,0,6,0,25.57,354.1,52.4,4296.89,4147.39,1009.01,1541.1525000000001
2025-06-16 11:00:00,11,0,6,0,28.37,289.5,56.5,3984.11,4296.89,900.56,1678.1475
2025-06-16 12:00:00,12,0,6,0,30.34,336.1,59.1,4284.16,3984.11,786.49,1806.62875
2025-06-16 13:00:00,13,0,6,0,35.66,321.5,60.0,4379.05,4284.16,1025.69,1952.365
2025-06-16 14:00:00,14,0,6,0,30.58,321.4,59.1,4249.4,4379.05,974.69,2092.0883333333336
2025-06-16 15:00:00,15,0,6,0,31.45,351.6,56.5,4358.25,4249.4,1010.97,2228.534583333333
2025-06-16 16:00:00,16,0,6,0,31.09,320.8,52.4,4204.45,4358.25,884.12,2368.004583333333
2025-06-16 17:00:00,17,0,6,0,28.16,281.1,46.8,3474.19,4204.45,982.5,2506.351666666667
2025-06-16 18:00:00,18,0,6,0,25.32,270.7,40.2,3401.42,3474.19,818.87,2610.1720833333334
2025-06-16 19:00:00,19,0,6,0,25.05,289.6,32.8,3396.01,3401.42,914.06,2717.778333333333
2025-06-16 20:00:00,20,0,6,0,19.63,275.4,25.0,3349.01,3396.01,924.63,2821.192916666667
2025-06-16 21:00:00,21,0,6,0,18.75,286.0,25.0,3355.14,3349.01,806.38,2922.20875
2025-06-16 22:00:00,22,0,6,0,14.8,247.9,25.0,3256.5,3355.14,858.86,3028.4070833333335
2025-06-16 23:00:00,23,0,6,0,11.06,124.7,25.0,1941.63,3256.5,881.44,3128.30875
2025-06-17 00:00:00,0,1,6,0,7.78,145.0,25.0,1978.03,1941.63,2098.41,3172.4833333333336
2025-06-17 01:00:00,1,1,6,0,7.58,135.1,25.0,1927.45,1978.03,2001.37,3167.4675
2025-06-17 02:00:00,2,1,6,0,10.16,123.1,25.0,1905.37,1927.45,1866.26,3164.3875000000003
2025-06-17 03:00:00,3,1,6,0,8.83,149.8,25.0,2045.75,1905.37,2030.32,3166.0170833333327
2025-06-17 04:00:00,4,1,6,0,8.72,158.3,25.0,2129.64,2045.75,2063.63,3166.66
2025-06-17 05:00:00,5,1,6,0,10.44,158.3,25.0,2076.62,2129.64,1872.17,3169.410416666666
2025-06-17 06:00:00,6,1,6,0,15.07,163.8,25.0,2088.45,2076.62,1925.85,3177.929166666667
2025-06-17 07:00:00,7,1,6,0,19.73,110.3,32.8,1859.7,2088.45,2004.63,3184.7041666666664
2025-06-17 08:00:00,8,1,6,0,19.01,292.4,40.2,4001.95,1859.7,4199.36,3178.6654166666667
2025-06-17 09:00:00,9,1,6,0,26.31,294.5,46.8,4025.54,4001.95,4147.39,3170.44
2025-06-17 10:00:00,10,1,6,0,25.21,291.7,52.4,3985.06,4025.54,4296.89,3165.362916666667
2025-06-17 11:00:00,11,1,6,0,27.7,299.1,56.5,4021.7,3985.06,3984.11,3152.3700000000003
2025-06-17 12:00:00,12,1,6,0,32.6,332.3,59.1,4282.7,4021.7,4284.16,3153.93625
2025-06-17 13:00:00,13,1,6,0,33.36,337.5,60.0,4413.62,4282.7,4379.05,3153.8754166666663
2025-06-17 14:00:00,14,1,6,0,31.68,359.0,59.1,4424.3,4413.62,4249.4,3155.3158333333336
2025-06-17 15:00:00,15,1,6,0,30.39,309.7,56.5,4150.76,4424.3,4358.25,3162.603333333333
2025-06-17 16:00:00,16,1,6,0,29.21,291.0,52.4,4032.15,4150.76,4204.45,3153.9579166666667
2025-06-17 17:00:00,17,1,6,0,28.81,286.9,46.8,3458.56,4032.15,3474.19,3146.77875
2025-06-17 18:00:00,18,1,6,0,23.06,239.8,40.2,3169.9,3458.56,3401.42,3146.1275
2025-06-17 19:00:00,19,1,6,0,22.74,224.6,32.8,3082.76,3169.9,3396.01,3136.4808333333335
2025-06-17 20:00:00,20,1,6,0,18.63,224.9,25.0,3119.6,3082.76,3349.01,3123.4287499999996
2025-06-17 21:00:00,21,1,6,0,15.62,246.5,25.0,3157.89,3119.6,3355.14,3113.8700000000003
2025-06-17 22:00:00,22,1,6,0,14.45,217.5,25.0,3104.66,3157.89,3256.5,3105.6512500000003
2025-06-17 23:00:00,23,1,6,0,12.87,133.0,25.0,1963.73,3104.66,1941.63,3099.324583333333
2025-06-18 00:00:00,0,2,6,0,10.02,115.3,25.0,1877.19,1963.73,1978.03,3100.2454166666666
2025-06-18 01:00:00,1,2,6,0,8.98,163.9,25.0,2093.8,1877.19,1927.45,3096.0437500000003
2025-06-18 02:00:00,2,2,6,0,9.21,163.2,25.0,2062.27,2093.8,1905.37,3102.975
2025-06-18 03:00:00,3,2,6,0,9.1,167.8,25.0,2118.57,2062.27,2045.75,3109.5125000000003
2025-06-18 04:00:00,4,2,6,0,7.1,131.3,25.0,1971.07,2118.57,2129.64,3112.546666666667
2025-06-18 05:00:00,5,2,6,0,12.04,120.4,25.0,1913.06,1971.07,2076.62,3105.9395833333333
2025-06-18 06:00:00,6,2,6,0,12.04,167.0,25.0,2138.38,1913.06,2088.45,3099.124583333333
2025-06-18 07:00:00,7,2,6,0,17.24,131.3,32.8,1906.29,2138.38,1859.7,3101.205
2025-06-18 08:00:00,8,2,6,0,21.18,320.3,40.2,4099.46,1906.29,4001.95,3103.14625
2025-06-18 09:00:00,9,2,6,0,22.99,282.5,46.8,3930.41,4099.46,4025.54,3107.209166666667
2025-06-18 10:00:00,10,2,6,0,26.22,285.0,52.4,4069.16,3930.41,3985.06,3103.2454166666666
2025-06-18 11:00:00,11,2,6,0,28.65,282.3,56.5,4016.03,4069.16,4021.7,3106.749583333333
2025-06-18 12:00:00,12,2,6,0,33.05,344.5,59.1,4261.16,4016.03,4282.7,3106.513333333334
2025-06-18 13:00:00,13,2,6,0,29.58,344.0,60.0,4311.81,4261.16,4413.62,3105.6158333333333
2025-06-18 14:00:00,14,2,6,0,34.08,329.0,59.1,4346.14,4311.81,4424.3,3101.37375
2025-06-18 15:00:00,15,2,6,0,31.67,329.7,56.5,4299.09,4346.14,4150.76,3098.117083333334
2025-06-18 16:00:00,16,2,6,0,30.03,333.8,52.4,4220.29,4299.09,4032.15,3104.2975
2025-06-18 17:00:00,17,2,6,0,27.19,271.6,46.8,3373.75,4220.29,3458.56,3112.1366666666668
2025-06-18 18:00:00,18,2,6,0,28.0,289.7,40.2,3412.72,3373.75,3169.9,3108.6029166666667
2025-06-18 19:00:00,19,2,6,0,21.17,245.4,32.8,3268.82,3412.72,3082.76,3118.7204166666666
2025-06-18 20:00:00,20,2,6,0,18.34,235.8,25.0,3165.41,3268.82,3119.6,3126.472916666667
2025-06-18 21:00:00,21,2,6,0,15.23,276.5,25.0,3255.0,3165.41,3157.89,3128.3816666666667
2025-06-18 22:00:00,22,2,6,0,18.66,281.5,25.0,3339.14,3255.0,3104.66,3132.427916666666
2025-06-18 23:00:00,23,2,6,0,12.23,177.0,25.0,2111.2,3339.14,1963.73,3142.1979166666674
2025-06-19 00:00:00,0,3,6,0,7.83,136.1,25.0,1934.61,2111.2,1877.19,3148.3425
2025-06-19 01:00:00,1,3,6,0,9.69,118.0,25.0,1922.49,1934.61,2093.8,3150.735
2025-06-19 02:00:00,2,3,6,0,6.9,177.8,25.0,2150.95,1922.49,2062.27,3143.5970833333336
2025-06-19 03:00:00,3,3,6,0,9.32,112.8,25.0,1856.06,2150.95,2118.57,3147.2920833333337
2025-06-19 04:00:00,4,3,6,0,10.07,151.0,25.0,2003.56,1856.06,1971.07,3136.3541666666665
2025-06-19 05:00:00,5,3,6,0,12.3,179.5,25.0,2014.75,2003.56,1913.06,3137.7079166666667
2025-06-19 06:00:00,6,3,6,0,13.58,174.0,25.0,2102.93,2014.75,2138.38,3141.945
2025-06-19 07:00:00,7,3,6,0,16.66,138.8,32.8,1935.33,2102.93,1906.29,3140.4679166666665
2025-06-19 08:00:00,8,3,6,0,19.32,283.2,40.2,3979.72,1935.33,4099.46,3141.677916666667
2025-06-19 09:00:00,9,3,6,0,23.68,306.3,46.8,4069.51,3979.72,3930.41,3136.68875
2025-06-19 10:00:00,10,3,6,0,26.28,297.5,52.4,4035.07,4069.51,4069.16,3142.484583333333
2025-06-19 11:00:00,11,3,6,0,28.01,311.3,56.5,4203.87,4035.07,4016.03,3141.064166666667
2025-06-19 12:00:00,12,3,6,0,32.82,307.7,59.1,4193.65,4203.87,4261.16,3148.890833333333
2025-06-19 13:00:00,13,3,6,0,31.64,352.2,60.0,4326.94,4193.65,4311.81,3146.077916666667
2025-06-19 14:00:00,14,3,6,0,33.52,282.6,59.1,4121.55,4326.94,4346.14,3146.7083333333326
2025-06-19 15:00:00,15,3,6,0,31.87,308.9,56.5,4222.99,4121.55,4299.09,3137.350416666666
2025-06-19 16:00:00,16,3,6,0,29.8,354.7,52.4,4343.91,4222.99,4220.29,3134.179583333333
2025-06-19 17:00:00,17,3,6,0,26.76,228.5,46.8,3181.21,4343.91,3373.75,3139.330416666667
2025-06-19 18:00:00,18,3,6,0,26.9,249.6,40.2,3278.9,3181.21,3412.72,3131.3079166666666
2025-06-19 19:00:00,19,3,6,0,22.7,244.7,32.8,3225.5,3278.9,3268.82,3125.732083333334
2025-06-19 20:00:00,20,3,6,0,18.34,249.7,25.0,3153.25,3225.5,3165.41,3123.9270833333335
2025-06-19 21:00:00,21,3,6,0,16.61,238.9,25.0,3245.12,3153.25,3255.0,3123.4204166666664
2025-06-19 22:00:00,22,3,6,0,16.32,251.9,25.0,3234.14,3245.12,3339.14,3123.0087499999995
2025-06-19 23:00:00,23,3,6,0,9.44,120.6,25.0,1924.9,3234.14,2111.2,3118.6337499999995
2025-06-20 00:00:00,0,4,6,0,7.82,170.7,25.0,2034.38,1924.9,1934.61,3110.8712499999997
2025-06-20 01:00:00,1,4,6,0,7.54,151.9,25.0,1978.62,2034.38,1922.49,3115.028333333333
2025-06-20 02:00:00,2,4,6,0,8.55,139.2,25.0,1871.05,1978.62,2150.95,3117.367083333333
2025-06-20 03:00:00,3,4,6,0,11.28,152.0,25.0,2054.81,1871.05,1856.06,3105.7045833333327
2025-06-20 04:00:00,4,4,6,0,10.13,131.5,25.0,1917.36,2054.81,2003.56,3113.9858333333327
2025-06-20 05:00:00,5,4,6,0,10.65,169.6,25.0,2016.36,1917.36,2014.75,3110.3941666666665
2025-06-20 06:00:00,6,4,6,0,17.11,144.9,25.0,2010.11,2016.36,2102.93,3110.46125
2025-06-20 07:00:00,7,4,6,0,16.53,112.9,32.8,1874.59,2010.11,1935.33,3106.59375
2025-06-20 08:00:00,8,4,6,0,19.72,317.5,40.2,4143.47,1874.59,3979.72,3104.0629166666663
2025-06-20 09:00:00,9,4,6,0,22.41,291.9,46.8,4053.4,4143.47,4069.51,3110.8858333333333
2025-06-20 10:00:00,10,4,6,0,26.08,294.7,52.4,4068.61,4053.4,4035.07,3110.214583333334
2025-06-20 11:00:00,11,4,6,0,26.57,348.2,56.5,4194.16,4068.61,4203.87,3111.6120833333334
2025-06-20 12:00:00,12,4,6,0,28.68,358.8,59.1,4330.9,4194.16,4193.65,3111.2075000000004
2025-06-20 13:00:00,13,4,6,0,30.7,297.6,60.0,4130.36,4330.9,4326.94,3116.92625
2025-06-20 14:00:00,14,4,6,0,34.12,317.0,59.1,4248.32,4130.36,4121.55,3108.735416666667
2025-06-20 15:00:00,15,4,6,0,30.37,308.4,56.5,4174.69,4248.32,4222.99,3114.0175
2025-06-20 16:00:00,16,4,6,0,29.23,338.7,52.4,4388.72,4174.69,4343.91,3112.0049999999997
2025-06-20 17:00:00,17,4,6,0,27.77,276.8,46.8,3369.87,4388.72,3181.21,3113.872083333333
2025-06-20 18:00:00,18,4,6,0,27.35,217.1,40.2,3130.84,3369.87,3278.9,3121.7329166666664
2025-06-20 19:00:00,19,4,6,0,23.99,278.2,32.8,3393.96,3130.84,3225.5,3115.56375
2025-06-20 20:00:00,20,4,6,0,18.79,251.1,25.0,3303.44,3393.96,3153.25,3122.5829166666663
2025-06-20 21:00:00,21,4,6,0,18.67,277.3,25.0,3381.53,3303.44,3245.12,3128.840833333333
2025-06-20 22:00:00,22,4,6,0,13.52,252.9,25.0,3263.3,3381.53,3234.14,3134.5245833333333
2025-06-20 23:00:00,23,4,6,0,11.45,136.7,25.0,2028.37,3263.3,1924.9,3135.7395833333335
2025-06-21 00:00:00,0,5,6,1,7.76,55.6,7.5,865.84,2028.37,2034.38,3140.0508333333332
2025-06-21 01:00:00,1,5,6,1,10.38,55.5,7.5,800.2,865.84,1978.62,3091.361666666666
2025-06-21 02:00:00,2,5,6,1,9.34,33.3,7.5,789.07,800.2,1871.05,3042.2608333333337
2025-06-21 03:00:00,3,5,6,1,8.84,24.8,7.5,831.95,789.07,2054.81,2997.1783333333333
2025-06-21 04:00:00,4,5,6,1,10.88,27.6,7.5,897.18,831.95,1917.36,2946.2258333333334
2025-06-21 05:00:00,5,5,6,1,10.57,27.4,7.5,753.38,897.18,2016.36,2903.7183333333337
2025-06-21 06:00:00,6,5,6,1,14.76,48.0,7.5,1000.53,753.38,2010.11,2851.094166666667
2025-06-21 07:00:00,7,5,6,1,17.83,50.7,9.8,974.44,1000.53,1874.59,2809.0283333333336
2025-06-21 08:00:00,8,5,6,1,21.18,51.5,12.1,900.21,974.44,4143.47,2771.5220833333333
2025-06-21 09:00:00,9,5,6,1,23.38,44.6,14.0,947.8,900.21,4053.4,2636.38625
2025-06-21 10:00:00,10,5,6,1,22.75,28.7,15.7,861.33,947.8,4068.61,2506.98625
2025-06-21 11:00:00,11,5,6,1,30.36,47.9,17.0,1012.53,861.33,4194.16,2373.349583333333
2025-06-21 12:00:00,12,5,6,1,28.82,47.1,17.7,1016.61,1012.53,4330.9,2240.7816666666668
2025-06-21 13:00:00,13,5,6,1,32.24,59.4,18.0,1116.74,1016.61,4130.36,2102.68625
2025-06-21 14:00:00,14,5,6,1,30.32,33.2,17.7,964.94,1116.74,4248.32,1977.1187499999999
2025-06-21 15:00:00,15,5,6,1,31.85,41.5,17.0,967.68,964.94,4174.69,1840.31125
2025-06-21 16:00:00,16,5,6,1,30.34,45.9,15.7,897.99,967.68,4388.72,1706.6858333333332
2025-06-21 17:00:00,17,5,6,1,28.76,55.0,14.0,1003.67,897.99,3369.87,1561.2387500000002
2025-06-21 18:00:00,18,5,6,1,25.23,26.8,12.1,908.38,1003.67,3130.84,1462.6470833333333
2025-06-21 19:00:00,19,5,6,1,22.48,54.9,9.8,929.6,908.38,3393.96,1370.0445833333333
2025-06-21 20:00:00,20,5,6,1,20.31,48.7,7.5,892.52,929.6,3303.44,1267.3629166666667
2025-06-21 21:00:00,21,5,6,1,18.72,26.7,7.5,789.18,892.52,3381.53,1166.9079166666668
2025-06-21 22:00:00,22,5,6,1,15.64,58.2,7.5,921.78,789.18,3263.3,1058.8933333333334
2025-06-21 23:00:00,23,5,6,1,12.35,27.6,7.5,873.75,921.78,2028.37,961.3299999999999
2025-06-22 00:00:00,0,6,6,1,8.49,27.7,7.5,807.28,873.75,865.84,913.2208333333333
2025-06-22 01:00:00,1,6,6,1,9.26,35.3,7.5,801.93,807.28,800.2,910.7808333333334
2025-06-22 02:00:00,2,6,6,1,8.04,59.8,7.5,934.23,801.93,789.07,910.8529166666666
2025-06-22 03:00:00,3,6,6,1,8.43,42.9,7.5,922.23,934.23,831.95,916.90125
2025-06-22 04:00:00,4,6,6,1,7.0,41.7,7.5,869.06,922.23,897.18,920.6629166666667
2025-06-22 05:00:00,5,6,6,1,10.63,22.2,7.5,799.09,869.06,753.38,919.4912499999999
2025-06-22 06:00:00,6,6,6,1,14.5,42.0,7.5,793.78,799.09,1000.53,921.3958333333334
2025-06-22 07:00:00,7,6,6,1,16.08,25.4,9.8,767.91,793.78,974.44,912.78125
2025-06-22 08:00:00,8,6,6,1,19.6,44.5,12.1,856.28,767.91,900.21,904.1758333333333
2025-06-22 09:00:00,9,6,6,1,24.1,30.0,14.0,953.09,856.28,947.8,902.3454166666667
2025-06-22 10:00:00,10,6,6,1,26.69,57.2,15.7,1074.08,953.09,861.33,902.5658333333334
2025-06-22 11:00:00,11,6,6,1,27.96,20.7,17.0,910.75,1074.08,1012.53,911.4304166666666
2025-06-22 12:00:00,12,6,6,1,32.31,55.6,17.7,1098.61,910.75,1016.61,907.1895833333333
2025-06-22 13:00:00,13,6,6,1,31.34,37.1,18.0,949.41,1098.61,1116.74,910.6062499999999
2025-06-22 14:00:00,14,6,6,1,30.58,38.3,17.7,989.4,949.41,964.94,903.6341666666666
2025-06-22 15:00:00,15,6,6,1,30.48,59.7,17.0,1035.17,989.4,967.68,904.6533333333333
2025-06-22 16:00:00,16,6,6,1,26.82,41.1,15.7,993.09,1035.17,897.99,907.4654166666666
2025-06-22 17:00:00,17,6,6,1,32.12,50.9,14.0,1076.15,993.09,1003.67,911.4279166666665
2025-06-22 18:00:00,18,6,6,1,26.09,48.9,12.1,925.71,1076.15,908.38,914.4479166666666
2025-06-22 19:00:00,19,6,6,1,23.03,55.4,9.8,919.07,925.71,929.6,915.17
2025-06-22 20:00:00,20,6,6,1,19.12,57.0,7.5,842.38,919.07,892.52,914.7312499999999
2025-06-22 21:00:00,21,6,6,1,19.16,59.3,7.5,811.69,842.38,789.18,912.6420833333333
2025-06-22 22:00:00,22,6,6,1,12.67,53.4,7.5,963.67,811.69,921.78,913.5799999999999
2025-06-22 23:00:00,23,6,6,1,13.24,20.7,7.5,795.65,963.67,873.75,915.3254166666667
2025-06-23 00:00:00,0,0,6,0,7.42,172.7,25.0,2190.96,795.65,807.28,912.07125
2025-06-23 01:00:00,1,0,6,0,8.81,164.2,25.0,2139.65,2190.96,801.93,969.7245833333333
2025-06-23 02:00:00,2,0,6,0,7.88,116.1,25.0,1916.42,2139.65,934.23,1025.4629166666666
2025-06-23 03:00:00,3,0,6,0,10.61,135.4,25.0,2003.81,1916.42,922.23,1066.3875
2025-06-23 04:00:00,4,0,6,0,8.85,124.7,25.0,1950.71,2003.81,869.06,1111.4533333333331
2025-06-23 05:00:00,5,0,6,0,13.84,123.1,25.0,1879.38,1950.71,799.09,1156.5220833333335
2025-06-23 06:00:00,6,0,6,0,11.36,177.6,25.0,2136.6,1879.38,793.78,1201.5341666666666
2025-06-23 07:00:00,7,0,6,0,16.75,168.0,32.8,2002.51,2136.6,767.91,1257.485
2025-06-23 08:00:00,8,0,6,0,20.76,320.1,40.2,4030.79,2002.51,856.28,1308.9266666666665
2025-06-23 09:00:00,9,0,6,0,20.01,315.5,46.8,4042.75,4030.79,953.09,1441.1979166666667
2025-06-23 10:00:00,10,0,6,0,22.88,281.4,52.4,3961.7,4042.75,1074.08,1569.9337500000001
2025-06-23 11:00:00,11,0,6,0,26.83,280.1,56.5,3952.22,3961.7,910.75,1690.25125
2025-06-23 12:00:00,12,0,6,0,30.43,311.5,59.1,4129.53,3952.22,1098.61,1816.9791666666667
2025-06-23 13:00:00,13,0,6,0,33.37,335.4,60.0,4345.89,4129.53,949.41,1943.2675
2025-06-23 14:00:00,14,0,6,0,34.06,316.2,59.1,4266.36,4345.89,989.4,2084.7875
2025-06-23 15:00:00,15,0,6,0,30.73,314.2,56.5,4274.54,4266.36,1035.17,2221.3275
2025-06-23 16:00:00,16,0,6,0,29.39,313.4,52.4,4192.07,4274.54,993.09,2356.30125
2025-06-23 17:00:00,17,0,6,0,27.54,237.1,46.8,3189.2,4192.07,1076.15,2489.5920833333334
2025-06-23 18:00:00,18,0,6,0,28.01,228.4,40.2,3236.38,3189.2,925.71,2577.6358333333333
2025-06-23 19:00:00,19,0,6,0,20.61,272.9,32.8,3386.87,3236.38,919.07,2673.91375
2025-06-23 20:00:00,20,0,6,0,21.37,276.8,25.0,3370.03,3386.87,842.38,2776.73875
2025-06-23 21:00:00,21,0,6,0,18.58,225.7,25.0,3133.19,3370.03,811.69,2882.0574999999994
2025-06-23 22:00:00,22,0,6,0,15.23,250.3,25.0,3308.19,3133.19,963.67,2978.7866666666664
2025-06-23 23:00:00,23,0,6,0,12.39,169.0,25.0,2006.86,3308.19,795.65,3076.475
2025-06-24 00:00:00,0,1,6,0,11.27,118.6,25.0,1931.57,2006.86,2190.96,3126.9420833333334
2025-06-24 01:00:00,1,1,6,0,7.14,113.0,25.0,1947.88,1931.57,2139.65,3116.1341666666667
2025-06-24 02:00:00,2,1,6,0,6.03,118.7,25.0,1875.57,1947.88,1916.42,3108.1437499999997
2025-06-24 03:00:00,3,1,6,0,10.56,139.1,25.0,1937.23,1875.57,2003.81,3106.441666666667
2025-06-24 04:00:00,4,1,6,0,9.17,164.2,25.0,2066.86,1937.23,1950.71,3103.6675
2025-06-24 05:00:00,5,1,6,0,10.76,175.2,25.0,2129.59,2066.86,1879.38,3108.5070833333334
2025-06-24 06:00:00,6,1,6,0,10.34,150.5,25.0,1966.31,2129.59,2136.6,3118.9324999999994
2025-06-24 07:00:00,7,1,6,0,15.73,172.3,32.8,2089.53,1966.31,2002.51,3111.8370833333333
2025-06-24 08:00:00,8,1,6,0,20.35,355.7,40.2,4255.83,2089.53,4030.79,3115.462916666666
2025-06-24 09:00:00,9,1,6,0,21.27,317.4,46.8,4092.31,4255.83,4042.75,3124.839583333333
2025-06-24 10:00:00,10,1,6,0,24.4,280.6,52.4,3943.27,4092.31,3961.7,3126.904583333333
2025-06-24 11:00:00,11,1,6,0,29.79,292.8,56.5,4124.51,3943.27,3952.22,3126.1366666666668
2025-06-24 12:00:00,12,1,6,0,29.61,316.2,59.1,4182.94,4124.51,4129.53,3133.315416666667
2025-06-24 13:00:00,13,1,6,0,32.04,285.5,60.0,4035.3,4182.94,4345.89,3135.540833333333
2025-06-24 14:00:00,14,1,6,0,29.64,339.2,59.1,4339.21,4035.3,4266.36,3122.599583333333
2025-06-24 15:00:00,15,1,6,0,30.69,289.5,56.5,4156.02,4339.21,4274.54,3125.635
2025-06-24 16:00:00,16,1,6,0,32.97,338.9,52.4,4333.34,4156.02,4192.07,3120.6966666666667
2025-06-24 17:00:00,17,1,6,0,28.59,282.6,46.8,3473.2,4333.34,3189.2,3126.5829166666667
2025-06-24 18:00:00,18,1,6,0,26.27,250.9,40.2,3270.0,3473.2,3236.38,3138.41625
2025-06-24 19:00:00,19,1,6,0,22.82,246.6,32.8,3170.46,3270.0,3386.87,3139.8170833333334
2025-06-24 20:00:00,20,1,6,0,24.34,220.2,25.0,3128.16,3170.46,3370.03,3130.8000000000006
2025-06-24 21:00:00,21,1,6,0,17.76,237.0,25.0,3201.7,3128.16,3133.19,3120.7220833333336
2025-06-24 22:00:00,22,1,6,0,13.86,239.3,25.0,3261.93,3201.7,3308.19,3123.5766666666664
2025-06-24 23:00:00,23,1,6,0,10.99,124.1,25.0,1873.58,3261.93,2006.86,3121.6491666666666
2025-06-25 00:00:00,0,2,6,0,7.01,119.6,25.0,1798.75,1873.58,1931.57,3116.0958333333333
2025-06-25 01:00:00,1,2,6,0,6.7,131.0,25.0,1948.39,1798.75,1947.88,3110.561666666667
2025-06-25 02:00:00,2,2,6,0,9.41,164.9,25.0,1988.97,1948.39,1875.57,3110.5829166666667
2025-06-25 03:00:00,3,2,6,0,6.08,160.1,25.0,2116.09,1988.97,1937.23,3115.3079166666666
2025-06-25 04:00:00,4,2,6,0,10.28,145.2,25.0,2006.24,2116.09,2066.86,3122.7604166666665
2025-06-25 05:00:00,5,2,6,0,13.5,117.3,25.0,1860.78,2006.24,2129.59,3120.2345833333334
2025-06-25 06:00:00,6,2,6,0,12.62,140.2,25.0,1894.5,1860.78,1966.31,3109.034166666667
2025-06-25 07:00:00,7,2,6,0,16.89,152.2,32.8,2019.89,1894.5,2089.53,3106.0420833333337
2025-06-25 08:00:00,8,2,6,0,22.51,296.7,40.2,4106.6,2019.89,4255.83,3103.140416666667
2025-06-25 09:00:00,9,2,6,0,24.72,296.4,46.8,4058.41,4106.6,4092.31,3096.9225
2025-06-25 10:00:00,10,2,6,0,28.0,300.7,52.4,4065.83,4058.41,3943.27,3095.51
2025-06-25 11:00:00,11,2,6,0,29.45,316.2,56.5,4211.47,4065.83,4124.51,3100.616666666667
2025-06-25 12:00:00,12,2,6,0,28.17,333.4,59.1,4242.37,4211.47,4182.94,3104.24
2025-06-25 13:00:00,13,2,6,0,32.68,311.9,60.0,4277.04,4242.37,4035.3,3106.71625
2025-06-25 14:00:00,14,2,6,0,32.2,294.2,59.1,4130.92,4277.04,4339.21,3116.78875
2025-06-25 15:00:00,15,2,6,0,34.11,300.1,56.5,4202.25,4130.92,4156.02,3108.11
2025-06-25 16:00:00,16,2,6,0,29.32,325.0,52.4,4173.54,4202.25,4333.34,3110.0362499999997
2025-06-25 17:00:00,17,2,6,0,26.32,255.2,46.8,3292.5,4173.54,3473.2,3103.3779166666664
2025-06-25 18:00:00,18,2,6,0,27.65,215.4,40.2,3160.0,3292.5,3270.0,3095.8487499999997
2025-06-25 19:00:00,19,2,6,0,25.92,277.9,32.8,3375.26,3160.0,3170.46,3091.2654166666666
2025-06-25 20:00:00,20,2,6,0,18.32,225.4,25.0,3178.22,3375.26,3128.16,3099.7987500000004
2025-06-25 21:00:00,21,2,6,0,17.0,276.6,25.0,3326.05,3178.22,3201.7,3101.884583333334
2025-06-25 22:00:00,22,2,6,0,13.46,218.0,25.0,3139.82,3326.05,3261.93,3107.0658333333336
2025-06-25 23:00:00,23,2,6,0,8.09,155.8,25.0,2022.46,3139.82,1873.58,3101.9779166666667
2025-06-26 00:00:00,0,3,6,0,9.89,155.2,25.0,2062.77,2022.46,1798.75,3108.1812499999996
2025-06-26 01:00:00,1,3,6,0,7.56,166.5,25.0,1968.1,2062.77,1948.39,3119.182083333333
2025-06-26 02:00:00,2,3,6,0,9.47,170.8,25.0,1980.63,1968.1,1988.97,3120.0033333333336
2025-06-26 03:00:00,3,3,6,0,9.04,111.4,25.0,1817.68,1980.63,2116.09,3119.655833333333
2025-06-26 04:00:00,4,3,6,0,7.98,160.2,25.0,2060.05,1817.68,2006.24,3107.2220833333336
2025-06-26 05:00:00,5,3,6,0,11.41,141.2,25.0,1876.38,2060.05,1860.78,3109.4641666666666
2025-06-26 06:00:00,6,3,6,0,13.9,170.9,25.0,2091.54,1876.38,1894.5,3110.1141666666663
2025-06-26 07:00:00,7,3,6,0,19.41,172.3,32.8,2086.09,2091.54,2019.89,3118.3241666666668
2025-06-26 08:00:00,8,3,6,0,18.28,291.2,40.2,4019.92,2086.09,4106.6,3121.0825
2025-06-26 09:00:00,9,3,6,0,22.81,315.1,46.8,4063.53,4019.92,4058.41,3117.4708333333333
2025-06-26 10:00:00,10,3,6,0,24.49,288.0,52.4,3998.09,4063.53,4065.83,3117.6841666666664
2025-06-26 11:00:00,11,3,6,0,27.99,355.6,56.5,4306.73,3998.09,4211.47,3114.861666666667
2025-06-26 12:00:00,12,3,6,0,29.5,354.5,59.1,4327.57,4306.73,4242.37,3118.8308333333334
2025-06-26 13:00:00,13,3,6,0,31.32,307.4,60.0,4147.72,4327.57,4277.04,3122.380833333333
2025-06-26 14:00:00,14,3,6,0,28.53,333.6,59.1,4202.29,4147.72,4130.92,3116.9925
2025-06-26 15:00:00,15,3,6,0,31.01,289.5,56.5,4095.28,4202.29,4202.25,3119.96625
2025-06-26 16:00:00,16,3,6,0,30.8,344.6,52.4,4265.54,4095.28,4173.54,3115.5091666666667
2025-06-26 17:00:00,17,3,6,0,29.43,237.4,46.8,3224.08,4265.54,3292.5,3119.3425
2025-06-26 18:00:00,18,3,6,0,28.33,246.6,40.2,3219.72,3224.08,3160.0,3116.491666666667
2025-06-26 19:00:00,19,3,6,0,23.92,249.3,32.8,3146.0,3219.72,3375.26,3118.98
2025-06-26 20:00:00,20,3,6,0,19.95,263.6,25.0,3261.0,3146.0,3178.22,3109.4275
2025-06-26 21:00:00,21,3,6,0,17.27,214.6,25.0,3036.37,3261.0,3326.05,3112.8766666666666
2025-06-26 22:00:00,22,3,6,0,16.6,279.3,25.0,3265.37,3036.37,3139.82,3100.806666666667
2025-06-26 23:00:00,23,3,6,0,12.68,120.3,25.0,1934.97,3265.37,2022.46,3106.0379166666667
2025-06-27 00:00:00,0,4,6,0,10.37,173.2,25.0,2142.28,1934.97,2062.77,3102.3925000000004
2025-06-27 01:00:00,1,4,6,0,8.61,172.6,25.0,2068.38,2142.28,1968.1,3105.705416666667
2025-06-27 02:00:00,2,4,6,0,8.02,149.8,25.0,1984.96,2068.38,1980.63,3109.8837499999995
2025-06-27 03:00:00,3,4,6,0,7.49,152.7,25.0,1982.67,1984.96,1817.68,3110.064166666667
2025-06-27 04:00:00,4,4,6,0,11.32,154.8,25.0,2023.77,1982.67,2060.05,3116.93875
2025-06-27 05:00:00,5,4,6,0,10.95,134.0,25.0,1960.83,2023.77,1876.38,3115.4270833333335
2025-06-27 06:00:00,6,4,6,0,12.59,111.9,25.0,1823.67,1960.83,2091.54,3118.9458333333337
2025-06-27 07:00:00,7,4,6,0,15.93,167.4,32.8,2150.59,1823.67,2086.09,3107.7845833333336
2025-06-27 08:00:00,8,4,6,0,20.51,335.9,40.2,4127.36,2150.59,4019.92,3110.4720833333336
2025-06-27 09:00:00,9,4,6,0,26.13,348.1,46.8,4243.01,4127.36,4063.53,3114.94875
2025-06-27 10:00:00,10,4,6,0,23.77,299.8,52.4,4046.9,4243.01,3998.09,3122.4270833333335
2025-06-27 11:00:00,11,4,6,0,30.4,306.7,56.5,4045.64,4046.9,4306.73,3124.460833333333
2025-06-27 12:00:00,12,4,6,0,27.53,315.9,59.1,4141.33,4045.64,4327.57,3113.5820833333332
2025-06-27 13:00:00,13,4,6,0,33.67,292.7,60.0,4184.21,4141.33,4147.72,3105.822083333334
2025-06-27 14:00:00,14,4,6,0,32.44,293.5,59.1,4126.64,4184.21,4202.29,3107.3425
2025-06-27 15:00:00,15,4,6,0,31.62,304.4,56.5,4175.58,4126.64,4095.28,3104.1904166666664
2025-06-27 16:00:00,16,4,6,0,30.7,306.1,52.4,4081.1,4175.58,4265.54,3107.5362499999997
2025-06-27 17:00:00,17,4,6,0,28.6,216.3,46.8,3254.38,4081.1,3224.08,3099.85125
2025-06-27 18:00:00,18,4,6,0,24.81,210.8,40.2,3176.94,3254.38,3219.72,3101.11375
2025-06-27 19:00:00,19,4,6,0,23.5,250.9,32.8,3168.05,3176.94,3146.0,3099.3312499999997
2025-06-27 20:00:00,20,4,6,0,19.71,288.3,25.0,3358.7,3168.05,3261.0,3100.25
2025-06-27 21:00:00,21,4,6,0,15.9,229.4,25.0,3089.99,3358.7,3036.37,3104.320833333333
2025-06-27 22:00:00,22,4,6,0,17.2,275.4,25.0,3356.81,3089.99,3265.37,3106.5550000000003
2025-06-27 23:00:00,23,4,6,0,9.52,146.5,25.0,1984.0,3356.81,1934.97,3110.365
2025-06-28 00:00:00,0,5,6,1,11.56,39.5,7.5,850.59,1984.0,2142.28,3112.4079166666666
2025-06-28 01:00:00,1,5,6,1,8.52,50.5,7.5,952.08,850.59,2068.38,3058.5874999999996
2025-06-28 02:00:00,2,5,6,1,8.06,54.3,7.5,895.03,952.08,1984.96,3012.0750000000003
2025-06-28 03:00:00,3,5,6,1,7.63,41.6,7.5,812.69,895.03,1982.67,2966.6612499999997
2025-06-28 04:00:00,4,5,6,1,11.15,54.6,7.5,906.39,812.69,2023.77,2917.912083333333
2025-06-28 05:00:00,5,5,6,1,12.19,55.7,7.5,878.53,906.39,1960.83,2871.3545833333333
2025-06-28 06:00:00,6,5,6,1,12.57,56.7,7.5,931.53,878.53,1823.67,2826.2587499999995
2025-06-28 07:00:00,7,5,6,1,18.66,38.3,9.8,781.03,931.53,2150.59,2789.08625
2025-06-28 08:00:00,8,5,6,1,17.65,37.5,12.1,979.04,781.03,4127.36,2732.02125
2025-06-28 09:00:00,9,5,6,1,22.55,58.2,14.0,922.76,979.04,4243.01,2600.84125
2025-06-28 10:00:00,10,5,6,1,27.21,52.3,15.7,947.59,922.76,4046.9,2462.4975
2025-06-28 11:00:00,11,5,6,1,28.51,30.9,17.0,895.06,947.59,4045.64,2333.3595833333334
2025-06-28 12:00:00,12,5,6,1,31.44,27.9,17.7,1017.39,895.06,4141.33,2202.0854166666663
2025-06-28 13:00:00,13,5,6,1,30.7,56.9,18.0,1080.72,1017.39,4184.21,2071.92125
2025-06-28 14:00:00,14,5,6,1,34.08,52.0,17.7,1151.39,1080.72,4126.64,1942.6091666666664
2025-06-28 15:00:00,15,5,6,1,29.9,53.3,17.0,1138.89,1151.39,4175.58,1818.6404166666664
2025-06-28 16:00:00,16,5,6,1,29.04,45.5,15.7,957.77,1138.89,4081.1,1692.1116666666667
2025-06-28 17:00:00,17,5,6,1,28.3,44.7,14.0,963.56,957.77,3254.38,1561.9729166666666
2025-06-28 18:00:00,18,5,6,1,23.59,20.0,12.1,853.01,963.56,3176.94,1466.5220833333333
2025-06-28 19:00:00,19,5,6,1,22.71,50.1,9.8,805.23,853.01,3168.05,1369.6916666666666
2025-06-28 20:00:00,20,5,6,1,18.06,36.3,7.5,918.78,805.23,3358.7,1271.2408333333333
2025-06-28 21:00:00,21,5,6,1,16.75,58.6,7.5,978.94,918.78,3089.99,1169.5775
2025-06-28 22:00:00,22,5,6,1,15.3,41.5,7.5,925.63,978.94,3356.81,1081.6170833333333
2025-06-28 23:00:00,23,5,6,1,13.04,55.6,7.5,910.55,925.63,1984.0,980.3179166666667
2025-06-29 00:00:00,0,6,6,1,7.97,47.9,7.5,956.06,910.55,850.59,935.5908333333333
2025-06-29 01:00:00,1,6,6,1,8.16,51.4,7.5,926.19,956.06,952.08,939.9854166666668
2025-06-29 02:00:00,2,6,6,1,5.67,45.0,7.5,885.63,926.19,895.03,938.9066666666666
2025-06-29 03:00:00,3,6,6,1,7.5,35.3,7.5,863.91,885.63,812.69,938.515
2025-06-29 04:00:00,4,6,6,1,8.33,44.1,7.5,910.28,863.91,906.39,940.6491666666666
2025-06-29 05:00:00,5,6,6,1,12.03,20.5,7.5,782.72,910.28,878.53,940.8112499999999
2025-06-29 06:00:00,6,6,6,1,15.14,20.9,7.5,763.85,782.72,931.53,936.8191666666667
2025-06-29 07:00:00,7,6,6,1,17.95,43.4,9.8,921.52,763.85,781.03,929.8325
2025-06-29 08:00:00,8,6,6,1,19.64,22.0,12.1,819.33,921.52,979.04,935.6862499999999
2025-06-29 09:00:00,9,6,6,1,21.54,42.1,14.0,900.59,819.33,922.76,929.0316666666668
2025-06-29 10:00:00,10,6,6,1,24.95,59.0,15.7,960.68,900.59,947.59,928.1079166666667
2025-06-29 11:00:00,11,6,6,1,31.0,57.5,17.0,1097.13,960.68,895.06,928.6533333333333
2025-06-29 12:00:00,12,6,6,1,30.05,41.0,17.7,906.92,1097.13,1017.39,937.0729166666666
2025-06-29 13:00:00,13,6,6,1,30.38,23.1,18.0,992.68,906.92,1080.72,932.4699999999999
2025-06-29 14:00:00,14,6,6,1,31.46,30.9,17.7,1023.06,992.68,1151.39,928.8016666666667
2025-06-29 15:00:00,15,6,6,1,32.47,42.6,17.0,975.3,1023.06,1138.89,923.4545833333335
2025-06-29 16:00:00,16,6,6,1,33.72,20.5,15.7,964.99,975.3,957.77,916.6383333333333
2025-06-29 17:00:00,17,6,6,1,30.5,56.7,14.0,1025.53,964.99,963.56,916.9391666666667
2025-06-29 18:00:00,18,6,6,1,25.75,43.9,12.1,949.94,1025.53,853.01,919.5212500000001
2025-06-29 19:00:00,19,6,6,1,22.88,32.8,9.8,894.56,949.94,805.23,923.56
2025-06-29 20:00:00,20,6,6,1,18.14,20.2,7.5,779.12,894.56,918.78,927.2820833333334
2025-06-29 21:00:00,21,6,6,1,16.68,45.0,7.5,981.71,779.12,978.94,921.4629166666667
2025-06-29 22:00:00,22,6,6,1,15.46,21.6,7.5,822.11,981.71,925.63,921.5783333333334
2025-06-29 23:00:00,23,6,6,1,10.83,48.8,7.5,928.11,822.11,910.55,917.265
